,date,home_team,away_team,home_point,away_point,serve_right,team,skill,player_num,player_name,trainsition,set,url_id,point,challange,timeout,in_player_num,in_player_name,out_player_num,out_player_name
0,20230409,久光,NEC,0,0,*,a,サーブ,18,ウィルハイト,0,1,3361,,,,,,,
1,20230409,久光,NEC,0,0,*,*,レシーブ失敗,6,石井,1,1,3361,,,,,,,
2,20230409,久光,NEC,0,0,*,*,アタック,21,中島,1,1,3361,,,,,,,
3,20230409,久光,NEC,0,0,*,a,アタック,18,ウィルハイト,2,1,3361,,,,,,,
4,20230409,久光,NEC,0,0,*,*,アタック,21,中島,3,1,3361,,,,,,,
5,20230409,久光,NEC,0,0,*,a,アタック,12,山内,4,1,3361,,,,,,,
6,20230409,久光,NEC,0,0,*,*,アタック失敗,21,中島,5,1,3361,,,,,,,
7,20230409,久光,NEC,0,1,a,a,,,,5,1,3361,得点,,,,,,
8,20230409,久光,NEC,0,1,a,a,サーブ,18,ウィルハイト,0,1,3361,,,,,,,
9,20230409,久光,NEC,0,1,a,*,レシーブ成功(優),6,石井,1,1,3361,,,,,,,
10,20230409,久光,NEC,0,1,a,*,アタック成功,7,ファンヘッケ,1,1,3361,,,,,,,
11,20230409,久光,NEC,1,1,*,*,,,,1,1,3361,得点,,,,,,
12,20230409,久光,NEC,1,1,*,*,サーブ,21,中島,0,1,3361,,,,,,,
13,20230409,久光,NEC,1,1,*,a,レシーブ成功(良),18,ウィルハイト,1,1,3361,,,,,,,
14,20230409,久光,NEC,1,1,*,a,アタック成功,2,古賀,1,1,3361,,,,,,,
15,20230409,久光,NEC,1,2,a,a,,,,1,1,3361,得点,,,,,,
16,20230409,久光,NEC,1,2,a,a,サーブ,6,上野,0,1,3361,,,,,,,
17,20230409,久光,NEC,1,2,a,*,レシーブ成功(優),24,西村,1,1,3361,,,,,,,
18,20230409,久光,NEC,1,2,a,*,アタック成功,6,石井,1,1,3361,,,,,,,
19,20230409,久光,NEC,2,2,*,*,,,,1,1,3361,得点,,,,,,
20,20230409,久光,NEC,2,2,*,*,サーブ,20,荒木,0,1,3361,,,,,,,
21,20230409,久光,NEC,2,2,*,a,レシーブ成功(良),2,古賀,1,1,3361,,,,,,,
22,20230409,久光,NEC,2,2,*,a,アタック,12,山内,1,1,3361,,,,,,,
23,20230409,久光,NEC,2,2,*,a,アタック,2,古賀,2,1,3361,,,,,,,
24,20230409,久光,NEC,2,2,*,a,アタック成功,12,山内,3,1,3361,,,,,,,
25,20230409,久光,NEC,2,3,a,a,,,,3,1,3361,得点,,,,,,
26,20230409,久光,NEC,2,3,a,a,サーブ,12,山内,0,1,3361,,,,,,,
27,20230409,久光,NEC,2,3,a,*,レシーブ成功(優),6,石井,1,1,3361,,,,,,,
28,20230409,久光,NEC,2,3,a,*,アタック成功,6,石井,1,1,3361,,,,,,,
29,20230409,久光,NEC,3,3,*,*,,,,1,1,3361,得点,,,,,,
30,20230409,久光,NEC,3,3,*,*,サーブ,7,ファンヘッケ,0,1,3361,,,,,,,
31,20230409,久光,NEC,3,3,*,a,レシーブ成功(優),16,小島,1,1,3361,,,,,,,
32,20230409,久光,NEC,3,3,*,a,アタック成功,1,島村,1,1,3361,,,,,,,
33,20230409,久光,NEC,3,4,a,a,,,,1,1,3361,得点,,,,,,
34,20230409,久光,NEC,3,4,a,a,サーブ,2,古賀,0,1,3361,,,,,,,
35,20230409,久光,NEC,3,4,a,*,レシーブ成功(優),6,石井,1,1,3361,,,,,,,
36,20230409,久光,NEC,3,4,a,*,アタック,6,石井,1,1,3361,,,,,,,
37,20230409,久光,NEC,3,4,a,a,アタック,18,ウィルハイト,2,1,3361,,,,,,,
38,20230409,久光,NEC,3,4,a,*,アタック失敗,4,濱松,3,1,3361,,,,,,,
39,20230409,久光,NEC,3,4,a,*,,,,3,1,3361,,チャレンジ失敗,,,,,
40,20230409,久光,NEC,3,5,a,a,,,,3,1,3361,得点,,,,,,
41,20230409,久光,NEC,3,5,a,a,サーブ,2,古賀,0,1,3361,,,,,,,
42,20230409,久光,NEC,3,5,a,*,レシーブ成功(優),6,石井,1,1,3361,,,,,,,
43,20230409,久光,NEC,3,5,a,*,アタック成功,6,石井,1,1,3361,,,,,,,
44,20230409,久光,NEC,4,5,*,*,,,,1,1,3361,得点,,,,,,
45,20230409,久光,NEC,4,5,*,*,サーブ,6,石井,0,1,3361,,,,,,,
46,20230409,久光,NEC,4,5,*,a,レシーブ成功(優),16,小島,1,1,3361,,,,,,,
47,20230409,久光,NEC,4,5,*,a,アタック成功,1,島村,1,1,3361,,,,,,,
48,20230409,久光,NEC,4,6,a,a,,,,1,1,3361,得点,,,,,,
49,20230409,久光,NEC,4,6,a,a,サーブ,1,島村,0,1,3361,,,,,,,
50,20230409,久光,NEC,4,6,a,*,レシーブ成功(良),6,石井,1,1,3361,,,,,,,
51,20230409,久光,NEC,4,6,a,*,アタック成功,21,中島,1,1,3361,,,,,,,
52,20230409,久光,NEC,5,6,*,*,,,,1,1,3361,得点,,,,,,
53,20230409,久光,NEC,5,6,*,*,サーブ,4,濱松,0,1,3361,,,,,,,
54,20230409,久光,NEC,5,6,*,a,レシーブ失敗,18,ウィルハイト,1,1,3361,,,,,,,
55,20230409,久光,NEC,5,6,*,a,アタック,6,上野,1,1,3361,,,,,,,
56,20230409,久光,NEC,5,6,*,*,アタック,7,ファンヘッケ,2,1,3361,,,,,,,
57,20230409,久光,NEC,5,6,*,a,アタック成功,18,ウィルハイト,3,1,3361,,,,,,,
58,20230409,久光,NEC,5,7,a,a,,,,3,1,3361,得点,,,,,,
59,20230409,久光,NEC,5,7,a,a,サーブ,10,澤田,0,1,3361,,,,,,,
60,20230409,久光,NEC,5,7,a,*,レシーブ成功(優),21,中島,1,1,3361,,,,,,,
61,20230409,久光,NEC,5,7,a,*,アタック失敗,7,ファンヘッケ,1,1,3361,,,,,,,
62,20230409,久光,NEC,5,8,a,a,,,,1,1,3361,得点,,,,,,
63,20230409,久光,NEC,5,8,a,a,サーブ,10,澤田,0,1,3361,,,,,,,
64,20230409,久光,NEC,5,8,a,*,レシーブ成功(優),21,中島,1,1,3361,,,,,,,
65,20230409,久光,NEC,5,8,a,*,アタック,21,中島,1,1,3361,,,,,,,
66,20230409,久光,NEC,5,8,a,*,その他ミス,11,栄,2,1,3361,,,,,,,
67,20230409,久光,NEC,5,9,a,a,,,,2,1,3361,得点,,,,,,
68,20230409,久光,NEC,5,9,a,*,,,,0,1,3361,,,タイムアウト,,,,
69,20230409,久光,NEC,5,9,a,a,サーブ,10,澤田,0,1,3361,,,,,,,
70,20230409,久光,NEC,5,9,a,*,レシーブ失敗,6,石井,1,1,3361,,,,,,,
71,20230409,久光,NEC,5,9,a,*,アタック,21,中島,1,1,3361,,,,,,,
72,20230409,久光,NEC,5,9,a,a,アタック成功,6,上野,2,1,3361,,,,,,,
73,20230409,久光,NEC,5,10,a,a,,,,2,1,3361,得点,,,,,,
74,20230409,久光,NEC,5,10,a,a,サーブ,10,澤田,0,1,3361,,,,,,,
75,20230409,久光,NEC,5,10,a,*,レシーブ成功(良),21,中島,1,1,3361,,,,,,,
76,20230409,久光,NEC,5,10,a,*,アタック,21,中島,1,1,3361,,,,,,,
77,20230409,久光,NEC,5,10,a,*,アタック,21,中島,2,1,3361,,,,,,,
78,20230409,久光,NEC,5,10,a,a,アタック失敗,2,古賀,3,1,3361,,,,,,,
79,20230409,久光,NEC,6,10,*,*,,,,3,1,3361,得点,,,,,,
80,20230409,久光,NEC,6,10,*,*,サーブ,11,栄,0,1,3361,,,,,,,
81,20230409,久光,NEC,6,10,*,a,レシーブ失敗,18,ウィルハイト,1,1,3361,,,,,,,
82,20230409,久光,NEC,6,10,*,a,アタック,6,上野,1,1,3361,,,,,,,
83,20230409,久光,NEC,6,10,*,*,ブロック成功,20,荒木,2,1,3361,,,,,,,
84,20230409,久光,NEC,7,10,*,*,,,,2,1,3361,得点,,,,,,
85,20230409,久光,NEC,7,10,*,*,サーブ,11,栄,0,1,3361,,,,,,,
86,20230409,久光,NEC,7,10,*,a,レシーブ成功(良),18,ウィルハイト,1,1,3361,,,,,,,
87,20230409,久光,NEC,7,10,*,a,アタック成功,6,上野,1,1,3361,,,,,,,
88,20230409,久光,NEC,7,11,a,a,,,,1,1,3361,得点,,,,,,
89,20230409,久光,NEC,7,11,a,a,サーブ,18,ウィルハイト,0,1,3361,,,,,,,
90,20230409,久光,NEC,7,11,a,*,レシーブ失敗,21,中島,1,1,3361,,,,,,,
91,20230409,久光,NEC,7,11,a,*,アタック,21,中島,1,1,3361,,,,,,,
92,20230409,久光,NEC,7,11,a,*,アタック,7,ファンヘッケ,2,1,3361,,,,,,,
93,20230409,久光,NEC,7,11,a,a,アタック,6,上野,3,1,3361,,,,,,,
94,20230409,久光,NEC,7,11,a,a,アタック成功,2,古賀,4,1,3361,,,,,,,
95,20230409,久光,NEC,7,12,a,a,,,,4,1,3361,得点,,,,,,
96,20230409,久光,NEC,7,12,a,a,,,,0,1,3361,,,,,,,
97,20230409,久光,NEC,7,12,a,a,サーブ,18,ウィルハイト,0,1,3361,,,,,,,
98,20230409,久光,NEC,7,12,a,*,レシーブ失敗,6,石井,1,1,3361,,,,,,,
99,20230409,久光,NEC,7,12,a,*,アタック失敗,21,中島,1,1,3361,,,,,,,
100,20230409,久光,NEC,7,13,a,a,,,,1,1,3361,得点,,,,,,
101,20230409,久光,NEC,7,13,a,a,サーブ,18,ウィルハイト,0,1,3361,,,,,,,
102,20230409,久光,NEC,7,13,a,*,レシーブ成功(良),6,石井,1,1,3361,,,,,,,
103,20230409,久光,NEC,7,13,a,*,アタック,7,ファンヘッケ,1,1,3361,,,,,,,
104,20230409,久光,NEC,7,13,a,*,アタック成功,20,荒木,2,1,3361,,,,,,,
105,20230409,久光,NEC,8,13,*,*,,,,2,1,3361,得点,,,,,,
106,20230409,久光,NEC,8,13,*,*,サーブ,21,中島,0,1,3361,,,,,,,
107,20230409,久光,NEC,8,13,*,a,レシーブ失敗,18,ウィルハイト,1,1,3361,,,,,,,
108,20230409,久光,NEC,8,13,*,*,アタック,7,ファンヘッケ,1,1,3361,,,,,,,
109,20230409,久光,NEC,8,13,*,a,ブロック成功,2,古賀,2,1,3361,,,,,,,
110,20230409,久光,NEC,8,14,a,a,,,,2,1,3361,得点,,,,,,
111,20230409,久光,NEC,8,14,a,*,,,,0,1,3361,,,,IN:18,戸江,OUT:21,中島
112,20230409,久光,NEC,8,14,a,a,サーブ,6,上野,0,1,3361,,,,,,,
113,20230409,久光,NEC,8,14,a,*,レシーブ成功(良),18,戸江,1,1,3361,,,,,,,
114,20230409,久光,NEC,8,14,a,*,アタック,20,荒木,1,1,3361,,,,,,,
115,20230409,久光,NEC,8,14,a,a,アタック成功,12,山内,2,1,3361,,,,,,,
116,20230409,久光,NEC,8,15,a,a,,,,2,1,3361,得点,,,,,,
117,20230409,久光,NEC,8,15,a,*,,,,0,1,3361,,,タイムアウト,,,,
118,20230409,久光,NEC,8,15,a,a,サーブ,6,上野,0,1,3361,,,,,,,
119,20230409,久光,NEC,8,15,a,*,レシーブ成功(優),18,戸江,1,1,3361,,,,,,,
120,20230409,久光,NEC,8,15,a,*,アタック成功,20,荒木,1,1,3361,,,,,,,
121,20230409,久光,NEC,9,15,*,*,,,,1,1,3361,得点,,,,,,
122,20230409,久光,NEC,9,15,*,*,サーブ,20,荒木,0,1,3361,,,,,,,
123,20230409,久光,NEC,9,15,*,a,レシーブ成功(優),12,山内,1,1,3361,,,,,,,
124,20230409,久光,NEC,9,15,*,a,アタック成功,2,古賀,1,1,3361,,,,,,,
125,20230409,久光,NEC,9,16,a,a,,,,1,1,3361,得点,,,,,,
126,20230409,久光,NEC,9,16,a,a,サーブ,12,山内,0,1,3361,,,,,,,
127,20230409,久光,NEC,9,16,a,*,レシーブ成功(良),6,石井,1,1,3361,,,,,,,
128,20230409,久光,NEC,9,16,a,*,アタック成功,7,ファンヘッケ,1,1,3361,,,,,,,
129,20230409,久光,NEC,10,16,*,*,,,,1,1,3361,得点,,,,,,
130,20230409,久光,NEC,10,16,*,*,,,,0,1,3361,,,,IN:1,長岡,OUT:11,栄
131,20230409,久光,NEC,10,16,*,*,,,,0,1,3361,,,,IN:2,井上,OUT:7,ファンヘッケ
132,20230409,久光,NEC,10,16,*,*,サーブ,2,井上,0,1,3361,,,,,,,
133,20230409,久光,NEC,10,16,*,a,レシーブ成功(良),2,古賀,1,1,3361,,,,,,,
134,20230409,久光,NEC,10,16,*,a,アタック成功,1,島村,1,1,3361,,,,,,,
135,20230409,久光,NEC,10,17,a,a,,,,1,1,3361,得点,,,,,,
136,20230409,久光,NEC,10,17,a,a,,,,0,1,3361,,,,IN:22,中川,OUT:12,山内
137,20230409,久光,NEC,10,17,a,a,,,,0,1,3361,,,,IN:21,廣田,OUT:10,澤田
138,20230409,久光,NEC,10,17,a,a,サーブ,2,古賀,0,1,3361,,,,,,,
139,20230409,久光,NEC,10,17,a,*,レシーブ成功(良),6,石井,1,1,3361,,,,,,,
140,20230409,久光,NEC,10,17,a,*,アタック,4,濱松,1,1,3361,,,,,,,
141,20230409,久光,NEC,10,17,a,a,ブロック成功,1,島村,2,1,3361,,,,,,,
142,20230409,久光,NEC,10,18,a,a,,,,2,1,3361,得点,,,,,,
143,20230409,久光,NEC,10,18,a,a,サーブ,2,古賀,0,1,3361,,,,,,,
144,20230409,久光,NEC,10,18,a,*,レシーブ成功(優),18,戸江,1,1,3361,,,,,,,
145,20230409,久光,NEC,10,18,a,*,アタック成功,1,長岡,1,1,3361,,,,,,,
146,20230409,久光,NEC,11,18,*,*,,,,1,1,3361,得点,,,,,,
147,20230409,久光,NEC,11,18,*,*,,,,0,1,3361,,,,IN:21,中島,OUT:18,戸江
148,20230409,久光,NEC,11,18,*,*,サーブ,6,石井,0,1,3361,,,,,,,
149,20230409,久光,NEC,11,18,*,a,レシーブ成功(優),2,古賀,1,1,3361,,,,,,,
150,20230409,久光,NEC,11,18,*,a,アタック成功,21,廣田,1,1,3361,,,,,,,
151,20230409,久光,NEC,11,19,a,a,,,,1,1,3361,得点,,,,,,
152,20230409,久光,NEC,11,19,a,a,サーブ,1,島村,0,1,3361,,,,,,,
153,20230409,久光,NEC,11,19,a,*,レシーブ成功(優),1,長岡,1,1,3361,,,,,,,
154,20230409,久光,NEC,11,19,a,*,アタック,21,中島,1,1,3361,,,,,,,
155,20230409,久光,NEC,11,19,a,a,アタック,18,ウィルハイト,2,1,3361,,,,,,,
156,20230409,久光,NEC,11,19,a,*,アタック,21,中島,3,1,3361,,,,,,,
157,20230409,久光,NEC,11,19,a,a,アタック成功,18,ウィルハイト,4,1,3361,,,,,,,
158,20230409,久光,NEC,11,20,a,a,,,,4,1,3361,得点,,,,,,
159,20230409,久光,NEC,11,20,a,a,サーブ,1,島村,0,1,3361,,,,,,,
160,20230409,久光,NEC,11,20,a,*,レシーブ成功(良),6,石井,1,1,3361,,,,,,,
161,20230409,久光,NEC,11,20,a,*,アタック成功,21,中島,1,1,3361,,,,,,,
162,20230409,久光,NEC,12,20,*,*,,,,1,1,3361,得点,,,,,,
163,20230409,久光,NEC,12,20,*,*,サーブ,4,濱松,0,1,3361,,,,,,,
164,20230409,久光,NEC,12,20,*,a,レシーブ成功(優),2,古賀,1,1,3361,,,,,,,
165,20230409,久光,NEC,12,20,*,a,アタック成功,21,廣田,1,1,3361,,,,,,,
166,20230409,久光,NEC,12,21,a,a,,,,1,1,3361,得点,,,,,,
167,20230409,久光,NEC,12,21,a,a,,,,0,1,3361,,,,IN:10,澤田,OUT:21,廣田
168,20230409,久光,NEC,12,21,a,a,,,,0,1,3361,,,,IN:12,山内,OUT:22,中川
169,20230409,久光,NEC,12,21,a,a,サーブ,10,澤田,0,1,3361,,,,,,,
170,20230409,久光,NEC,12,21,a,*,レシーブ成功(優),20,荒木,1,1,3361,,,,,,,
171,20230409,久光,NEC,12,21,a,*,アタック失敗,1,長岡,1,1,3361,,,,,,,
172,20230409,久光,NEC,12,22,a,a,,,,1,1,3361,得点,,,,,,
173,20230409,久光,NEC,12,22,a,a,サーブ,10,澤田,0,1,3361,,,,,,,
174,20230409,久光,NEC,12,22,a,*,レシーブ成功(優),20,荒木,1,1,3361,,,,,,,
175,20230409,久光,NEC,12,22,a,*,アタック成功,20,荒木,1,1,3361,,,,,,,
176,20230409,久光,NEC,13,22,*,*,,,,1,1,3361,得点,,,,,,
177,20230409,久光,NEC,13,22,*,*,,,,0,1,3361,,,,IN:11,栄,OUT:1,長岡
178,20230409,久光,NEC,13,22,*,*,,,,0,1,3361,,,,IN:7,ファンヘッケ,OUT:2,井上
179,20230409,久光,NEC,13,22,*,*,サーブ,11,栄,0,1,3361,,,,,,,
180,20230409,久光,NEC,13,22,*,a,レシーブ失敗,18,ウィルハイト,1,1,3361,,,,,,,
181,20230409,久光,NEC,13,22,*,a,アタック成功,18,ウィルハイト,1,1,3361,,,,,,,
182,20230409,久光,NEC,13,23,a,a,,,,1,1,3361,得点,,,,,,
183,20230409,久光,NEC,13,23,a,a,,,,0,1,3361,,,,IN:20,井上,OUT:18,ウィルハイト
184,20230409,久光,NEC,13,23,a,a,サーブ,20,井上,0,1,3361,,,,,,,
185,20230409,久光,NEC,13,23,a,*,レシーブ失敗,21,中島,1,1,3361,,,,,,,
186,20230409,久光,NEC,13,23,a,a,ブロック成功,12,山内,1,1,3361,,,,,,,
187,20230409,久光,NEC,13,24,a,a,,,,1,1,3361,得点,,,,,,
188,20230409,久光,NEC,13,24,a,a,サーブ,20,井上,0,1,3361,,,,,,,
189,20230409,久光,NEC,13,24,a,*,レシーブ成功(優),21,中島,1,1,3361,,,,,,,
190,20230409,久光,NEC,13,24,a,*,アタック,20,荒木,1,1,3361,,,,,,,
191,20230409,久光,NEC,13,24,a,*,アタック,7,ファンヘッケ,2,1,3361,,,,,,,
192,20230409,久光,NEC,13,24,a,a,アタック成功,2,古賀,3,1,3361,,,,,,,
193,20230409,久光,NEC,13,25,a,a,,,,3,1,3361,得点,,,,,,
194,20230409,久光,NEC,0,0,*,*,サーブ,11,栄,0,2,3361,,,,,,,
195,20230409,久光,NEC,0,0,*,a,レシーブ失敗,18,ウィルハイト,1,2,3361,,,,,,,
196,20230409,久光,NEC,0,0,*,a,アタック,12,山内,1,2,3361,,,,,,,
197,20230409,久光,NEC,0,0,*,a,アタック,12,山内,2,2,3361,,,,,,,
198,20230409,久光,NEC,0,0,*,a,アタック成功,2,古賀,3,2,3361,,,,,,,
199,20230409,久光,NEC,0,1,a,a,,,,3,2,3361,得点,,,,,,
200,20230409,久光,NEC,0,1,a,a,サーブ,6,上野,0,2,3361,,,,,,,
201,20230409,久光,NEC,0,1,a,*,レシーブ失敗,21,中島,1,2,3361,,,,,,,
202,20230409,久光,NEC,0,1,a,*,アタック,7,ファンヘッケ,1,2,3361,,,,,,,
203,20230409,久光,NEC,0,1,a,a,アタック,2,古賀,2,2,3361,,,,,,,
204,20230409,久光,NEC,0,1,a,a,アタック成功,2,古賀,3,2,3361,,,,,,,
205,20230409,久光,NEC,0,2,a,a,,,,3,2,3361,得点,,,,,,
206,20230409,久光,NEC,0,2,a,a,サーブミス,6,上野,0,2,3361,,,,,,,
207,20230409,久光,NEC,1,2,*,*,,,,0,2,3361,得点,,,,,,
208,20230409,久光,NEC,1,2,*,*,サーブ,21,中島,0,2,3361,,,,,,,
209,20230409,久光,NEC,1,2,*,a,レシーブ成功(優),2,古賀,1,2,3361,,,,,,,
210,20230409,久光,NEC,1,2,*,a,アタック,12,山内,1,2,3361,,,,,,,
211,20230409,久光,NEC,1,2,*,a,アタック成功,12,山内,2,2,3361,,,,,,,
212,20230409,久光,NEC,1,3,a,a,,,,2,2,3361,得点,,,,,,
213,20230409,久光,NEC,1,3,a,a,サーブ,12,山内,0,2,3361,,,,,,,
214,20230409,久光,NEC,1,3,a,*,レシーブ成功(優),21,中島,1,2,3361,,,,,,,
215,20230409,久光,NEC,1,3,a,*,アタック成功,6,石井,1,2,3361,,,,,,,
216,20230409,久光,NEC,2,3,*,*,,,,1,2,3361,得点,,,,,,
217,20230409,久光,NEC,2,3,*,*,サーブ,20,荒木,0,2,3361,,,,,,,
218,20230409,久光,NEC,2,3,*,a,レシーブ成功(優),16,小島,1,2,3361,,,,,,,
219,20230409,久光,NEC,2,3,*,a,アタック失敗,10,澤田,1,2,3361,,,,,,,
220,20230409,久光,NEC,3,3,*,*,,,,1,2,3361,得点,,,,,,
221,20230409,久光,NEC,3,3,*,*,サーブ,20,荒木,0,2,3361,,,,,,,
222,20230409,久光,NEC,3,3,*,a,レシーブ成功(良),16,小島,1,2,3361,,,,,,,
223,20230409,久光,NEC,3,3,*,a,アタック成功,1,島村,1,2,3361,,,,,,,
224,20230409,久光,NEC,3,4,a,a,,,,1,2,3361,得点,,,,,,
225,20230409,久光,NEC,3,4,a,a,サーブ,2,古賀,0,2,3361,,,,,,,
226,20230409,久光,NEC,3,4,a,*,レシーブ失敗,21,中島,1,2,3361,,,,,,,
227,20230409,久光,NEC,3,4,a,*,アタック成功,7,ファンヘッケ,1,2,3361,,,,,,,
228,20230409,久光,NEC,4,4,*,*,,,,1,2,3361,得点,,,,,,
229,20230409,久光,NEC,4,4,*,*,サーブ,7,ファンヘッケ,0,2,3361,,,,,,,
230,20230409,久光,NEC,4,4,*,a,レシーブ失敗,16,小島,1,2,3361,,,,,,,
231,20230409,久光,NEC,4,4,*,a,アタック成功,18,ウィルハイト,1,2,3361,,,,,,,
232,20230409,久光,NEC,4,5,a,a,,,,1,2,3361,得点,,,,,,
233,20230409,久光,NEC,4,5,a,a,サーブ,1,島村,0,2,3361,,,,,,,
234,20230409,久光,NEC,4,5,a,*,レシーブ成功(良),6,石井,1,2,3361,,,,,,,
235,20230409,久光,NEC,4,5,a,*,アタック成功,8,平山,1,2,3361,,,,,,,
236,20230409,久光,NEC,5,5,*,*,,,,1,2,3361,得点,,,,,,
237,20230409,久光,NEC,5,5,*,*,サーブ,6,石井,0,2,3361,,,,,,,
238,20230409,久光,NEC,5,5,*,a,レシーブ成功(良),18,ウィルハイト,1,2,3361,,,,,,,
239,20230409,久光,NEC,5,5,*,a,アタック成功,2,古賀,1,2,3361,,,,,,,
240,20230409,久光,NEC,5,6,a,a,,,,1,2,3361,得点,,,,,,
241,20230409,久光,NEC,5,6,a,a,サーブ,10,澤田,0,2,3361,,,,,,,
242,20230409,久光,NEC,5,6,a,*,レシーブ成功(優),21,中島,1,2,3361,,,,,,,
243,20230409,久光,NEC,5,6,a,*,アタック,8,平山,1,2,3361,,,,,,,
244,20230409,久光,NEC,5,6,a,a,アタック,18,ウィルハイト,2,2,3361,,,,,,,
245,20230409,久光,NEC,5,6,a,*,アタック成功,8,平山,3,2,3361,,,,,,,
246,20230409,久光,NEC,6,6,*,*,,,,3,2,3361,得点,,,,,,
247,20230409,久光,NEC,6,6,*,*,サーブ,8,平山,0,2,3361,,,,,,,
248,20230409,久光,NEC,6,6,*,a,レシーブ失敗,2,古賀,1,2,3361,,,,,,,
249,20230409,久光,NEC,6,6,*,a,アタック,12,山内,1,2,3361,,,,,,,
250,20230409,久光,NEC,6,6,*,*,アタック,21,中島,2,2,3361,,,,,,,
251,20230409,久光,NEC,6,6,*,a,アタック,18,ウィルハイト,3,2,3361,,,,,,,
252,20230409,久光,NEC,6,6,*,*,アタック成功,21,中島,4,2,3361,,,,,,,
253,20230409,久光,NEC,7,6,*,*,,,,4,2,3361,得点,,,,,,
254,20230409,久光,NEC,7,6,*,*,サーブ,8,平山,0,2,3361,,,,,,,
255,20230409,久光,NEC,7,6,*,a,レシーブ失敗,18,ウィルハイト,1,2,3361,,,,,,,
256,20230409,久光,NEC,7,6,*,a,アタック,12,山内,1,2,3361,,,,,,,
257,20230409,久光,NEC,7,6,*,*,アタック成功,21,中島,2,2,3361,,,,,,,
258,20230409,久光,NEC,8,6,*,*,,,,2,2,3361,得点,,,,,,
259,20230409,久光,NEC,8,6,*,*,サーブ,8,平山,0,2,3361,,,,,,,
260,20230409,久光,NEC,8,6,*,a,レシーブ成功(良),2,古賀,1,2,3361,,,,,,,
261,20230409,久光,NEC,8,6,*,a,アタック,18,ウィルハイト,1,2,3361,,,,,,,
262,20230409,久光,NEC,8,6,*,*,アタック,21,中島,2,2,3361,,,,,,,
263,20230409,久光,NEC,8,6,*,a,アタック,12,山内,3,2,3361,,,,,,,
264,20230409,久光,NEC,8,6,*,*,アタック成功,6,石井,4,2,3361,,,,,,,
265,20230409,久光,NEC,9,6,*,*,,,,4,2,3361,得点,,,,,,
266,20230409,久光,NEC,9,6,*,a,,,,0,2,3361,,,タイムアウト,,,,
267,20230409,久光,NEC,9,6,*,*,サーブ,8,平山,0,2,3361,,,,,,,
268,20230409,久光,NEC,9,6,*,a,レシーブ失敗,2,古賀,1,2,3361,,,,,,,
269,20230409,久光,NEC,9,6,*,a,アタック,18,ウィルハイト,1,2,3361,,,,,,,
270,20230409,久光,NEC,9,6,*,a,アタック成功,12,山内,2,2,3361,,,,,,,
271,20230409,久光,NEC,9,7,a,a,,,,2,2,3361,得点,,,,,,
272,20230409,久光,NEC,9,7,a,a,サービスエース,18,ウィルハイト,0,2,3361,,,,,,,
273,20230409,久光,NEC,9,7,a,*,レシーブ失敗,21,中島,0,2,3361,,,,,,,
274,20230409,久光,NEC,9,8,a,a,,,,0,2,3361,得点,,,,,,
275,20230409,久光,NEC,9,8,a,a,サーブ,18,ウィルハイト,0,2,3361,,,,,,,
276,20230409,久光,NEC,9,8,a,*,レシーブ失敗,6,石井,1,2,3361,,,,,,,
277,20230409,久光,NEC,9,8,a,*,アタック,7,ファンヘッケ,1,2,3361,,,,,,,
278,20230409,久光,NEC,9,8,a,a,アタック成功,2,古賀,2,2,3361,,,,,,,
279,20230409,久光,NEC,9,9,a,a,,,,2,2,3361,得点,,,,,,
280,20230409,久光,NEC,9,9,a,a,サービスエース,18,ウィルハイト,0,2,3361,,,,,,,
281,20230409,久光,NEC,9,9,a,*,レシーブ失敗,6,石井,0,2,3361,,,,,,,
282,20230409,久光,NEC,9,10,a,a,,,,0,2,3361,得点,,,,,,
283,20230409,久光,NEC,9,10,a,*,,,,0,2,3361,,,タイムアウト,,,,
284,20230409,久光,NEC,9,10,a,a,サーブ,18,ウィルハイト,0,2,3361,,,,,,,
285,20230409,久光,NEC,9,10,a,*,レシーブ成功(良),6,石井,1,2,3361,,,,,,,
286,20230409,久光,NEC,9,10,a,*,アタック失敗,7,ファンヘッケ,1,2,3361,,,,,,,
287,20230409,久光,NEC,9,11,a,a,,,,1,2,3361,得点,,,,,,
288,20230409,久光,NEC,9,11,a,a,サーブ,18,ウィルハイト,0,2,3361,,,,,,,
289,20230409,久光,NEC,9,11,a,*,レシーブ失敗,6,石井,1,2,3361,,,,,,,
290,20230409,久光,NEC,9,11,a,a,アタック,2,古賀,1,2,3361,,,,,,,
291,20230409,久光,NEC,9,11,a,a,アタック成功,2,古賀,2,2,3361,,,,,,,
292,20230409,久光,NEC,9,12,a,a,,,,2,2,3361,得点,,,,,,
293,20230409,久光,NEC,9,12,a,a,,,,0,2,3361,,,,,,,
294,20230409,久光,NEC,9,12,a,a,サーブ,18,ウィルハイト,0,2,3361,,,,,,,
295,20230409,久光,NEC,9,12,a,*,レシーブ失敗,6,石井,1,2,3361,,,,,,,
296,20230409,久光,NEC,9,12,a,*,アタック,21,中島,1,2,3361,,,,,,,
297,20230409,久光,NEC,9,12,a,*,アタック,20,荒木,2,2,3361,,,,,,,
298,20230409,久光,NEC,9,12,a,a,ブロック成功,2,古賀,3,2,3361,,,,,,,
299,20230409,久光,NEC,9,13,a,a,,,,3,2,3361,得点,,,,,,
300,20230409,久光,NEC,9,13,a,*,,,,0,2,3361,,,,IN:3,中川,OUT:21,中島
301,20230409,久光,NEC,9,13,a,a,サーブ,18,ウィルハイト,0,2,3361,,,,,,,
302,20230409,久光,NEC,9,13,a,*,レシーブ成功(良),3,中川,1,2,3361,,,,,,,
303,20230409,久光,NEC,9,13,a,*,アタック成功,3,中川,1,2,3361,,,,,,,
304,20230409,久光,NEC,10,13,*,*,,,,1,2,3361,得点,,,,,,
305,20230409,久光,NEC,10,13,*,*,サーブ,11,栄,0,2,3361,,,,,,,
306,20230409,久光,NEC,10,13,*,a,レシーブ失敗,16,小島,1,2,3361,,,,,,,
307,20230409,久光,NEC,10,13,*,a,アタック,6,上野,1,2,3361,,,,,,,
308,20230409,久光,NEC,10,13,*,*,アタック失敗,20,荒木,2,2,3361,,,,,,,
309,20230409,久光,NEC,10,14,a,a,,,,2,2,3361,得点,,,,,,
310,20230409,久光,NEC,10,14,a,a,サービスエース,6,上野,0,2,3361,,,,,,,
311,20230409,久光,NEC,10,14,a,*,レシーブ失敗,6,石井,0,2,3361,,,,,,,
312,20230409,久光,NEC,10,15,a,a,,,,0,2,3361,得点,,,,,,
313,20230409,久光,NEC,10,15,a,a,サーブ,6,上野,0,2,3361,,,,,,,
314,20230409,久光,NEC,10,15,a,*,その他ミス,7,ファンヘッケ,1,2,3361,,,,,,,
315,20230409,久光,NEC,10,16,a,a,,,,1,2,3361,得点,,,,,,
316,20230409,久光,NEC,10,16,a,*,,,,0,2,3361,,,タイムアウト,,,,
317,20230409,久光,NEC,10,16,a,a,サーブ,6,上野,0,2,3361,,,,,,,
318,20230409,久光,NEC,10,16,a,*,レシーブ失敗,3,中川,1,2,3361,,,,,,,
319,20230409,久光,NEC,10,16,a,*,アタック成功,3,中川,1,2,3361,,,,,,,
320,20230409,久光,NEC,11,16,*,*,,,,1,2,3361,得点,,,,,,
321,20230409,久光,NEC,11,16,*,*,サーブ,3,中川,0,2,3361,,,,,,,
322,20230409,久光,NEC,11,16,*,a,レシーブ成功(優),18,ウィルハイト,1,2,3361,,,,,,,
323,20230409,久光,NEC,11,16,*,a,アタック失敗,18,ウィルハイト,1,2,3361,,,,,,,
324,20230409,久光,NEC,12,16,*,*,,,,1,2,3361,得点,,,,,,
325,20230409,久光,NEC,12,16,*,*,サーブ,3,中川,0,2,3361,,,,,,,
326,20230409,久光,NEC,12,16,*,a,レシーブ失敗,18,ウィルハイト,1,2,3361,,,,,,,
327,20230409,久光,NEC,12,16,*,a,アタック,1,島村,1,2,3361,,,,,,,
328,20230409,久光,NEC,12,16,*,*,アタック,6,石井,2,2,3361,,,,,,,
329,20230409,久光,NEC,12,16,*,a,アタック成功,2,古賀,3,2,3361,,,,,,,
330,20230409,久光,NEC,12,17,a,a,,,,3,2,3361,得点,,,,,,
331,20230409,久光,NEC,12,17,a,a,サーブ,12,山内,0,2,3361,,,,,,,
332,20230409,久光,NEC,12,17,a,*,レシーブ失敗,3,中川,1,2,3361,,,,,,,
333,20230409,久光,NEC,12,17,a,*,アタック,20,荒木,1,2,3361,,,,,,,
334,20230409,久光,NEC,12,17,a,a,アタック,2,古賀,2,2,3361,,,,,,,
335,20230409,久光,NEC,12,17,a,*,アタック,6,石井,3,2,3361,,,,,,,
336,20230409,久光,NEC,12,17,a,*,アタック,6,石井,4,2,3361,,,,,,,
337,20230409,久光,NEC,12,17,a,a,アタック,2,古賀,5,2,3361,,,,,,,
338,20230409,久光,NEC,12,17,a,*,アタック成功,7,ファンヘッケ,6,2,3361,,,,,,,
339,20230409,久光,NEC,13,17,*,*,,,,6,2,3361,得点,,,,,,
340,20230409,久光,NEC,13,17,*,*,サーブ,20,荒木,0,2,3361,,,,,,,
341,20230409,久光,NEC,13,17,*,a,レシーブ成功(優),1,島村,1,2,3361,,,,,,,
342,20230409,久光,NEC,13,17,*,a,アタック成功,1,島村,1,2,3361,,,,,,,
343,20230409,久光,NEC,13,18,a,a,,,,1,2,3361,得点,,,,,,
344,20230409,久光,NEC,13,18,a,a,,,,0,2,3361,,,,IN:22,中川,OUT:12,山内
345,20230409,久光,NEC,13,18,a,a,,,,0,2,3361,,,,IN:21,廣田,OUT:10,澤田
346,20230409,久光,NEC,13,18,a,a,サーブ,2,古賀,0,2,3361,,,,,,,
347,20230409,久光,NEC,13,18,a,*,レシーブ成功(良),3,中川,1,2,3361,,,,,,,
348,20230409,久光,NEC,13,18,a,*,アタック,7,ファンヘッケ,1,2,3361,,,,,,,
349,20230409,久光,NEC,13,18,a,a,ブロック成功,18,ウィルハイト,2,2,3361,,,,,,,
350,20230409,久光,NEC,13,19,a,a,,,,2,2,3361,得点,,,,,,
351,20230409,久光,NEC,13,19,a,a,サーブ,2,古賀,0,2,3361,,,,,,,
352,20230409,久光,NEC,13,19,a,*,レシーブ失敗,3,中川,1,2,3361,,,,,,,
353,20230409,久光,NEC,13,19,a,*,アタック,6,石井,1,2,3361,,,,,,,
354,20230409,久光,NEC,13,19,a,a,アタック,18,ウィルハイト,2,2,3361,,,,,,,
355,20230409,久光,NEC,13,19,a,a,アタック,21,廣田,3,2,3361,,,,,,,
356,20230409,久光,NEC,13,19,a,a,アタック成功,1,島村,4,2,3361,,,,,,,
357,20230409,久光,NEC,13,20,a,a,,,,4,2,3361,得点,,,,,,
358,20230409,久光,NEC,13,20,a,a,サーブ,2,古賀,0,2,3361,,,,,,,
359,20230409,久光,NEC,13,20,a,*,レシーブ失敗,8,平山,1,2,3361,,,,,,,
360,20230409,久光,NEC,13,20,a,*,アタック成功,7,ファンヘッケ,1,2,3361,,,,,,,
361,20230409,久光,NEC,14,20,*,*,,,,1,2,3361,得点,,,,,,
362,20230409,久光,NEC,14,20,*,*,,,,0,2,3361,,,,IN:1,長岡,OUT:11,栄
363,20230409,久光,NEC,14,20,*,*,,,,0,2,3361,,,,IN:2,井上,OUT:7,ファンヘッケ
364,20230409,久光,NEC,14,20,*,*,サーブ,2,井上,0,2,3361,,,,,,,
365,20230409,久光,NEC,14,20,*,a,レシーブ成功(良),2,古賀,1,2,3361,,,,,,,
366,20230409,久光,NEC,14,20,*,a,アタック,1,島村,1,2,3361,,,,,,,
367,20230409,久光,NEC,14,20,*,*,アタック,6,石井,2,2,3361,,,,,,,
368,20230409,久光,NEC,14,20,*,a,アタック,18,ウィルハイト,3,2,3361,,,,,,,
369,20230409,久光,NEC,14,20,*,*,アタック,6,石井,4,2,3361,,,,,,,
370,20230409,久光,NEC,14,20,*,a,ブロック成功,1,島村,5,2,3361,,,,,,,
371,20230409,久光,NEC,14,21,a,a,,,,5,2,3361,得点,,,,,,
372,20230409,久光,NEC,14,21,a,a,サーブ,1,島村,0,2,3361,,,,,,,
373,20230409,久光,NEC,14,21,a,*,レシーブ成功(優),24,西村,1,2,3361,,,,,,,
374,20230409,久光,NEC,14,21,a,*,アタック,1,長岡,1,2,3361,,,,,,,
375,20230409,久光,NEC,14,21,a,*,アタック,6,石井,2,2,3361,,,,,,,
376,20230409,久光,NEC,14,21,a,a,アタック,18,ウィルハイト,3,2,3361,,,,,,,
377,20230409,久光,NEC,14,21,a,*,アタック成功,6,石井,4,2,3361,,,,,,,
378,20230409,久光,NEC,15,21,*,*,,,,4,2,3361,得点,,,,,,
379,20230409,久光,NEC,15,21,*,*,サーブ,6,石井,0,2,3361,,,,,,,
380,20230409,久光,NEC,15,21,*,a,レシーブ失敗,18,ウィルハイト,1,2,3361,,,,,,,
381,20230409,久光,NEC,15,21,*,a,アタック成功,18,ウィルハイト,1,2,3361,,,,,,,
382,20230409,久光,NEC,15,22,a,a,,,,1,2,3361,得点,,,,,,
383,20230409,久光,NEC,15,22,a,a,,,,0,2,3361,,,,IN:12,山内,OUT:22,中川
384,20230409,久光,NEC,15,22,a,a,,,,0,2,3361,,,,IN:10,澤田,OUT:21,廣田
385,20230409,久光,NEC,15,22,a,a,サーブ,10,澤田,0,2,3361,,,,,,,
386,20230409,久光,NEC,15,22,a,*,レシーブ失敗,3,中川,1,2,3361,,,,,,,
387,20230409,久光,NEC,15,22,a,*,アタック成功,1,長岡,1,2,3361,,,,,,,
388,20230409,久光,NEC,16,22,*,*,,,,1,2,3361,得点,,,,,,
389,20230409,久光,NEC,16,22,*,*,サーブ,8,平山,0,2,3361,,,,,,,
390,20230409,久光,NEC,16,22,*,a,レシーブ失敗,18,ウィルハイト,1,2,3361,,,,,,,
391,20230409,久光,NEC,16,22,*,a,アタック,18,ウィルハイト,1,2,3361,,,,,,,
392,20230409,久光,NEC,16,22,*,*,アタック成功,3,中川,2,2,3361,,,,,,,
393,20230409,久光,NEC,17,22,*,*,,,,2,2,3361,得点,,,,,,
394,20230409,久光,NEC,17,22,*,*,サーブ,8,平山,0,2,3361,,,,,,,
395,20230409,久光,NEC,17,22,*,a,レシーブ成功(優),18,ウィルハイト,1,2,3361,,,,,,,
396,20230409,久光,NEC,17,22,*,a,アタック成功,12,山内,1,2,3361,,,,,,,
397,20230409,久光,NEC,17,23,a,a,,,,1,2,3361,得点,,,,,,
398,20230409,久光,NEC,17,23,a,a,サーブ,18,ウィルハイト,0,2,3361,,,,,,,
399,20230409,久光,NEC,17,23,a,*,レシーブ成功(良),3,中川,1,2,3361,,,,,,,
400,20230409,久光,NEC,17,23,a,*,アタック,3,中川,1,2,3361,,,,,,,
401,20230409,久光,NEC,17,23,a,a,アタック成功,12,山内,2,2,3361,,,,,,,
402,20230409,久光,NEC,17,24,a,a,,,,2,2,3361,得点,,,,,,
403,20230409,久光,NEC,17,24,a,a,サーブ,18,ウィルハイト,0,2,3361,,,,,,,
404,20230409,久光,NEC,17,24,a,*,レシーブ失敗,3,中川,1,2,3361,,,,,,,
405,20230409,久光,NEC,17,24,a,*,アタック成功,20,荒木,1,2,3361,,,,,,,
406,20230409,久光,NEC,18,24,*,*,,,,1,2,3361,得点,,,,,,
407,20230409,久光,NEC,18,24,*,*,,,,0,2,3361,,,,IN:11,栄,OUT:1,長岡
408,20230409,久光,NEC,18,24,*,*,,,,0,2,3361,,,,IN:7,ファンヘッケ,OUT:2,井上
409,20230409,久光,NEC,18,24,*,*,サーブ,11,栄,0,2,3361,,,,,,,
410,20230409,久光,NEC,18,24,*,a,レシーブ成功(優),2,古賀,1,2,3361,,,,,,,
411,20230409,久光,NEC,18,24,*,a,アタック,6,上野,1,2,3361,,,,,,,
412,20230409,久光,NEC,18,24,*,*,アタック,7,ファンヘッケ,2,2,3361,,,,,,,
413,20230409,久光,NEC,18,24,*,*,アタック,7,ファンヘッケ,3,2,3361,,,,,,,
414,20230409,久光,NEC,18,24,*,*,アタック,20,荒木,4,2,3361,,,,,,,
415,20230409,久光,NEC,18,24,*,a,アタック,12,山内,5,2,3361,,,,,,,
416,20230409,久光,NEC,18,24,*,a,アタック失敗,2,古賀,6,2,3361,,,,,,,
417,20230409,久光,NEC,19,24,*,*,,,,6,2,3361,得点,,,,,,
418,20230409,久光,NEC,19,24,*,*,サーブ,11,栄,0,2,3361,,,,,,,
419,20230409,久光,NEC,19,24,*,a,レシーブ失敗,16,小島,1,2,3361,,,,,,,
420,20230409,久光,NEC,19,24,*,a,アタック,6,上野,1,2,3361,,,,,,,
421,20230409,久光,NEC,19,24,*,a,アタック,2,古賀,2,2,3361,,,,,,,
422,20230409,久光,NEC,19,24,*,*,アタック,3,中川,3,2,3361,,,,,,,
423,20230409,久光,NEC,19,24,*,a,アタック失敗,2,古賀,4,2,3361,,,,,,,
424,20230409,久光,NEC,20,24,*,*,,,,4,2,3361,得点,,,,,,
425,20230409,久光,NEC,20,24,*,a,,,,0,2,3361,,,タイムアウト,,,,
426,20230409,久光,NEC,20,24,*,*,サーブ,11,栄,0,2,3361,,,,,,,
427,20230409,久光,NEC,20,24,*,a,レシーブ成功(優),18,ウィルハイト,1,2,3361,,,,,,,
428,20230409,久光,NEC,20,24,*,a,アタック成功,2,古賀,1,2,3361,,,,,,,
429,20230409,久光,NEC,20,25,a,a,,,,1,2,3361,得点,,,,,,
430,20230409,久光,NEC,0,0,*,a,サーブ,18,ウィルハイト,0,3,3361,,,,,,,
431,20230409,久光,NEC,0,0,*,*,レシーブ失敗,3,中川,1,3,3361,,,,,,,
432,20230409,久光,NEC,0,0,*,a,アタック,2,古賀,1,3,3361,,,,,,,
433,20230409,久光,NEC,0,0,*,a,アタック成功,12,山内,2,3,3361,,,,,,,
434,20230409,久光,NEC,0,1,a,a,,,,2,3,3361,得点,,,,,,
435,20230409,久光,NEC,0,1,a,a,サーブ,18,ウィルハイト,0,3,3361,,,,,,,
436,20230409,久光,NEC,0,1,a,*,レシーブ成功(良),3,中川,1,3,3361,,,,,,,
437,20230409,久光,NEC,0,1,a,*,アタック成功,1,長岡,1,3,3361,,,,,,,
438,20230409,久光,NEC,1,1,*,*,,,,1,3,3361,得点,,,,,,
439,20230409,久光,NEC,1,1,*,*,サーブ,20,荒木,0,3,3361,,,,,,,
440,20230409,久光,NEC,1,1,*,a,レシーブ失敗,18,ウィルハイト,1,3,3361,,,,,,,
441,20230409,久光,NEC,1,1,*,a,アタック,2,古賀,1,3,3361,,,,,,,
442,20230409,久光,NEC,1,1,*,*,ブロック成功,8,平山,2,3,3361,,,,,,,
443,20230409,久光,NEC,2,1,*,*,,,,2,3,3361,得点,,,,,,
444,20230409,久光,NEC,2,1,*,*,サーブ,20,荒木,0,3,3361,,,,,,,
445,20230409,久光,NEC,2,1,*,a,レシーブ成功(良),18,ウィルハイト,1,3,3361,,,,,,,
446,20230409,久光,NEC,2,1,*,a,アタック,2,古賀,1,3,3361,,,,,,,
447,20230409,久光,NEC,2,1,*,*,アタック成功,6,石井,2,3,3361,,,,,,,
448,20230409,久光,NEC,3,1,*,*,,,,2,3,3361,得点,,,,,,
449,20230409,久光,NEC,3,1,*,*,サーブ,20,荒木,0,3,3361,,,,,,,
450,20230409,久光,NEC,3,1,*,a,レシーブ成功(優),16,小島,1,3,3361,,,,,,,
451,20230409,久光,NEC,3,1,*,a,アタック,12,山内,1,3,3361,,,,,,,
452,20230409,久光,NEC,3,1,*,a,アタック成功,2,古賀,2,3,3361,,,,,,,
453,20230409,久光,NEC,3,2,a,a,,,,2,3,3361,得点,,,,,,
454,20230409,久光,NEC,3,2,a,a,サーブ,6,上野,0,3,3361,,,,,,,
455,20230409,久光,NEC,3,2,a,*,レシーブ成功(優),6,石井,1,3,3361,,,,,,,
456,20230409,久光,NEC,3,2,a,*,アタック成功,8,平山,1,3,3361,,,,,,,
457,20230409,久光,NEC,4,2,*,*,,,,1,3,3361,得点,,,,,,
458,20230409,久光,NEC,4,2,*,*,サーブミス,1,長岡,0,3,3361,,,,,,,
459,20230409,久光,NEC,4,3,a,a,,,,0,3,3361,得点,,,,,,
460,20230409,久光,NEC,4,3,a,a,サーブ,12,山内,0,3,3361,,,,,,,
461,20230409,久光,NEC,4,3,a,*,レシーブ失敗,6,石井,1,3,3361,,,,,,,
462,20230409,久光,NEC,4,3,a,*,アタック,6,石井,1,3,3361,,,,,,,
463,20230409,久光,NEC,4,3,a,*,アタック失敗,6,石井,2,3,3361,,,,,,,
464,20230409,久光,NEC,4,4,a,a,,,,2,3,3361,得点,,,,,,
465,20230409,久光,NEC,4,4,a,a,サーブ,12,山内,0,3,3361,,,,,,,
466,20230409,久光,NEC,4,4,a,*,レシーブ成功(優),3,中川,1,3,3361,,,,,,,
467,20230409,久光,NEC,4,4,a,*,アタック成功,1,長岡,1,3,3361,,,,,,,
468,20230409,久光,NEC,5,4,*,*,,,,1,3,3361,得点,,,,,,
469,20230409,久光,NEC,5,4,*,*,サーブ,6,石井,0,3,3361,,,,,,,
470,20230409,久光,NEC,5,4,*,a,レシーブ失敗,18,ウィルハイト,1,3,3361,,,,,,,
471,20230409,久光,NEC,5,4,*,a,アタック,1,島村,1,3,3361,,,,,,,
472,20230409,久光,NEC,5,4,*,*,アタック,8,平山,2,3,3361,,,,,,,
473,20230409,久光,NEC,5,4,*,a,ブロック成功,2,古賀,3,3,3361,,,,,,,
474,20230409,久光,NEC,5,5,a,a,,,,3,3,3361,得点,,,,,,
475,20230409,久光,NEC,5,5,a,a,サーブ,2,古賀,0,3,3361,,,,,,,
476,20230409,久光,NEC,5,5,a,*,レシーブ成功(良),6,石井,1,3,3361,,,,,,,
477,20230409,久光,NEC,5,5,a,*,アタック,3,中川,1,3,3361,,,,,,,
478,20230409,久光,NEC,5,5,a,a,アタック失敗,18,ウィルハイト,2,3,3361,,,,,,,
479,20230409,久光,NEC,5,5,a,a,,,,2,3,3361,,チャレンジ失敗,,,,,
480,20230409,久光,NEC,6,5,*,*,,,,2,3,3361,得点,,,,,,
481,20230409,久光,NEC,6,5,*,*,サーブ,8,平山,0,3,3361,,,,,,,
482,20230409,久光,NEC,6,5,*,a,レシーブ成功(優),18,ウィルハイト,1,3,3361,,,,,,,
483,20230409,久光,NEC,6,5,*,a,アタック,1,島村,1,3,3361,,,,,,,
484,20230409,久光,NEC,6,5,*,*,アタック,3,中川,2,3,3361,,,,,,,
485,20230409,久光,NEC,6,5,*,a,アタック,18,ウィルハイト,3,3,3361,,,,,,,
486,20230409,久光,NEC,6,5,*,*,アタック成功,3,中川,4,3,3361,,,,,,,
487,20230409,久光,NEC,7,5,*,*,,,,4,3,3361,得点,,,,,,
488,20230409,久光,NEC,7,5,*,*,サーブ,8,平山,0,3,3361,,,,,,,
489,20230409,久光,NEC,7,5,*,a,レシーブ失敗,2,古賀,1,3,3361,,,,,,,
490,20230409,久光,NEC,7,5,*,a,アタック,1,島村,1,3,3361,,,,,,,
491,20230409,久光,NEC,7,5,*,*,アタック,3,中川,2,3,3361,,,,,,,
492,20230409,久光,NEC,7,5,*,a,アタック,1,島村,3,3,3361,,,,,,,
493,20230409,久光,NEC,7,5,*,*,アタック,3,中川,4,3,3361,,,,,,,
494,20230409,久光,NEC,7,5,*,*,アタック,20,荒木,5,3,3361,,,,,,,
495,20230409,久光,NEC,7,5,*,a,アタック成功,18,ウィルハイト,6,3,3361,,,,,,,
496,20230409,久光,NEC,7,6,a,a,,,,6,3,3361,得点,,,,,,
497,20230409,久光,NEC,7,6,a,a,サーブ,1,島村,0,3,3361,,,,,,,
498,20230409,久光,NEC,7,6,a,*,レシーブ失敗,6,石井,1,3,3361,,,,,,,
499,20230409,久光,NEC,7,6,a,*,アタック,3,中川,1,3,3361,,,,,,,
500,20230409,久光,NEC,7,6,a,*,アタック成功,20,荒木,2,3,3361,,,,,,,
501,20230409,久光,NEC,8,6,*,*,,,,2,3,3361,得点,,,,,,
502,20230409,久光,NEC,8,6,*,*,サーブミス,11,栄,0,3,3361,,,,,,,
503,20230409,久光,NEC,8,7,a,a,,,,0,3,3361,得点,,,,,,
504,20230409,久光,NEC,8,7,a,a,サーブ,10,澤田,0,3,3361,,,,,,,
505,20230409,久光,NEC,8,7,a,*,レシーブ成功(優),3,中川,1,3,3361,,,,,,,
506,20230409,久光,NEC,8,7,a,*,アタック成功,20,荒木,1,3,3361,,,,,,,
507,20230409,久光,NEC,9,7,*,*,,,,1,3,3361,得点,,,,,,
508,20230409,久光,NEC,9,7,*,*,サーブ,3,中川,0,3,3361,,,,,,,
509,20230409,久光,NEC,9,7,*,a,レシーブ失敗,2,古賀,1,3,3361,,,,,,,
510,20230409,久光,NEC,9,7,*,a,アタック,18,ウィルハイト,1,3,3361,,,,,,,
511,20230409,久光,NEC,9,7,*,*,ブロック成功,20,荒木,2,3,3361,,,,,,,
512,20230409,久光,NEC,10,7,*,*,,,,2,3,3361,得点,,,,,,
513,20230409,久光,NEC,10,7,*,a,,,,0,3,3361,,,タイムアウト,,,,
514,20230409,久光,NEC,10,7,*,*,サーブ,3,中川,0,3,3361,,,,,,,
515,20230409,久光,NEC,10,7,*,a,レシーブ成功(優),2,古賀,1,3,3361,,,,,,,
516,20230409,久光,NEC,10,7,*,a,アタック成功,12,山内,1,3,3361,,,,,,,
517,20230409,久光,NEC,10,8,a,a,,,,1,3,3361,得点,,,,,,
518,20230409,久光,NEC,10,8,a,a,サーブ,18,ウィルハイト,0,3,3361,,,,,,,
519,20230409,久光,NEC,10,8,a,*,レシーブ成功(優),24,西村,1,3,3361,,,,,,,
520,20230409,久光,NEC,10,8,a,*,アタック成功,1,長岡,1,3,3361,,,,,,,
521,20230409,久光,NEC,11,8,*,*,,,,1,3,3361,得点,,,,,,
522,20230409,久光,NEC,11,8,*,*,サーブ,20,荒木,0,3,3361,,,,,,,
523,20230409,久光,NEC,11,8,*,a,レシーブ成功(優),6,上野,1,3,3361,,,,,,,
524,20230409,久光,NEC,11,8,*,a,アタック成功,12,山内,1,3,3361,,,,,,,
525,20230409,久光,NEC,11,9,a,a,,,,1,3,3361,得点,,,,,,
526,20230409,久光,NEC,11,9,a,a,サービスエース,6,上野,0,3,3361,,,,,,,
527,20230409,久光,NEC,11,9,a,*,レシーブ失敗,3,中川,0,3,3361,,,,,,,
528,20230409,久光,NEC,11,10,a,a,,,,0,3,3361,得点,,,,,,
529,20230409,久光,NEC,11,10,a,a,サーブ,6,上野,0,3,3361,,,,,,,
530,20230409,久光,NEC,11,10,a,*,レシーブ成功(良),24,西村,1,3,3361,,,,,,,
531,20230409,久光,NEC,11,10,a,*,アタック,1,長岡,1,3,3361,,,,,,,
532,20230409,久光,NEC,11,10,a,a,アタック,12,山内,2,3,3361,,,,,,,
533,20230409,久光,NEC,11,10,a,*,アタック,6,石井,3,3,3361,,,,,,,
534,20230409,久光,NEC,11,10,a,*,アタック成功,6,石井,4,3,3361,,,,,,,
535,20230409,久光,NEC,12,10,*,*,,,,4,3,3361,得点,,,,,,
536,20230409,久光,NEC,12,10,*,*,,,,0,3,3361,,,,,,,
537,20230409,久光,NEC,12,10,*,*,サーブ,1,長岡,0,3,3361,,,,,,,
538,20230409,久光,NEC,12,10,*,a,レシーブ失敗,16,小島,1,3,3361,,,,,,,
539,20230409,久光,NEC,12,10,*,a,アタック,2,古賀,1,3,3361,,,,,,,
540,20230409,久光,NEC,12,10,*,*,アタック,6,石井,2,3,3361,,,,,,,
541,20230409,久光,NEC,12,10,*,a,アタック,12,山内,3,3,3361,,,,,,,
542,20230409,久光,NEC,12,10,*,*,アタック,1,長岡,4,3,3361,,,,,,,
543,20230409,久光,NEC,12,10,*,a,アタック成功,12,山内,5,3,3361,,,,,,,
544,20230409,久光,NEC,12,11,a,a,,,,5,3,3361,得点,,,,,,
545,20230409,久光,NEC,12,11,a,a,サーブ,12,山内,0,3,3361,,,,,,,
546,20230409,久光,NEC,12,11,a,*,レシーブ成功(優),8,平山,1,3,3361,,,,,,,
547,20230409,久光,NEC,12,11,a,*,アタック,6,石井,1,3,3361,,,,,,,
548,20230409,久光,NEC,12,11,a,a,ブロック成功,1,島村,2,3,3361,,,,,,,
549,20230409,久光,NEC,12,12,a,a,,,,2,3,3361,得点,,,,,,
550,20230409,久光,NEC,12,12,a,a,サーブ,12,山内,0,3,3361,,,,,,,
551,20230409,久光,NEC,12,12,a,*,レシーブ成功(優),6,石井,1,3,3361,,,,,,,
552,20230409,久光,NEC,12,12,a,*,アタック成功,1,長岡,1,3,3361,,,,,,,
553,20230409,久光,NEC,13,12,*,*,,,,1,3,3361,得点,,,,,,
554,20230409,久光,NEC,13,12,*,*,サーブ,6,石井,0,3,3361,,,,,,,
555,20230409,久光,NEC,13,12,*,a,レシーブ成功(良),18,ウィルハイト,1,3,3361,,,,,,,
556,20230409,久光,NEC,13,12,*,a,アタック,2,古賀,1,3,3361,,,,,,,
557,20230409,久光,NEC,13,12,*,*,アタック失敗,3,中川,2,3,3361,,,,,,,
558,20230409,久光,NEC,13,13,a,a,,,,2,3,3361,得点,,,,,,
559,20230409,久光,NEC,13,13,a,a,,,,0,3,3361,,,,IN:22,中川,OUT:12,山内
560,20230409,久光,NEC,13,13,a,a,,,,0,3,3361,,,,IN:21,廣田,OUT:10,澤田
561,20230409,久光,NEC,13,13,a,a,サーブ,2,古賀,0,3,3361,,,,,,,
562,20230409,久光,NEC,13,13,a,*,レシーブ失敗,3,中川,1,3,3361,,,,,,,
563,20230409,久光,NEC,13,13,a,*,アタック,3,中川,1,3,3361,,,,,,,
564,20230409,久光,NEC,13,13,a,a,アタック,21,廣田,2,3,3361,,,,,,,
565,20230409,久光,NEC,13,13,a,*,ブロック成功,3,中川,3,3,3361,,,,,,,
566,20230409,久光,NEC,14,13,*,*,,,,3,3,3361,得点,,,,,,
567,20230409,久光,NEC,14,13,*,*,サーブ,8,平山,0,3,3361,,,,,,,
568,20230409,久光,NEC,14,13,*,a,レシーブ成功(良),16,小島,1,3,3361,,,,,,,
569,20230409,久光,NEC,14,13,*,a,アタック,21,廣田,1,3,3361,,,,,,,
570,20230409,久光,NEC,14,13,*,a,アタック,18,ウィルハイト,2,3,3361,,,,,,,
571,20230409,久光,NEC,14,13,*,*,アタック,3,中川,3,3,3361,,,,,,,
572,20230409,久光,NEC,14,13,*,a,アタック,2,古賀,4,3,3361,,,,,,,
573,20230409,久光,NEC,14,13,*,*,その他ミス,20,荒木,5,3,3361,,,,,,,
574,20230409,久光,NEC,14,14,a,a,,,,5,3,3361,得点,,,,,,
575,20230409,久光,NEC,14,14,a,a,サーブミス,1,島村,0,3,3361,,,,,,,
576,20230409,久光,NEC,15,14,*,*,,,,0,3,3361,得点,,,,,,
577,20230409,久光,NEC,15,14,*,*,サーブ,11,栄,0,3,3361,,,,,,,
578,20230409,久光,NEC,15,14,*,a,レシーブ失敗,18,ウィルハイト,1,3,3361,,,,,,,
579,20230409,久光,NEC,15,14,*,a,アタック,18,ウィルハイト,1,3,3361,,,,,,,
580,20230409,久光,NEC,15,14,*,*,アタック,3,中川,2,3,3361,,,,,,,
581,20230409,久光,NEC,15,14,*,a,アタック,21,廣田,3,3,3361,,,,,,,
582,20230409,久光,NEC,15,14,*,*,アタック成功,3,中川,4,3,3361,,,,,,,
583,20230409,久光,NEC,16,14,*,*,,,,4,3,3361,得点,,,,,,
584,20230409,久光,NEC,16,14,*,*,サーブ,11,栄,0,3,3361,,,,,,,
585,20230409,久光,NEC,16,14,*,a,レシーブ成功(優),18,ウィルハイト,1,3,3361,,,,,,,
586,20230409,久光,NEC,16,14,*,a,アタック,21,廣田,1,3,3361,,,,,,,
587,20230409,久光,NEC,16,14,*,*,ブロック成功,20,荒木,2,3,3361,,,,,,,
588,20230409,久光,NEC,17,14,*,*,,,,2,3,3361,得点,,,,,,
589,20230409,久光,NEC,17,14,*,a,,,,0,3,3361,,,,IN:12,山内,OUT:22,中川
590,20230409,久光,NEC,17,14,*,a,,,,0,3,3361,,,,IN:10,澤田,OUT:21,廣田
591,20230409,久光,NEC,17,14,*,*,サーブ,11,栄,0,3,3361,,,,,,,
592,20230409,久光,NEC,17,14,*,a,レシーブ成功(良),18,ウィルハイト,1,3,3361,,,,,,,
593,20230409,久光,NEC,17,14,*,a,アタック,18,ウィルハイト,1,3,3361,,,,,,,
594,20230409,久光,NEC,17,14,*,*,アタック成功,3,中川,2,3,3361,,,,,,,
595,20230409,久光,NEC,18,14,*,*,,,,2,3,3361,得点,,,,,,
596,20230409,久光,NEC,18,14,*,*,サーブ,11,栄,0,3,3361,,,,,,,
597,20230409,久光,NEC,18,14,*,a,レシーブ失敗,18,ウィルハイト,1,3,3361,,,,,,,
598,20230409,久光,NEC,18,14,*,a,アタック,2,古賀,1,3,3361,,,,,,,
599,20230409,久光,NEC,18,14,*,a,アタック失敗,18,ウィルハイト,2,3,3361,,,,,,,
600,20230409,久光,NEC,19,14,*,*,,,,2,3,3361,得点,,,,,,
601,20230409,久光,NEC,19,14,*,a,,,,0,3,3361,,,,IN:13,山田,OUT:6,上野
602,20230409,久光,NEC,19,14,*,*,サーブ,11,栄,0,3,3361,,,,,,,
603,20230409,久光,NEC,19,14,*,a,レシーブ成功(良),18,ウィルハイト,1,3,3361,,,,,,,
604,20230409,久光,NEC,19,14,*,a,アタック,13,山田,1,3,3361,,,,,,,
605,20230409,久光,NEC,19,14,*,a,アタック,13,山田,2,3,3361,,,,,,,
606,20230409,久光,NEC,19,14,*,*,ブロック成功,3,中川,3,3,3361,,,,,,,
607,20230409,久光,NEC,20,14,*,*,,,,3,3,3361,得点,,,,,,
608,20230409,久光,NEC,20,14,*,*,サーブ,11,栄,0,3,3361,,,,,,,
609,20230409,久光,NEC,20,14,*,a,レシーブ成功(優),13,山田,1,3,3361,,,,,,,
610,20230409,久光,NEC,20,14,*,a,アタック成功,18,ウィルハイト,1,3,3361,,,,,,,
611,20230409,久光,NEC,20,15,a,a,,,,1,3,3361,得点,,,,,,
612,20230409,久光,NEC,20,15,a,a,サーブ,10,澤田,0,3,3361,,,,,,,
613,20230409,久光,NEC,20,15,a,*,レシーブ失敗,3,中川,1,3,3361,,,,,,,
614,20230409,久光,NEC,20,15,a,*,アタック,3,中川,1,3,3361,,,,,,,
615,20230409,久光,NEC,20,15,a,a,アタック,12,山内,2,3,3361,,,,,,,
616,20230409,久光,NEC,20,15,a,*,アタック,3,中川,3,3,3361,,,,,,,
617,20230409,久光,NEC,20,15,a,a,アタック成功,18,ウィルハイト,4,3,3361,,,,,,,
618,20230409,久光,NEC,20,16,a,a,,,,4,3,3361,得点,,,,,,
619,20230409,久光,NEC,20,16,a,a,サービスエース,10,澤田,0,3,3361,,,,,,,
620,20230409,久光,NEC,20,16,a,*,レシーブ失敗,6,石井,0,3,3361,,,,,,,
621,20230409,久光,NEC,20,17,a,a,,,,0,3,3361,得点,,,,,,
622,20230409,久光,NEC,20,17,a,*,,,,0,3,3361,,,タイムアウト,,,,
623,20230409,久光,NEC,20,17,a,a,サーブ,10,澤田,0,3,3361,,,,,,,
624,20230409,久光,NEC,20,17,a,*,レシーブ成功(優),6,石井,1,3,3361,,,,,,,
625,20230409,久光,NEC,20,17,a,*,アタック成功,1,長岡,1,3,3361,,,,,,,
626,20230409,久光,NEC,21,17,*,*,,,,1,3,3361,得点,,,,,,
627,20230409,久光,NEC,21,17,*,*,サーブ,3,中川,0,3,3361,,,,,,,
628,20230409,久光,NEC,21,17,*,a,レシーブ失敗,2,古賀,1,3,3361,,,,,,,
629,20230409,久光,NEC,21,17,*,a,アタック,13,山田,1,3,3361,,,,,,,
630,20230409,久光,NEC,21,17,*,*,アタック,1,長岡,2,3,3361,,,,,,,
631,20230409,久光,NEC,21,17,*,a,アタック成功,13,山田,3,3,3361,,,,,,,
632,20230409,久光,NEC,21,18,a,a,,,,3,3,3361,得点,,,,,,
633,20230409,久光,NEC,21,18,a,*,,,,0,3,3361,,,,IN:18,戸江,OUT:3,中川
634,20230409,久光,NEC,21,18,a,a,サーブ,18,ウィルハイト,0,3,3361,,,,,,,
635,20230409,久光,NEC,21,18,a,*,レシーブ成功(良),6,石井,1,3,3361,,,,,,,
636,20230409,久光,NEC,21,18,a,*,アタック,6,石井,1,3,3361,,,,,,,
637,20230409,久光,NEC,21,18,a,a,アタック,2,古賀,2,3,3361,,,,,,,
638,20230409,久光,NEC,21,18,a,*,アタック,1,長岡,3,3,3361,,,,,,,
639,20230409,久光,NEC,21,18,a,a,アタック,12,山内,4,3,3361,,,,,,,
640,20230409,久光,NEC,21,18,a,*,アタック成功,6,石井,5,3,3361,,,,,,,
641,20230409,久光,NEC,22,18,*,*,,,,5,3,3361,得点,,,,,,
642,20230409,久光,NEC,22,18,*,*,,,,0,3,3361,,,,IN:13,白澤,OUT:20,荒木
643,20230409,久光,NEC,22,18,*,*,サーブ,13,白澤,0,3,3361,,,,,,,
644,20230409,久光,NEC,22,18,*,a,レシーブ失敗,18,ウィルハイト,1,3,3361,,,,,,,
645,20230409,久光,NEC,22,18,*,a,アタック成功,12,山内,1,3,3361,,,,,,,
646,20230409,久光,NEC,22,19,a,a,,,,1,3,3361,得点,,,,,,
647,20230409,久光,NEC,22,19,a,*,,,,0,3,3361,,,,IN:20,荒木,OUT:13,白澤
648,20230409,久光,NEC,22,19,a,a,サーブ,13,山田,0,3,3361,,,,,,,
649,20230409,久光,NEC,22,19,a,*,レシーブ成功(良),18,戸江,1,3,3361,,,,,,,
650,20230409,久光,NEC,22,19,a,*,アタック成功,8,平山,1,3,3361,,,,,,,
651,20230409,久光,NEC,23,19,*,*,,,,1,3,3361,得点,,,,,,
652,20230409,久光,NEC,23,19,*,*,サーブミス,1,長岡,0,3,3361,,,,,,,
653,20230409,久光,NEC,23,20,a,a,,,,0,3,3361,得点,,,,,,
654,20230409,久光,NEC,23,20,a,a,サービスエース,12,山内,0,3,3361,,,,,,,
655,20230409,久光,NEC,23,20,a,*,レシーブ失敗,6,石井,0,3,3361,,,,,,,
656,20230409,久光,NEC,23,21,a,a,,,,0,3,3361,得点,,,,,,
657,20230409,久光,NEC,23,21,a,a,サーブ,12,山内,0,3,3361,,,,,,,
658,20230409,久光,NEC,23,21,a,*,レシーブ成功(優),6,石井,1,3,3361,,,,,,,
659,20230409,久光,NEC,23,21,a,*,アタック,6,石井,1,3,3361,,,,,,,
660,20230409,久光,NEC,23,21,a,a,アタック,2,古賀,2,3,3361,,,,,,,
661,20230409,久光,NEC,23,21,a,*,アタック失敗,6,石井,3,3,3361,,,,,,,
662,20230409,久光,NEC,23,21,a,*,,,,3,3,3361,,チャレンジ失敗,,,,,
663,20230409,久光,NEC,23,22,a,a,,,,3,3,3361,得点,,,,,,
664,20230409,久光,NEC,23,22,a,*,,,,0,3,3361,,,タイムアウト,,,,
665,20230409,久光,NEC,23,22,a,a,サーブ,12,山内,0,3,3361,,,,,,,
666,20230409,久光,NEC,23,22,a,*,レシーブ成功(優),6,石井,1,3,3361,,,,,,,
667,20230409,久光,NEC,23,22,a,*,アタック,1,長岡,1,3,3361,,,,,,,
668,20230409,久光,NEC,23,22,a,a,アタック成功,2,古賀,2,3,3361,,,,,,,
669,20230409,久光,NEC,23,23,a,a,,,,2,3,3361,得点,,,,,,
670,20230409,久光,NEC,23,23,a,a,サーブ,12,山内,0,3,3361,,,,,,,
671,20230409,久光,NEC,23,23,a,*,レシーブ成功(優),8,平山,1,3,3361,,,,,,,
672,20230409,久光,NEC,23,23,a,*,アタック失敗,6,石井,1,3,3361,,,,,,,
673,20230409,久光,NEC,23,24,a,a,,,,1,3,3361,得点,,,,,,
674,20230409,久光,NEC,23,24,a,a,サーブ,12,山内,0,3,3361,,,,,,,
675,20230409,久光,NEC,23,24,a,*,レシーブ成功(良),18,戸江,1,3,3361,,,,,,,
676,20230409,久光,NEC,23,24,a,*,アタック,6,石井,1,3,3361,,,,,,,
677,20230409,久光,NEC,23,24,a,a,ブロック成功,1,島村,2,3,3361,,,,,,,
678,20230409,久光,NEC,23,25,a,a,,,,2,3,3361,得点,,,,,,
