,date,home_team,away_team,home_point,away_point,serve_right,team,skill,player_num,player_name,trainsition,set,url_id,point,timeout,in_player_num,in_player_name,out_player_num,out_player_name
0,20230408,岡山,群馬銀行,0,0,*,*,サーブ,5,宇賀神,0,1,3362,,,,,,
1,20230408,岡山,群馬銀行,0,0,*,a,レシーブ成功(良),13,清水,1,1,3362,,,,,,
2,20230408,岡山,群馬銀行,0,0,*,a,アタック成功,1,田中,1,1,3362,,,,,,
3,20230408,岡山,群馬銀行,0,1,a,a,,,,1,1,3362,得点,,,,,
4,20230408,岡山,群馬銀行,0,1,a,a,サーブ,1,田中,0,1,3362,,,,,,
5,20230408,岡山,群馬銀行,0,1,a,*,レシーブ失敗,9,高柳,1,1,3362,,,,,,
6,20230408,岡山,群馬銀行,0,1,a,a,アタック,12,小林,1,1,3362,,,,,,
7,20230408,岡山,群馬銀行,0,1,a,*,アタック成功,9,高柳,2,1,3362,,,,,,
8,20230408,岡山,群馬銀行,1,1,*,*,,,,2,1,3362,得点,,,,,
9,20230408,岡山,群馬銀行,1,1,*,*,サーブ,9,高柳,0,1,3362,,,,,,
10,20230408,岡山,群馬銀行,1,1,*,a,レシーブ成功(良),5,栗栖,1,1,3362,,,,,,
11,20230408,岡山,群馬銀行,1,1,*,a,アタック成功,12,小林,1,1,3362,,,,,,
12,20230408,岡山,群馬銀行,1,2,a,a,,,,1,1,3362,得点,,,,,
13,20230408,岡山,群馬銀行,1,2,a,a,サーブ,13,清水,0,1,3362,,,,,,
14,20230408,岡山,群馬銀行,1,2,a,*,レシーブ失敗,18,金田,1,1,3362,,,,,,
15,20230408,岡山,群馬銀行,1,2,a,*,アタック成功,18,金田,1,1,3362,,,,,,
16,20230408,岡山,群馬銀行,2,2,*,*,,,,1,1,3362,得点,,,,,
17,20230408,岡山,群馬銀行,2,2,*,*,サーブ,28,川島,0,1,3362,,,,,,
18,20230408,岡山,群馬銀行,2,2,*,a,レシーブ成功(優),5,栗栖,1,1,3362,,,,,,
19,20230408,岡山,群馬銀行,2,2,*,a,アタック成功,8,ハンタヴァ,1,1,3362,,,,,,
20,20230408,岡山,群馬銀行,2,3,a,a,,,,1,1,3362,得点,,,,,
21,20230408,岡山,群馬銀行,2,3,a,a,サーブ,12,小林,0,1,3362,,,,,,
22,20230408,岡山,群馬銀行,2,3,a,*,レシーブ失敗,9,高柳,1,1,3362,,,,,,
23,20230408,岡山,群馬銀行,2,3,a,*,アタック,7,タナッチャ,1,1,3362,,,,,,
24,20230408,岡山,群馬銀行,2,3,a,a,ブロック成功,8,ハンタヴァ,2,1,3362,,,,,,
25,20230408,岡山,群馬銀行,2,4,a,a,,,,2,1,3362,得点,,,,,
26,20230408,岡山,群馬銀行,2,4,a,a,サーブ,12,小林,0,1,3362,,,,,,
27,20230408,岡山,群馬銀行,2,4,a,*,レシーブ成功(優),9,高柳,1,1,3362,,,,,,
28,20230408,岡山,群馬銀行,2,4,a,*,アタック成功,18,金田,1,1,3362,,,,,,
29,20230408,岡山,群馬銀行,3,4,*,*,,,,1,1,3362,得点,,,,,
30,20230408,岡山,群馬銀行,3,4,*,*,サーブ,7,タナッチャ,0,1,3362,,,,,,
31,20230408,岡山,群馬銀行,3,4,*,a,レシーブ成功(優),8,ハンタヴァ,1,1,3362,,,,,,
32,20230408,岡山,群馬銀行,3,4,*,a,アタック成功,4,道下,1,1,3362,,,,,,
33,20230408,岡山,群馬銀行,3,5,a,a,,,,1,1,3362,得点,,,,,
34,20230408,岡山,群馬銀行,3,5,a,a,サーブ,8,ハンタヴァ,0,1,3362,,,,,,
35,20230408,岡山,群馬銀行,3,5,a,*,レシーブ成功(良),18,金田,1,1,3362,,,,,,
36,20230408,岡山,群馬銀行,3,5,a,*,アタック成功,26,長瀬,1,1,3362,,,,,,
37,20230408,岡山,群馬銀行,4,5,*,*,,,,1,1,3362,得点,,,,,
38,20230408,岡山,群馬銀行,4,5,*,*,サーブ,18,金田,0,1,3362,,,,,,
39,20230408,岡山,群馬銀行,4,5,*,a,レシーブ成功(優),1,田中,1,1,3362,,,,,,
40,20230408,岡山,群馬銀行,4,5,*,a,アタック失敗,4,道下,1,1,3362,,,,,,
41,20230408,岡山,群馬銀行,5,5,*,*,,,,1,1,3362,得点,,,,,
42,20230408,岡山,群馬銀行,5,5,*,*,サーブ,18,金田,0,1,3362,,,,,,
43,20230408,岡山,群馬銀行,5,5,*,a,レシーブ成功(優),1,田中,1,1,3362,,,,,,
44,20230408,岡山,群馬銀行,5,5,*,a,アタック,4,道下,1,1,3362,,,,,,
45,20230408,岡山,群馬銀行,5,5,*,*,アタック,9,高柳,2,1,3362,,,,,,
46,20230408,岡山,群馬銀行,5,5,*,a,アタック,1,田中,3,1,3362,,,,,,
47,20230408,岡山,群馬銀行,5,5,*,*,アタック,9,高柳,4,1,3362,,,,,,
48,20230408,岡山,群馬銀行,5,5,*,a,アタック成功,6,古市,5,1,3362,,,,,,
49,20230408,岡山,群馬銀行,5,6,a,a,,,,5,1,3362,得点,,,,,
50,20230408,岡山,群馬銀行,5,6,a,a,サーブ,4,道下,0,1,3362,,,,,,
51,20230408,岡山,群馬銀行,5,6,a,*,レシーブ失敗,18,金田,1,1,3362,,,,,,
52,20230408,岡山,群馬銀行,5,6,a,*,アタック成功,9,高柳,1,1,3362,,,,,,
53,20230408,岡山,群馬銀行,6,6,*,*,,,,1,1,3362,得点,,,,,
54,20230408,岡山,群馬銀行,6,6,*,*,サーブ,26,長瀬,0,1,3362,,,,,,
55,20230408,岡山,群馬銀行,6,6,*,a,レシーブ失敗,12,小林,1,1,3362,,,,,,
56,20230408,岡山,群馬銀行,6,6,*,a,アタック,1,田中,1,1,3362,,,,,,
57,20230408,岡山,群馬銀行,6,6,*,*,アタック,28,川島,2,1,3362,,,,,,
58,20230408,岡山,群馬銀行,6,6,*,a,アタック,8,ハンタヴァ,3,1,3362,,,,,,
59,20230408,岡山,群馬銀行,6,6,*,*,アタック,9,高柳,4,1,3362,,,,,,
60,20230408,岡山,群馬銀行,6,6,*,a,アタック,1,田中,5,1,3362,,,,,,
61,20230408,岡山,群馬銀行,6,6,*,*,その他ミス,9,高柳,6,1,3362,,,,,,
62,20230408,岡山,群馬銀行,6,7,a,a,,,,6,1,3362,得点,,,,,
63,20230408,岡山,群馬銀行,6,7,a,a,サーブ,6,古市,0,1,3362,,,,,,
64,20230408,岡山,群馬銀行,6,7,a,*,レシーブ成功(優),9,高柳,1,1,3362,,,,,,
65,20230408,岡山,群馬銀行,6,7,a,*,アタック成功,9,高柳,1,1,3362,,,,,,
66,20230408,岡山,群馬銀行,7,7,*,*,,,,1,1,3362,得点,,,,,
67,20230408,岡山,群馬銀行,7,7,*,*,サーブ,5,宇賀神,0,1,3362,,,,,,
68,20230408,岡山,群馬銀行,7,7,*,a,レシーブ成功(優),13,清水,1,1,3362,,,,,,
69,20230408,岡山,群馬銀行,7,7,*,a,アタック,1,田中,1,1,3362,,,,,,
70,20230408,岡山,群馬銀行,7,7,*,*,アタック,9,高柳,2,1,3362,,,,,,
71,20230408,岡山,群馬銀行,7,7,*,a,アタック,13,清水,3,1,3362,,,,,,
72,20230408,岡山,群馬銀行,7,7,*,*,アタック,7,タナッチャ,4,1,3362,,,,,,
73,20230408,岡山,群馬銀行,7,7,*,a,アタック,12,小林,5,1,3362,,,,,,
74,20230408,岡山,群馬銀行,7,7,*,*,アタック,7,タナッチャ,6,1,3362,,,,,,
75,20230408,岡山,群馬銀行,7,7,*,a,アタック,12,小林,7,1,3362,,,,,,
76,20230408,岡山,群馬銀行,7,7,*,*,アタック,7,タナッチャ,8,1,3362,,,,,,
77,20230408,岡山,群馬銀行,7,7,*,*,ブロック成功,9,高柳,9,1,3362,,,,,,
78,20230408,岡山,群馬銀行,8,7,*,*,,,,9,1,3362,得点,,,,,
79,20230408,岡山,群馬銀行,8,7,*,*,サーブ,5,宇賀神,0,1,3362,,,,,,
80,20230408,岡山,群馬銀行,8,7,*,a,レシーブ成功(優),13,清水,1,1,3362,,,,,,
81,20230408,岡山,群馬銀行,8,7,*,a,アタック,13,清水,1,1,3362,,,,,,
82,20230408,岡山,群馬銀行,8,7,*,*,その他ミス,7,タナッチャ,2,1,3362,,,,,,
83,20230408,岡山,群馬銀行,8,8,a,a,,,,2,1,3362,得点,,,,,
84,20230408,岡山,群馬銀行,8,8,a,a,サーブ,1,田中,0,1,3362,,,,,,
85,20230408,岡山,群馬銀行,8,8,a,*,レシーブ成功(優),9,高柳,1,1,3362,,,,,,
86,20230408,岡山,群馬銀行,8,8,a,*,アタック成功,28,川島,1,1,3362,,,,,,
87,20230408,岡山,群馬銀行,9,8,*,*,,,,1,1,3362,得点,,,,,
88,20230408,岡山,群馬銀行,9,8,*,*,サーブ,9,高柳,0,1,3362,,,,,,
89,20230408,岡山,群馬銀行,9,8,*,a,レシーブ成功(優),12,小林,1,1,3362,,,,,,
90,20230408,岡山,群馬銀行,9,8,*,a,アタック,13,清水,1,1,3362,,,,,,
91,20230408,岡山,群馬銀行,9,8,*,*,アタック,18,金田,2,1,3362,,,,,,
92,20230408,岡山,群馬銀行,9,8,*,*,アタック成功,7,タナッチャ,3,1,3362,,,,,,
93,20230408,岡山,群馬銀行,10,8,*,*,,,,3,1,3362,得点,,,,,
94,20230408,岡山,群馬銀行,10,8,*,*,サービスエース,9,高柳,0,1,3362,,,,,,
95,20230408,岡山,群馬銀行,10,8,*,a,レシーブ失敗,12,小林,0,1,3362,,,,,,
96,20230408,岡山,群馬銀行,11,8,*,*,,,,0,1,3362,得点,,,,,
97,20230408,岡山,群馬銀行,11,8,*,*,サーブ,9,高柳,0,1,3362,,,,,,
98,20230408,岡山,群馬銀行,11,8,*,a,レシーブ失敗,5,栗栖,1,1,3362,,,,,,
99,20230408,岡山,群馬銀行,11,8,*,a,アタック成功,8,ハンタヴァ,1,1,3362,,,,,,
100,20230408,岡山,群馬銀行,11,9,a,a,,,,1,1,3362,得点,,,,,
101,20230408,岡山,群馬銀行,11,9,a,a,サーブ,13,清水,0,1,3362,,,,,,
102,20230408,岡山,群馬銀行,11,9,a,*,レシーブ失敗,18,金田,1,1,3362,,,,,,
103,20230408,岡山,群馬銀行,11,9,a,*,アタック成功,7,タナッチャ,1,1,3362,,,,,,
104,20230408,岡山,群馬銀行,12,9,*,*,,,,1,1,3362,得点,,,,,
105,20230408,岡山,群馬銀行,12,9,*,*,,,,0,1,3362,,,,,,
106,20230408,岡山,群馬銀行,12,9,*,*,サーブミス,28,川島,0,1,3362,,,,,,
107,20230408,岡山,群馬銀行,12,10,a,a,,,,0,1,3362,得点,,,,,
108,20230408,岡山,群馬銀行,12,10,a,a,サーブ,12,小林,0,1,3362,,,,,,
109,20230408,岡山,群馬銀行,12,10,a,*,レシーブ成功(良),9,高柳,1,1,3362,,,,,,
110,20230408,岡山,群馬銀行,12,10,a,*,アタック成功,18,金田,1,1,3362,,,,,,
111,20230408,岡山,群馬銀行,13,10,*,*,,,,1,1,3362,得点,,,,,
112,20230408,岡山,群馬銀行,13,10,*,*,サーブ,7,タナッチャ,0,1,3362,,,,,,
113,20230408,岡山,群馬銀行,13,10,*,a,レシーブ失敗,8,ハンタヴァ,1,1,3362,,,,,,
114,20230408,岡山,群馬銀行,13,10,*,a,アタック成功,8,ハンタヴァ,1,1,3362,,,,,,
115,20230408,岡山,群馬銀行,13,11,a,a,,,,1,1,3362,得点,,,,,
116,20230408,岡山,群馬銀行,13,11,a,a,サーブ,8,ハンタヴァ,0,1,3362,,,,,,
117,20230408,岡山,群馬銀行,13,11,a,*,レシーブ成功(良),7,タナッチャ,1,1,3362,,,,,,
118,20230408,岡山,群馬銀行,13,11,a,*,アタック,18,金田,1,1,3362,,,,,,
119,20230408,岡山,群馬銀行,13,11,a,a,アタック失敗,1,田中,2,1,3362,,,,,,
120,20230408,岡山,群馬銀行,14,11,*,*,,,,2,1,3362,得点,,,,,
121,20230408,岡山,群馬銀行,14,11,*,*,サーブ,18,金田,0,1,3362,,,,,,
122,20230408,岡山,群馬銀行,14,11,*,a,レシーブ成功(優),5,栗栖,1,1,3362,,,,,,
123,20230408,岡山,群馬銀行,14,11,*,a,アタック,6,古市,1,1,3362,,,,,,
124,20230408,岡山,群馬銀行,14,11,*,a,アタック成功,4,道下,2,1,3362,,,,,,
125,20230408,岡山,群馬銀行,14,12,a,a,,,,2,1,3362,得点,,,,,
126,20230408,岡山,群馬銀行,14,12,a,a,サーブ,4,道下,0,1,3362,,,,,,
127,20230408,岡山,群馬銀行,14,12,a,*,レシーブ成功(優),18,金田,1,1,3362,,,,,,
128,20230408,岡山,群馬銀行,14,12,a,*,アタック成功,9,高柳,1,1,3362,,,,,,
129,20230408,岡山,群馬銀行,15,12,*,*,,,,1,1,3362,得点,,,,,
130,20230408,岡山,群馬銀行,15,12,*,*,サーブ,26,長瀬,0,1,3362,,,,,,
131,20230408,岡山,群馬銀行,15,12,*,a,レシーブ成功(良),12,小林,1,1,3362,,,,,,
132,20230408,岡山,群馬銀行,15,12,*,a,アタック,8,ハンタヴァ,1,1,3362,,,,,,
133,20230408,岡山,群馬銀行,15,12,*,*,アタック,9,高柳,2,1,3362,,,,,,
134,20230408,岡山,群馬銀行,15,12,*,a,アタック,1,田中,3,1,3362,,,,,,
135,20230408,岡山,群馬銀行,15,12,*,*,アタック,28,川島,4,1,3362,,,,,,
136,20230408,岡山,群馬銀行,15,12,*,a,アタック成功,1,田中,5,1,3362,,,,,,
137,20230408,岡山,群馬銀行,15,13,a,a,,,,5,1,3362,得点,,,,,
138,20230408,岡山,群馬銀行,15,13,a,a,サーブミス,6,古市,0,1,3362,,,,,,
139,20230408,岡山,群馬銀行,16,13,*,*,,,,0,1,3362,得点,,,,,
140,20230408,岡山,群馬銀行,16,13,*,*,サーブ,5,宇賀神,0,1,3362,,,,,,
141,20230408,岡山,群馬銀行,16,13,*,a,レシーブ成功(優),5,栗栖,1,1,3362,,,,,,
142,20230408,岡山,群馬銀行,16,13,*,a,アタック,8,ハンタヴァ,1,1,3362,,,,,,
143,20230408,岡山,群馬銀行,16,13,*,*,アタック成功,7,タナッチャ,2,1,3362,,,,,,
144,20230408,岡山,群馬銀行,17,13,*,*,,,,2,1,3362,得点,,,,,
145,20230408,岡山,群馬銀行,17,13,*,*,サーブ,5,宇賀神,0,1,3362,,,,,,
146,20230408,岡山,群馬銀行,17,13,*,a,レシーブ成功(優),12,小林,1,1,3362,,,,,,
147,20230408,岡山,群馬銀行,17,13,*,a,アタック成功,1,田中,1,1,3362,,,,,,
148,20230408,岡山,群馬銀行,17,14,a,a,,,,1,1,3362,得点,,,,,
149,20230408,岡山,群馬銀行,17,14,a,a,サーブ,1,田中,0,1,3362,,,,,,
150,20230408,岡山,群馬銀行,17,14,a,*,レシーブ失敗,9,高柳,1,1,3362,,,,,,
151,20230408,岡山,群馬銀行,17,14,a,*,アタック,9,高柳,1,1,3362,,,,,,
152,20230408,岡山,群馬銀行,17,14,a,a,アタック失敗,13,清水,2,1,3362,,,,,,
153,20230408,岡山,群馬銀行,18,14,*,*,,,,2,1,3362,得点,,,,,
154,20230408,岡山,群馬銀行,18,14,*,*,サーブ,9,高柳,0,1,3362,,,,,,
155,20230408,岡山,群馬銀行,18,14,*,a,レシーブ成功(良),12,小林,1,1,3362,,,,,,
156,20230408,岡山,群馬銀行,18,14,*,a,アタック,8,ハンタヴァ,1,1,3362,,,,,,
157,20230408,岡山,群馬銀行,18,14,*,*,その他ミス,7,タナッチャ,2,1,3362,,,,,,
158,20230408,岡山,群馬銀行,18,15,a,a,,,,2,1,3362,得点,,,,,
159,20230408,岡山,群馬銀行,18,15,a,a,サーブ,13,清水,0,1,3362,,,,,,
160,20230408,岡山,群馬銀行,18,15,a,*,レシーブ成功(優),18,金田,1,1,3362,,,,,,
161,20230408,岡山,群馬銀行,18,15,a,*,アタック,18,金田,1,1,3362,,,,,,
162,20230408,岡山,群馬銀行,18,15,a,a,アタック成功,8,ハンタヴァ,2,1,3362,,,,,,
163,20230408,岡山,群馬銀行,18,16,a,a,,,,2,1,3362,得点,,,,,
164,20230408,岡山,群馬銀行,18,16,a,a,サーブ,13,清水,0,1,3362,,,,,,
165,20230408,岡山,群馬銀行,18,16,a,*,レシーブ成功(優),18,金田,1,1,3362,,,,,,
166,20230408,岡山,群馬銀行,18,16,a,*,アタック成功,28,川島,1,1,3362,,,,,,
167,20230408,岡山,群馬銀行,19,16,*,*,,,,1,1,3362,得点,,,,,
168,20230408,岡山,群馬銀行,19,16,*,*,サーブ,28,川島,0,1,3362,,,,,,
169,20230408,岡山,群馬銀行,19,16,*,a,レシーブ失敗,5,栗栖,1,1,3362,,,,,,
170,20230408,岡山,群馬銀行,19,16,*,a,アタック,12,小林,1,1,3362,,,,,,
171,20230408,岡山,群馬銀行,19,16,*,*,アタック成功,18,金田,2,1,3362,,,,,,
172,20230408,岡山,群馬銀行,20,16,*,*,,,,2,1,3362,得点,,,,,
173,20230408,岡山,群馬銀行,20,16,*,*,サーブ,28,川島,0,1,3362,,,,,,
174,20230408,岡山,群馬銀行,20,16,*,a,レシーブ失敗,4,道下,1,1,3362,,,,,,
175,20230408,岡山,群馬銀行,20,16,*,*,アタック,26,長瀬,1,1,3362,,,,,,
176,20230408,岡山,群馬銀行,20,16,*,a,アタック,8,ハンタヴァ,2,1,3362,,,,,,
177,20230408,岡山,群馬銀行,20,16,*,*,アタック成功,18,金田,3,1,3362,,,,,,
178,20230408,岡山,群馬銀行,21,16,*,*,,,,3,1,3362,得点,,,,,
179,20230408,岡山,群馬銀行,21,16,*,a,,,,0,1,3362,,タイムアウト,,,,
180,20230408,岡山,群馬銀行,21,16,*,*,サーブ,28,川島,0,1,3362,,,,,,
181,20230408,岡山,群馬銀行,21,16,*,a,レシーブ成功(良),5,栗栖,1,1,3362,,,,,,
182,20230408,岡山,群馬銀行,21,16,*,a,アタック成功,8,ハンタヴァ,1,1,3362,,,,,,
183,20230408,岡山,群馬銀行,21,17,a,a,,,,1,1,3362,得点,,,,,
184,20230408,岡山,群馬銀行,21,17,a,a,,,,0,1,3362,,,IN:18,藤原,OUT:12,小林
185,20230408,岡山,群馬銀行,21,17,a,a,サーブ,18,藤原,0,1,3362,,,,,,
186,20230408,岡山,群馬銀行,21,17,a,*,レシーブ成功(優),9,高柳,1,1,3362,,,,,,
187,20230408,岡山,群馬銀行,21,17,a,*,アタック,18,金田,1,1,3362,,,,,,
188,20230408,岡山,群馬銀行,21,17,a,a,アタック失敗,8,ハンタヴァ,2,1,3362,,,,,,
189,20230408,岡山,群馬銀行,22,17,*,*,,,,2,1,3362,得点,,,,,
190,20230408,岡山,群馬銀行,22,17,*,a,,,,0,1,3362,,,IN:12,小林,OUT:18,藤原
191,20230408,岡山,群馬銀行,22,17,*,*,サーブミス,7,タナッチャ,0,1,3362,,,,,,
192,20230408,岡山,群馬銀行,22,18,a,a,,,,0,1,3362,得点,,,,,
193,20230408,岡山,群馬銀行,22,18,a,a,サーブ,8,ハンタヴァ,0,1,3362,,,,,,
194,20230408,岡山,群馬銀行,22,18,a,*,レシーブ成功(良),7,タナッチャ,1,1,3362,,,,,,
195,20230408,岡山,群馬銀行,22,18,a,*,アタック成功,26,長瀬,1,1,3362,,,,,,
196,20230408,岡山,群馬銀行,23,18,*,*,,,,1,1,3362,得点,,,,,
197,20230408,岡山,群馬銀行,23,18,*,*,サーブ,18,金田,0,1,3362,,,,,,
198,20230408,岡山,群馬銀行,23,18,*,a,レシーブ成功(良),1,田中,1,1,3362,,,,,,
199,20230408,岡山,群馬銀行,23,18,*,a,アタック,8,ハンタヴァ,1,1,3362,,,,,,
200,20230408,岡山,群馬銀行,23,18,*,a,アタック,4,道下,2,1,3362,,,,,,
201,20230408,岡山,群馬銀行,23,18,*,a,アタック,6,古市,3,1,3362,,,,,,
202,20230408,岡山,群馬銀行,23,18,*,a,アタック失敗,1,田中,4,1,3362,,,,,,
203,20230408,岡山,群馬銀行,24,18,*,*,,,,4,1,3362,得点,,,,,
204,20230408,岡山,群馬銀行,24,18,*,*,サーブ,18,金田,0,1,3362,,,,,,
205,20230408,岡山,群馬銀行,24,18,*,a,レシーブ失敗,1,田中,1,1,3362,,,,,,
206,20230408,岡山,群馬銀行,24,18,*,a,アタック失敗,1,田中,1,1,3362,,,,,,
207,20230408,岡山,群馬銀行,25,18,*,*,,,,1,1,3362,得点,,,,,
208,20230408,岡山,群馬銀行,0,0,*,a,サーブ,6,古市,0,2,3362,,,,,,
209,20230408,岡山,群馬銀行,0,0,*,*,レシーブ成功(優),9,高柳,1,2,3362,,,,,,
210,20230408,岡山,群馬銀行,0,0,*,*,アタック,7,タナッチャ,1,2,3362,,,,,,
211,20230408,岡山,群馬銀行,0,0,*,a,アタック,8,ハンタヴァ,2,2,3362,,,,,,
212,20230408,岡山,群馬銀行,0,0,*,*,アタック,9,高柳,3,2,3362,,,,,,
213,20230408,岡山,群馬銀行,0,0,*,a,アタック,12,小林,4,2,3362,,,,,,
214,20230408,岡山,群馬銀行,0,0,*,*,アタック,9,高柳,5,2,3362,,,,,,
215,20230408,岡山,群馬銀行,0,0,*,a,アタック,12,小林,6,2,3362,,,,,,
216,20230408,岡山,群馬銀行,0,0,*,*,アタック成功,9,高柳,7,2,3362,,,,,,
217,20230408,岡山,群馬銀行,1,0,*,*,,,,7,2,3362,得点,,,,,
218,20230408,岡山,群馬銀行,1,0,*,*,サーブ,9,高柳,0,2,3362,,,,,,
219,20230408,岡山,群馬銀行,1,0,*,a,レシーブ成功(良),5,栗栖,1,2,3362,,,,,,
220,20230408,岡山,群馬銀行,1,0,*,a,その他ミス,1,田中,1,2,3362,,,,,,
221,20230408,岡山,群馬銀行,2,0,*,*,,,,1,2,3362,得点,,,,,
222,20230408,岡山,群馬銀行,2,0,*,*,サーブ,9,高柳,0,2,3362,,,,,,
223,20230408,岡山,群馬銀行,2,0,*,a,レシーブ失敗,5,栗栖,1,2,3362,,,,,,
224,20230408,岡山,群馬銀行,2,0,*,a,アタック,1,田中,1,2,3362,,,,,,
225,20230408,岡山,群馬銀行,2,0,*,*,ブロック成功,28,川島,2,2,3362,,,,,,
226,20230408,岡山,群馬銀行,3,0,*,*,,,,2,2,3362,得点,,,,,
227,20230408,岡山,群馬銀行,3,0,*,*,サーブミス,9,高柳,0,2,3362,,,,,,
228,20230408,岡山,群馬銀行,3,1,a,a,,,,0,2,3362,得点,,,,,
229,20230408,岡山,群馬銀行,3,1,a,a,サーブ,1,田中,0,2,3362,,,,,,
230,20230408,岡山,群馬銀行,3,1,a,*,レシーブ成功(優),18,金田,1,2,3362,,,,,,
231,20230408,岡山,群馬銀行,3,1,a,*,アタック成功,7,タナッチャ,1,2,3362,,,,,,
232,20230408,岡山,群馬銀行,4,1,*,*,,,,1,2,3362,得点,,,,,
233,20230408,岡山,群馬銀行,4,1,*,*,サーブ,28,川島,0,2,3362,,,,,,
234,20230408,岡山,群馬銀行,4,1,*,a,レシーブ成功(良),5,栗栖,1,2,3362,,,,,,
235,20230408,岡山,群馬銀行,4,1,*,a,アタック,13,清水,1,2,3362,,,,,,
236,20230408,岡山,群馬銀行,4,1,*,*,アタック,18,金田,2,2,3362,,,,,,
237,20230408,岡山,群馬銀行,4,1,*,a,アタック,8,ハンタヴァ,3,2,3362,,,,,,
238,20230408,岡山,群馬銀行,4,1,*,*,アタック成功,18,金田,4,2,3362,,,,,,
239,20230408,岡山,群馬銀行,5,1,*,*,,,,4,2,3362,得点,,,,,
240,20230408,岡山,群馬銀行,5,1,*,a,,,,0,2,3362,,タイムアウト,,,,
241,20230408,岡山,群馬銀行,5,1,*,*,サーブ,28,川島,0,2,3362,,,,,,
242,20230408,岡山,群馬銀行,5,1,*,a,レシーブ成功(優),5,栗栖,1,2,3362,,,,,,
243,20230408,岡山,群馬銀行,5,1,*,a,アタック成功,12,小林,1,2,3362,,,,,,
244,20230408,岡山,群馬銀行,5,2,a,a,,,,1,2,3362,得点,,,,,
245,20230408,岡山,群馬銀行,5,2,a,a,サーブ,13,清水,0,2,3362,,,,,,
246,20230408,岡山,群馬銀行,5,2,a,*,レシーブ失敗,18,金田,1,2,3362,,,,,,
247,20230408,岡山,群馬銀行,5,2,a,*,アタック,18,金田,1,2,3362,,,,,,
248,20230408,岡山,群馬銀行,5,2,a,*,アタック成功,26,長瀬,2,2,3362,,,,,,
249,20230408,岡山,群馬銀行,6,2,*,*,,,,2,2,3362,得点,,,,,
250,20230408,岡山,群馬銀行,6,2,*,*,サーブ,7,タナッチャ,0,2,3362,,,,,,
251,20230408,岡山,群馬銀行,6,2,*,a,レシーブ成功(優),8,ハンタヴァ,1,2,3362,,,,,,
252,20230408,岡山,群馬銀行,6,2,*,a,アタック失敗,4,道下,1,2,3362,,,,,,
253,20230408,岡山,群馬銀行,7,2,*,*,,,,1,2,3362,得点,,,,,
254,20230408,岡山,群馬銀行,7,2,*,*,サーブ,7,タナッチャ,0,2,3362,,,,,,
255,20230408,岡山,群馬銀行,7,2,*,a,レシーブ成功(良),5,栗栖,1,2,3362,,,,,,
256,20230408,岡山,群馬銀行,7,2,*,a,アタック,12,小林,1,2,3362,,,,,,
257,20230408,岡山,群馬銀行,7,2,*,*,アタック,18,金田,2,2,3362,,,,,,
258,20230408,岡山,群馬銀行,7,2,*,a,アタック失敗,1,田中,3,2,3362,,,,,,
259,20230408,岡山,群馬銀行,8,2,*,*,,,,3,2,3362,得点,,,,,
260,20230408,岡山,群馬銀行,8,2,*,*,サーブ,7,タナッチャ,0,2,3362,,,,,,
261,20230408,岡山,群馬銀行,8,2,*,a,レシーブ失敗,5,栗栖,1,2,3362,,,,,,
262,20230408,岡山,群馬銀行,8,2,*,a,アタック成功,8,ハンタヴァ,1,2,3362,,,,,,
263,20230408,岡山,群馬銀行,8,3,a,a,,,,1,2,3362,得点,,,,,
264,20230408,岡山,群馬銀行,8,3,a,a,,,,0,2,3362,,,IN:15,松尾,OUT:6,古市
265,20230408,岡山,群馬銀行,8,3,a,a,サーブミス,12,小林,0,2,3362,,,,,,
266,20230408,岡山,群馬銀行,9,3,*,*,,,,0,2,3362,得点,,,,,
267,20230408,岡山,群馬銀行,9,3,*,*,サーブ,18,金田,0,2,3362,,,,,,
268,20230408,岡山,群馬銀行,9,3,*,a,レシーブ成功(優),8,ハンタヴァ,1,2,3362,,,,,,
269,20230408,岡山,群馬銀行,9,3,*,a,アタック成功,8,ハンタヴァ,1,2,3362,,,,,,
270,20230408,岡山,群馬銀行,9,4,a,a,,,,1,2,3362,得点,,,,,
271,20230408,岡山,群馬銀行,9,4,a,a,サーブ,8,ハンタヴァ,0,2,3362,,,,,,
272,20230408,岡山,群馬銀行,9,4,a,*,レシーブ成功(優),18,金田,1,2,3362,,,,,,
273,20230408,岡山,群馬銀行,9,4,a,*,アタック成功,9,高柳,1,2,3362,,,,,,
274,20230408,岡山,群馬銀行,10,4,*,*,,,,1,2,3362,得点,,,,,
275,20230408,岡山,群馬銀行,10,4,*,*,サーブ,26,長瀬,0,2,3362,,,,,,
276,20230408,岡山,群馬銀行,10,4,*,a,レシーブ成功(良),1,田中,1,2,3362,,,,,,
277,20230408,岡山,群馬銀行,10,4,*,a,アタック成功,4,道下,1,2,3362,,,,,,
278,20230408,岡山,群馬銀行,10,5,a,a,,,,1,2,3362,得点,,,,,
279,20230408,岡山,群馬銀行,10,5,a,a,サーブ,4,道下,0,2,3362,,,,,,
280,20230408,岡山,群馬銀行,10,5,a,*,レシーブ成功(優),22,船田,1,2,3362,,,,,,
281,20230408,岡山,群馬銀行,10,5,a,*,アタック,9,高柳,1,2,3362,,,,,,
282,20230408,岡山,群馬銀行,10,5,a,a,アタック,13,清水,2,2,3362,,,,,,
283,20230408,岡山,群馬銀行,10,5,a,*,ブロック成功,9,高柳,3,2,3362,,,,,,
284,20230408,岡山,群馬銀行,11,5,*,*,,,,3,2,3362,得点,,,,,
285,20230408,岡山,群馬銀行,11,5,*,*,サーブ,5,宇賀神,0,2,3362,,,,,,
286,20230408,岡山,群馬銀行,11,5,*,a,レシーブ成功(良),13,清水,1,2,3362,,,,,,
287,20230408,岡山,群馬銀行,11,5,*,a,アタック成功,1,田中,1,2,3362,,,,,,
288,20230408,岡山,群馬銀行,11,6,a,a,,,,1,2,3362,得点,,,,,
289,20230408,岡山,群馬銀行,11,6,a,a,,,,0,2,3362,,,IN:10,白岩,OUT:12,小林
290,20230408,岡山,群馬銀行,11,6,a,a,サーブ,15,松尾,0,2,3362,,,,,,
291,20230408,岡山,群馬銀行,11,6,a,*,レシーブ成功(優),18,金田,1,2,3362,,,,,,
292,20230408,岡山,群馬銀行,11,6,a,*,アタック成功,7,タナッチャ,1,2,3362,,,,,,
293,20230408,岡山,群馬銀行,12,6,*,*,,,,1,2,3362,得点,,,,,
294,20230408,岡山,群馬銀行,12,6,*,*,,,,0,2,3362,,,,,,
295,20230408,岡山,群馬銀行,12,6,*,*,サーブ,9,高柳,0,2,3362,,,,,,
296,20230408,岡山,群馬銀行,12,6,*,a,レシーブ成功(良),5,栗栖,1,2,3362,,,,,,
297,20230408,岡山,群馬銀行,12,6,*,a,アタック,10,白岩,1,2,3362,,,,,,
298,20230408,岡山,群馬銀行,12,6,*,a,アタック,1,田中,2,2,3362,,,,,,
299,20230408,岡山,群馬銀行,12,6,*,*,アタック,18,金田,3,2,3362,,,,,,
300,20230408,岡山,群馬銀行,12,6,*,a,アタック,1,田中,4,2,3362,,,,,,
301,20230408,岡山,群馬銀行,12,6,*,*,ブロック成功,18,金田,5,2,3362,,,,,,
302,20230408,岡山,群馬銀行,13,6,*,*,,,,5,2,3362,得点,,,,,
303,20230408,岡山,群馬銀行,13,6,*,*,サーブ,9,高柳,0,2,3362,,,,,,
304,20230408,岡山,群馬銀行,13,6,*,a,レシーブ失敗,5,栗栖,1,2,3362,,,,,,
305,20230408,岡山,群馬銀行,13,6,*,a,アタック,1,田中,1,2,3362,,,,,,
306,20230408,岡山,群馬銀行,13,6,*,*,アタック,7,タナッチャ,2,2,3362,,,,,,
307,20230408,岡山,群馬銀行,13,6,*,a,アタック成功,10,白岩,3,2,3362,,,,,,
308,20230408,岡山,群馬銀行,13,7,a,a,,,,3,2,3362,得点,,,,,
309,20230408,岡山,群馬銀行,13,7,a,a,サーブ,1,田中,0,2,3362,,,,,,
310,20230408,岡山,群馬銀行,13,7,a,*,レシーブ成功(優),18,金田,1,2,3362,,,,,,
311,20230408,岡山,群馬銀行,13,7,a,*,アタック成功,18,金田,1,2,3362,,,,,,
312,20230408,岡山,群馬銀行,14,7,*,*,,,,1,2,3362,得点,,,,,
313,20230408,岡山,群馬銀行,14,7,*,*,サーブ,28,川島,0,2,3362,,,,,,
314,20230408,岡山,群馬銀行,14,7,*,a,レシーブ成功(優),10,白岩,1,2,3362,,,,,,
315,20230408,岡山,群馬銀行,14,7,*,a,アタック,13,清水,1,2,3362,,,,,,
316,20230408,岡山,群馬銀行,14,7,*,*,アタック,26,長瀬,2,2,3362,,,,,,
317,20230408,岡山,群馬銀行,14,7,*,a,アタック成功,8,ハンタヴァ,3,2,3362,,,,,,
318,20230408,岡山,群馬銀行,14,8,a,a,,,,3,2,3362,得点,,,,,
319,20230408,岡山,群馬銀行,14,8,a,a,サーブ,13,清水,0,2,3362,,,,,,
320,20230408,岡山,群馬銀行,14,8,a,*,レシーブ成功(優),18,金田,1,2,3362,,,,,,
321,20230408,岡山,群馬銀行,14,8,a,*,アタック,26,長瀬,1,2,3362,,,,,,
322,20230408,岡山,群馬銀行,14,8,a,a,アタック,8,ハンタヴァ,2,2,3362,,,,,,
323,20230408,岡山,群馬銀行,14,8,a,a,アタック,8,ハンタヴァ,3,2,3362,,,,,,
324,20230408,岡山,群馬銀行,14,8,a,a,その他ミス,15,松尾,4,2,3362,,,,,,
325,20230408,岡山,群馬銀行,15,8,*,*,,,,4,2,3362,得点,,,,,
326,20230408,岡山,群馬銀行,15,8,*,a,,,,0,2,3362,,,IN:7,藤井,OUT:1,田中
327,20230408,岡山,群馬銀行,15,8,*,*,サーブ,7,タナッチャ,0,2,3362,,,,,,
328,20230408,岡山,群馬銀行,15,8,*,a,レシーブ失敗,8,ハンタヴァ,1,2,3362,,,,,,
329,20230408,岡山,群馬銀行,15,8,*,a,アタック,8,ハンタヴァ,1,2,3362,,,,,,
330,20230408,岡山,群馬銀行,15,8,*,*,ブロック成功,5,宇賀神,2,2,3362,,,,,,
331,20230408,岡山,群馬銀行,16,8,*,*,,,,2,2,3362,得点,,,,,
332,20230408,岡山,群馬銀行,16,8,*,*,サーブミス,7,タナッチャ,0,2,3362,,,,,,
333,20230408,岡山,群馬銀行,16,9,a,a,,,,0,2,3362,得点,,,,,
334,20230408,岡山,群馬銀行,16,9,a,a,サーブ,10,白岩,0,2,3362,,,,,,
335,20230408,岡山,群馬銀行,16,9,a,*,レシーブ失敗,9,高柳,1,2,3362,,,,,,
336,20230408,岡山,群馬銀行,16,9,a,*,アタック成功,18,金田,1,2,3362,,,,,,
337,20230408,岡山,群馬銀行,17,9,*,*,,,,1,2,3362,得点,,,,,
338,20230408,岡山,群馬銀行,17,9,*,*,サーブ,18,金田,0,2,3362,,,,,,
339,20230408,岡山,群馬銀行,17,9,*,a,レシーブ失敗,8,ハンタヴァ,1,2,3362,,,,,,
340,20230408,岡山,群馬銀行,17,9,*,a,アタック,8,ハンタヴァ,1,2,3362,,,,,,
341,20230408,岡山,群馬銀行,17,9,*,a,アタック,8,ハンタヴァ,2,2,3362,,,,,,
342,20230408,岡山,群馬銀行,17,9,*,*,アタック成功,26,長瀬,3,2,3362,,,,,,
343,20230408,岡山,群馬銀行,18,9,*,*,,,,3,2,3362,得点,,,,,
344,20230408,岡山,群馬銀行,18,9,*,a,,,,0,2,3362,,タイムアウト,,,,
345,20230408,岡山,群馬銀行,18,9,*,*,サーブ,18,金田,0,2,3362,,,,,,
346,20230408,岡山,群馬銀行,18,9,*,a,レシーブ成功(優),8,ハンタヴァ,1,2,3362,,,,,,
347,20230408,岡山,群馬銀行,18,9,*,a,アタック成功,4,道下,1,2,3362,,,,,,
348,20230408,岡山,群馬銀行,18,10,a,a,,,,1,2,3362,得点,,,,,
349,20230408,岡山,群馬銀行,18,10,a,a,サーブ,8,ハンタヴァ,0,2,3362,,,,,,
350,20230408,岡山,群馬銀行,18,10,a,*,レシーブ成功(良),18,金田,1,2,3362,,,,,,
351,20230408,岡山,群馬銀行,18,10,a,*,アタック,9,高柳,1,2,3362,,,,,,
352,20230408,岡山,群馬銀行,18,10,a,a,アタック,7,藤井,2,2,3362,,,,,,
353,20230408,岡山,群馬銀行,18,10,a,*,アタック成功,9,高柳,3,2,3362,,,,,,
354,20230408,岡山,群馬銀行,19,10,*,*,,,,3,2,3362,得点,,,,,
355,20230408,岡山,群馬銀行,19,10,*,*,サーブ,26,長瀬,0,2,3362,,,,,,
356,20230408,岡山,群馬銀行,19,10,*,a,レシーブ成功(優),10,白岩,1,2,3362,,,,,,
357,20230408,岡山,群馬銀行,19,10,*,a,アタック,8,ハンタヴァ,1,2,3362,,,,,,
358,20230408,岡山,群馬銀行,19,10,*,*,ブロック成功,28,川島,2,2,3362,,,,,,
359,20230408,岡山,群馬銀行,20,10,*,*,,,,2,2,3362,得点,,,,,
360,20230408,岡山,群馬銀行,20,10,*,*,サーブ,26,長瀬,0,2,3362,,,,,,
361,20230408,岡山,群馬銀行,20,10,*,a,レシーブ成功(良),7,藤井,1,2,3362,,,,,,
362,20230408,岡山,群馬銀行,20,10,*,a,アタック,4,道下,1,2,3362,,,,,,
363,20230408,岡山,群馬銀行,20,10,*,*,アタック,9,高柳,2,2,3362,,,,,,
364,20230408,岡山,群馬銀行,20,10,*,a,アタック,7,藤井,3,2,3362,,,,,,
365,20230408,岡山,群馬銀行,20,10,*,*,ブロック成功,5,宇賀神,4,2,3362,,,,,,
366,20230408,岡山,群馬銀行,21,10,*,*,,,,4,2,3362,得点,,,,,
367,20230408,岡山,群馬銀行,21,10,*,*,サーブ,26,長瀬,0,2,3362,,,,,,
368,20230408,岡山,群馬銀行,21,10,*,a,レシーブ失敗,10,白岩,1,2,3362,,,,,,
369,20230408,岡山,群馬銀行,21,10,*,*,ブロック成功,9,高柳,1,2,3362,,,,,,
370,20230408,岡山,群馬銀行,22,10,*,*,,,,1,2,3362,得点,,,,,
371,20230408,岡山,群馬銀行,22,10,*,*,サーブ,26,長瀬,0,2,3362,,,,,,
372,20230408,岡山,群馬銀行,22,10,*,a,レシーブ成功(優),10,白岩,1,2,3362,,,,,,
373,20230408,岡山,群馬銀行,22,10,*,a,アタック,7,藤井,1,2,3362,,,,,,
374,20230408,岡山,群馬銀行,22,10,*,*,アタック成功,9,高柳,2,2,3362,,,,,,
375,20230408,岡山,群馬銀行,23,10,*,*,,,,2,2,3362,得点,,,,,
376,20230408,岡山,群馬銀行,23,10,*,*,サーブ,26,長瀬,0,2,3362,,,,,,
377,20230408,岡山,群馬銀行,23,10,*,a,レシーブ成功(優),7,藤井,1,2,3362,,,,,,
378,20230408,岡山,群馬銀行,23,10,*,a,アタック成功,4,道下,1,2,3362,,,,,,
379,20230408,岡山,群馬銀行,23,11,a,a,,,,1,2,3362,得点,,,,,
380,20230408,岡山,群馬銀行,23,11,a,*,,,,0,2,3362,,,IN:8,及川,OUT:28,川島
381,20230408,岡山,群馬銀行,23,11,a,a,サーブ,4,道下,0,2,3362,,,,,,
382,20230408,岡山,群馬銀行,23,11,a,*,レシーブ成功(優),22,船田,1,2,3362,,,,,,
383,20230408,岡山,群馬銀行,23,11,a,*,アタック,9,高柳,1,2,3362,,,,,,
384,20230408,岡山,群馬銀行,23,11,a,a,アタック,7,藤井,2,2,3362,,,,,,
385,20230408,岡山,群馬銀行,23,11,a,a,アタック成功,13,清水,3,2,3362,,,,,,
386,20230408,岡山,群馬銀行,23,12,a,a,,,,3,2,3362,得点,,,,,
387,20230408,岡山,群馬銀行,23,12,a,a,サーブミス,4,道下,0,2,3362,,,,,,
388,20230408,岡山,群馬銀行,24,12,*,*,,,,0,2,3362,得点,,,,,
389,20230408,岡山,群馬銀行,24,12,*,*,,,,0,2,3362,,,IN:13,遠藤,OUT:7,タナッチャ
390,20230408,岡山,群馬銀行,24,12,*,*,,,,0,2,3362,,,IN:1,濱田,OUT:5,宇賀神
391,20230408,岡山,群馬銀行,24,12,*,*,サーブ,1,濱田,0,2,3362,,,,,,
392,20230408,岡山,群馬銀行,24,12,*,a,レシーブ成功(良),7,藤井,1,2,3362,,,,,,
393,20230408,岡山,群馬銀行,24,12,*,a,アタック,13,清水,1,2,3362,,,,,,
394,20230408,岡山,群馬銀行,24,12,*,*,アタック成功,13,遠藤,2,2,3362,,,,,,
395,20230408,岡山,群馬銀行,25,12,*,*,,,,2,2,3362,得点,,,,,
396,20230408,岡山,群馬銀行,0,0,*,*,サーブ,5,宇賀神,0,3,3362,,,,,,
397,20230408,岡山,群馬銀行,0,0,*,a,レシーブ成功(優),13,清水,1,3,3362,,,,,,
398,20230408,岡山,群馬銀行,0,0,*,a,アタック,12,小林,1,3,3362,,,,,,
399,20230408,岡山,群馬銀行,0,0,*,*,アタック,9,高柳,2,3,3362,,,,,,
400,20230408,岡山,群馬銀行,0,0,*,*,アタック成功,9,高柳,3,3,3362,,,,,,
401,20230408,岡山,群馬銀行,1,0,*,*,,,,3,3,3362,得点,,,,,
402,20230408,岡山,群馬銀行,1,0,*,*,サーブ,5,宇賀神,0,3,3362,,,,,,
403,20230408,岡山,群馬銀行,1,0,*,a,レシーブ失敗,13,清水,1,3,3362,,,,,,
404,20230408,岡山,群馬銀行,1,0,*,a,アタック,12,小林,1,3,3362,,,,,,
405,20230408,岡山,群馬銀行,1,0,*,*,ブロック成功,7,タナッチャ,2,3,3362,,,,,,
406,20230408,岡山,群馬銀行,2,0,*,*,,,,2,3,3362,得点,,,,,
407,20230408,岡山,群馬銀行,2,0,*,*,サーブ,5,宇賀神,0,3,3362,,,,,,
408,20230408,岡山,群馬銀行,2,0,*,a,レシーブ成功(優),13,清水,1,3,3362,,,,,,
409,20230408,岡山,群馬銀行,2,0,*,a,アタック,1,田中,1,3,3362,,,,,,
410,20230408,岡山,群馬銀行,2,0,*,*,アタック,28,川島,2,3,3362,,,,,,
411,20230408,岡山,群馬銀行,2,0,*,*,アタック,9,高柳,3,3,3362,,,,,,
412,20230408,岡山,群馬銀行,2,0,*,*,ブロック成功,28,川島,4,3,3362,,,,,,
413,20230408,岡山,群馬銀行,3,0,*,*,,,,4,3,3362,得点,,,,,
414,20230408,岡山,群馬銀行,3,0,*,*,サーブ,5,宇賀神,0,3,3362,,,,,,
415,20230408,岡山,群馬銀行,3,0,*,a,レシーブ成功(優),13,清水,1,3,3362,,,,,,
416,20230408,岡山,群馬銀行,3,0,*,a,アタック,13,清水,1,3,3362,,,,,,
417,20230408,岡山,群馬銀行,3,0,*,*,アタック,9,高柳,2,3,3362,,,,,,
418,20230408,岡山,群馬銀行,3,0,*,a,アタック,12,小林,3,3,3362,,,,,,
419,20230408,岡山,群馬銀行,3,0,*,*,ブロック成功,7,タナッチャ,4,3,3362,,,,,,
420,20230408,岡山,群馬銀行,4,0,*,*,,,,4,3,3362,得点,,,,,
421,20230408,岡山,群馬銀行,4,0,*,a,,,,0,3,3362,,,IN:8,ハンタヴァ,OUT:12,小林
422,20230408,岡山,群馬銀行,4,0,*,*,サーブ,5,宇賀神,0,3,3362,,,,,,
423,20230408,岡山,群馬銀行,4,0,*,a,レシーブ成功(優),13,清水,1,3,3362,,,,,,
424,20230408,岡山,群馬銀行,4,0,*,a,アタック成功,13,清水,1,3,3362,,,,,,
425,20230408,岡山,群馬銀行,4,1,a,a,,,,1,3,3362,得点,,,,,
426,20230408,岡山,群馬銀行,4,1,a,a,サーブ,1,田中,0,3,3362,,,,,,
427,20230408,岡山,群馬銀行,4,1,a,*,レシーブ成功(良),9,高柳,1,3,3362,,,,,,
428,20230408,岡山,群馬銀行,4,1,a,*,アタック成功,7,タナッチャ,1,3,3362,,,,,,
429,20230408,岡山,群馬銀行,5,1,*,*,,,,1,3,3362,得点,,,,,
430,20230408,岡山,群馬銀行,5,1,*,*,サーブ,9,高柳,0,3,3362,,,,,,
431,20230408,岡山,群馬銀行,5,1,*,a,レシーブ成功(優),10,白岩,1,3,3362,,,,,,
432,20230408,岡山,群馬銀行,5,1,*,a,アタック,13,清水,1,3,3362,,,,,,
433,20230408,岡山,群馬銀行,5,1,*,*,アタック失敗,7,タナッチャ,2,3,3362,,,,,,
434,20230408,岡山,群馬銀行,5,2,a,a,,,,2,3,3362,得点,,,,,
435,20230408,岡山,群馬銀行,5,2,a,a,サーブ,13,清水,0,3,3362,,,,,,
436,20230408,岡山,群馬銀行,5,2,a,*,レシーブ成功(優),18,金田,1,3,3362,,,,,,
437,20230408,岡山,群馬銀行,5,2,a,*,アタック,18,金田,1,3,3362,,,,,,
438,20230408,岡山,群馬銀行,5,2,a,*,アタック成功,18,金田,2,3,3362,,,,,,
439,20230408,岡山,群馬銀行,6,2,*,*,,,,2,3,3362,得点,,,,,
440,20230408,岡山,群馬銀行,6,2,*,*,サービスエース,28,川島,0,3,3362,,,,,,
441,20230408,岡山,群馬銀行,6,2,*,a,レシーブ失敗,10,白岩,0,3,3362,,,,,,
442,20230408,岡山,群馬銀行,7,2,*,*,,,,0,3,3362,得点,,,,,
443,20230408,岡山,群馬銀行,7,2,*,*,サーブ,28,川島,0,3,3362,,,,,,
444,20230408,岡山,群馬銀行,7,2,*,a,レシーブ失敗,10,白岩,1,3,3362,,,,,,
445,20230408,岡山,群馬銀行,7,2,*,a,アタック,10,白岩,1,3,3362,,,,,,
446,20230408,岡山,群馬銀行,7,2,*,*,アタック失敗,7,タナッチャ,2,3,3362,,,,,,
447,20230408,岡山,群馬銀行,7,3,a,a,,,,2,3,3362,得点,,,,,
448,20230408,岡山,群馬銀行,7,3,a,a,サーブ,8,ハンタヴァ,0,3,3362,,,,,,
449,20230408,岡山,群馬銀行,7,3,a,*,レシーブ成功(優),18,金田,1,3,3362,,,,,,
450,20230408,岡山,群馬銀行,7,3,a,*,アタック,26,長瀬,1,3,3362,,,,,,
451,20230408,岡山,群馬銀行,7,3,a,*,ブロック成功,26,長瀬,2,3,3362,,,,,,
452,20230408,岡山,群馬銀行,8,3,*,*,,,,2,3,3362,得点,,,,,
453,20230408,岡山,群馬銀行,8,3,*,*,サーブ,7,タナッチャ,0,3,3362,,,,,,
454,20230408,岡山,群馬銀行,8,3,*,a,レシーブ成功(優),1,田中,1,3,3362,,,,,,
455,20230408,岡山,群馬銀行,8,3,*,a,アタック成功,10,白岩,1,3,3362,,,,,,
456,20230408,岡山,群馬銀行,8,4,a,a,,,,1,3,3362,得点,,,,,
457,20230408,岡山,群馬銀行,8,4,a,a,サーブ,10,白岩,0,3,3362,,,,,,
458,20230408,岡山,群馬銀行,8,4,a,*,レシーブ成功(優),22,船田,1,3,3362,,,,,,
459,20230408,岡山,群馬銀行,8,4,a,*,アタック,26,長瀬,1,3,3362,,,,,,
460,20230408,岡山,群馬銀行,8,4,a,*,アタック成功,5,宇賀神,2,3,3362,,,,,,
461,20230408,岡山,群馬銀行,9,4,*,*,,,,2,3,3362,得点,,,,,
462,20230408,岡山,群馬銀行,9,4,*,*,サーブミス,18,金田,0,3,3362,,,,,,
463,20230408,岡山,群馬銀行,9,5,a,a,,,,0,3,3362,得点,,,,,
464,20230408,岡山,群馬銀行,9,5,a,a,サーブミス,4,道下,0,3,3362,,,,,,
465,20230408,岡山,群馬銀行,10,5,*,*,,,,0,3,3362,得点,,,,,
466,20230408,岡山,群馬銀行,10,5,*,*,サーブ,26,長瀬,0,3,3362,,,,,,
467,20230408,岡山,群馬銀行,10,5,*,a,レシーブ失敗,10,白岩,1,3,3362,,,,,,
468,20230408,岡山,群馬銀行,10,5,*,a,アタック,1,田中,1,3,3362,,,,,,
469,20230408,岡山,群馬銀行,10,5,*,*,アタック,9,高柳,2,3,3362,,,,,,
470,20230408,岡山,群馬銀行,10,5,*,*,アタック成功,28,川島,3,3,3362,,,,,,
471,20230408,岡山,群馬銀行,11,5,*,*,,,,3,3,3362,得点,,,,,
472,20230408,岡山,群馬銀行,11,5,*,*,サーブ,26,長瀬,0,3,3362,,,,,,
473,20230408,岡山,群馬銀行,11,5,*,a,レシーブ成功(優),10,白岩,1,3,3362,,,,,,
474,20230408,岡山,群馬銀行,11,5,*,a,アタック,8,ハンタヴァ,1,3,3362,,,,,,
475,20230408,岡山,群馬銀行,11,5,*,*,アタック,9,高柳,2,3,3362,,,,,,
476,20230408,岡山,群馬銀行,11,5,*,a,アタック,1,田中,3,3,3362,,,,,,
477,20230408,岡山,群馬銀行,11,5,*,*,アタック成功,28,川島,4,3,3362,,,,,,
478,20230408,岡山,群馬銀行,12,5,*,*,,,,4,3,3362,得点,,,,,
479,20230408,岡山,群馬銀行,12,5,*,a,,,,0,3,3362,,,IN:15,松尾,OUT:6,古市
480,20230408,岡山,群馬銀行,12,5,*,*,サーブ,26,長瀬,0,3,3362,,,,,,
481,20230408,岡山,群馬銀行,12,5,*,a,レシーブ成功(優),10,白岩,1,3,3362,,,,,,
482,20230408,岡山,群馬銀行,12,5,*,a,アタック,13,清水,1,3,3362,,,,,,
483,20230408,岡山,群馬銀行,12,5,*,a,アタック成功,1,田中,2,3,3362,,,,,,
484,20230408,岡山,群馬銀行,12,6,a,a,,,,2,3,3362,得点,,,,,
485,20230408,岡山,群馬銀行,12,6,a,a,サービスエース,15,松尾,0,3,3362,,,,,,
486,20230408,岡山,群馬銀行,12,6,a,*,レシーブ失敗,22,船田,0,3,3362,,,,,,
487,20230408,岡山,群馬銀行,12,7,a,a,,,,0,3,3362,得点,,,,,
488,20230408,岡山,群馬銀行,12,7,a,a,サーブ,15,松尾,0,3,3362,,,,,,
489,20230408,岡山,群馬銀行,12,7,a,*,レシーブ成功(優),22,船田,1,3,3362,,,,,,
490,20230408,岡山,群馬銀行,12,7,a,*,アタック成功,28,川島,1,3,3362,,,,,,
491,20230408,岡山,群馬銀行,13,7,*,*,,,,1,3,3362,得点,,,,,
492,20230408,岡山,群馬銀行,13,7,*,*,サーブ,5,宇賀神,0,3,3362,,,,,,
493,20230408,岡山,群馬銀行,13,7,*,a,レシーブ成功(良),13,清水,1,3,3362,,,,,,
494,20230408,岡山,群馬銀行,13,7,*,a,アタック,8,ハンタヴァ,1,3,3362,,,,,,
495,20230408,岡山,群馬銀行,13,7,*,a,アタック,8,ハンタヴァ,2,3,3362,,,,,,
496,20230408,岡山,群馬銀行,13,7,*,a,アタック,1,田中,3,3,3362,,,,,,
497,20230408,岡山,群馬銀行,13,7,*,a,ブロック成功,13,清水,4,3,3362,,,,,,
498,20230408,岡山,群馬銀行,13,8,a,a,,,,4,3,3362,得点,,,,,
499,20230408,岡山,群馬銀行,13,8,a,a,サーブ,1,田中,0,3,3362,,,,,,
500,20230408,岡山,群馬銀行,13,8,a,*,レシーブ成功(優),7,タナッチャ,1,3,3362,,,,,,
501,20230408,岡山,群馬銀行,13,8,a,*,アタック成功,9,高柳,1,3,3362,,,,,,
502,20230408,岡山,群馬銀行,14,8,*,*,,,,1,3,3362,得点,,,,,
503,20230408,岡山,群馬銀行,14,8,*,a,,,,0,3,3362,,,IN:7,藤井,OUT:1,田中
504,20230408,岡山,群馬銀行,14,8,*,*,サーブ,9,高柳,0,3,3362,,,,,,
505,20230408,岡山,群馬銀行,14,8,*,a,レシーブ成功(良),10,白岩,1,3,3362,,,,,,
506,20230408,岡山,群馬銀行,14,8,*,a,アタック,10,白岩,1,3,3362,,,,,,
507,20230408,岡山,群馬銀行,14,8,*,*,アタック,18,金田,2,3,3362,,,,,,
508,20230408,岡山,群馬銀行,14,8,*,a,アタック失敗,10,白岩,3,3,3362,,,,,,
509,20230408,岡山,群馬銀行,15,8,*,*,,,,3,3,3362,得点,,,,,
510,20230408,岡山,群馬銀行,15,8,*,*,サーブ,9,高柳,0,3,3362,,,,,,
511,20230408,岡山,群馬銀行,15,8,*,a,レシーブ成功(良),5,栗栖,1,3,3362,,,,,,
512,20230408,岡山,群馬銀行,15,8,*,a,アタック,13,清水,1,3,3362,,,,,,
513,20230408,岡山,群馬銀行,15,8,*,a,アタック成功,8,ハンタヴァ,2,3,3362,,,,,,
514,20230408,岡山,群馬銀行,15,9,a,a,,,,2,3,3362,得点,,,,,
515,20230408,岡山,群馬銀行,15,9,a,a,サーブ,13,清水,0,3,3362,,,,,,
516,20230408,岡山,群馬銀行,15,9,a,*,レシーブ成功(優),22,船田,1,3,3362,,,,,,
517,20230408,岡山,群馬銀行,15,9,a,*,アタック,18,金田,1,3,3362,,,,,,
518,20230408,岡山,群馬銀行,15,9,a,a,その他ミス,8,ハンタヴァ,2,3,3362,,,,,,
519,20230408,岡山,群馬銀行,16,9,*,*,,,,2,3,3362,得点,,,,,
520,20230408,岡山,群馬銀行,16,9,*,*,サーブ,28,川島,0,3,3362,,,,,,
521,20230408,岡山,群馬銀行,16,9,*,a,レシーブ失敗,7,藤井,1,3,3362,,,,,,
522,20230408,岡山,群馬銀行,16,9,*,a,アタック,10,白岩,1,3,3362,,,,,,
523,20230408,岡山,群馬銀行,16,9,*,*,アタック,26,長瀬,2,3,3362,,,,,,
524,20230408,岡山,群馬銀行,16,9,*,*,アタック,18,金田,3,3,3362,,,,,,
525,20230408,岡山,群馬銀行,16,9,*,a,アタック,10,白岩,4,3,3362,,,,,,
526,20230408,岡山,群馬銀行,16,9,*,*,ブロック成功,7,タナッチャ,5,3,3362,,,,,,
527,20230408,岡山,群馬銀行,17,9,*,*,,,,5,3,3362,得点,,,,,
528,20230408,岡山,群馬銀行,17,9,*,*,ノータッチエース,28,川島,0,3,3362,,,,,,
529,20230408,岡山,群馬銀行,18,9,*,*,,,,0,3,3362,得点,,,,,
530,20230408,岡山,群馬銀行,18,9,*,a,,,,0,3,3362,,タイムアウト,,,,
531,20230408,岡山,群馬銀行,18,9,*,*,サーブ,28,川島,0,3,3362,,,,,,
532,20230408,岡山,群馬銀行,18,9,*,a,レシーブ失敗,10,白岩,1,3,3362,,,,,,
533,20230408,岡山,群馬銀行,18,9,*,a,アタック,8,ハンタヴァ,1,3,3362,,,,,,
534,20230408,岡山,群馬銀行,18,9,*,*,アタック,7,タナッチャ,2,3,3362,,,,,,
535,20230408,岡山,群馬銀行,18,9,*,a,アタック成功,10,白岩,3,3,3362,,,,,,
536,20230408,岡山,群馬銀行,18,10,a,a,,,,3,3,3362,得点,,,,,
537,20230408,岡山,群馬銀行,18,10,a,a,サーブミス,8,ハンタヴァ,0,3,3362,,,,,,
538,20230408,岡山,群馬銀行,19,10,*,*,,,,0,3,3362,得点,,,,,
539,20230408,岡山,群馬銀行,19,10,*,*,,,,0,3,3362,,,IN:1,濱田,OUT:7,タナッチャ
540,20230408,岡山,群馬銀行,19,10,*,*,,,,0,3,3362,,,IN:13,遠藤,OUT:5,宇賀神
541,20230408,岡山,群馬銀行,19,10,*,*,サーブ,1,濱田,0,3,3362,,,,,,
542,20230408,岡山,群馬銀行,19,10,*,a,レシーブ成功(優),7,藤井,1,3,3362,,,,,,
543,20230408,岡山,群馬銀行,19,10,*,a,アタック,4,道下,1,3,3362,,,,,,
544,20230408,岡山,群馬銀行,19,10,*,*,アタック,18,金田,2,3,3362,,,,,,
545,20230408,岡山,群馬銀行,19,10,*,a,アタック成功,10,白岩,3,3,3362,,,,,,
546,20230408,岡山,群馬銀行,19,11,a,a,,,,3,3,3362,得点,,,,,
547,20230408,岡山,群馬銀行,19,11,a,a,サーブ,10,白岩,0,3,3362,,,,,,
548,20230408,岡山,群馬銀行,19,11,a,*,レシーブ成功(優),18,金田,1,3,3362,,,,,,
549,20230408,岡山,群馬銀行,19,11,a,*,アタック,13,遠藤,1,3,3362,,,,,,
550,20230408,岡山,群馬銀行,19,11,a,*,アタック成功,18,金田,2,3,3362,,,,,,
551,20230408,岡山,群馬銀行,20,11,*,*,,,,2,3,3362,得点,,,,,
552,20230408,岡山,群馬銀行,20,11,*,*,,,,0,3,3362,,,IN:33,中本,OUT:18,金田
553,20230408,岡山,群馬銀行,20,11,*,*,,,,0,3,3362,,,IN:2,佐伯,OUT:9,高柳
554,20230408,岡山,群馬銀行,20,11,*,*,サーブミス,33,中本,0,3,3362,,,,,,
555,20230408,岡山,群馬銀行,20,12,a,a,,,,0,3,3362,得点,,,,,
556,20230408,岡山,群馬銀行,20,12,a,a,,,,0,3,3362,,,IN:9,目黒,OUT:4,道下
557,20230408,岡山,群馬銀行,20,12,a,a,サーブ,9,目黒,0,3,3362,,,,,,
558,20230408,岡山,群馬銀行,20,12,a,*,レシーブ成功(優),33,中本,1,3,3362,,,,,,
559,20230408,岡山,群馬銀行,20,12,a,*,アタック,26,長瀬,1,3,3362,,,,,,
560,20230408,岡山,群馬銀行,20,12,a,a,アタック失敗,7,藤井,2,3,3362,,,,,,
561,20230408,岡山,群馬銀行,21,12,*,*,,,,2,3,3362,得点,,,,,
562,20230408,岡山,群馬銀行,21,12,*,a,,,,0,3,3362,,,IN:4,道下,OUT:9,目黒
563,20230408,岡山,群馬銀行,21,12,*,*,サーブ,26,長瀬,0,3,3362,,,,,,
564,20230408,岡山,群馬銀行,21,12,*,a,レシーブ失敗,7,藤井,1,3,3362,,,,,,
565,20230408,岡山,群馬銀行,21,12,*,a,アタック成功,7,藤井,1,3,3362,,,,,,
566,20230408,岡山,群馬銀行,21,13,a,a,,,,1,3,3362,得点,,,,,
567,20230408,岡山,群馬銀行,21,13,a,a,サーブ,15,松尾,0,3,3362,,,,,,
568,20230408,岡山,群馬銀行,21,13,a,*,レシーブ成功(良),2,佐伯,1,3,3362,,,,,,
569,20230408,岡山,群馬銀行,21,13,a,*,アタック,2,佐伯,1,3,3362,,,,,,
570,20230408,岡山,群馬銀行,21,13,a,a,アタック,7,藤井,2,3,3362,,,,,,
571,20230408,岡山,群馬銀行,21,13,a,*,アタック,28,川島,3,3,3362,,,,,,
572,20230408,岡山,群馬銀行,21,13,a,a,アタック成功,8,ハンタヴァ,4,3,3362,,,,,,
573,20230408,岡山,群馬銀行,21,14,a,a,,,,4,3,3362,得点,,,,,
574,20230408,岡山,群馬銀行,21,14,a,a,ノータッチエース,15,松尾,0,3,3362,,,,,,
575,20230408,岡山,群馬銀行,21,15,a,a,,,,0,3,3362,得点,,,,,
576,20230408,岡山,群馬銀行,21,15,a,a,サーブ,15,松尾,0,3,3362,,,,,,
577,20230408,岡山,群馬銀行,21,15,a,*,レシーブ成功(優),33,中本,1,3,3362,,,,,,
578,20230408,岡山,群馬銀行,21,15,a,*,アタック,13,遠藤,1,3,3362,,,,,,
579,20230408,岡山,群馬銀行,21,15,a,a,アタック,8,ハンタヴァ,2,3,3362,,,,,,
580,20230408,岡山,群馬銀行,21,15,a,*,アタック,2,佐伯,3,3,3362,,,,,,
581,20230408,岡山,群馬銀行,21,15,a,a,アタック,7,藤井,4,3,3362,,,,,,
582,20230408,岡山,群馬銀行,21,15,a,*,アタック,13,遠藤,5,3,3362,,,,,,
583,20230408,岡山,群馬銀行,21,15,a,a,アタック成功,7,藤井,6,3,3362,,,,,,
584,20230408,岡山,群馬銀行,21,16,a,a,,,,6,3,3362,得点,,,,,
585,20230408,岡山,群馬銀行,21,16,a,a,サーブ,15,松尾,0,3,3362,,,,,,
586,20230408,岡山,群馬銀行,21,16,a,*,レシーブ失敗,2,佐伯,1,3,3362,,,,,,
587,20230408,岡山,群馬銀行,21,16,a,*,アタック,2,佐伯,1,3,3362,,,,,,
588,20230408,岡山,群馬銀行,21,16,a,*,アタック成功,13,遠藤,2,3,3362,,,,,,
589,20230408,岡山,群馬銀行,22,16,*,*,,,,2,3,3362,得点,,,,,
590,20230408,岡山,群馬銀行,22,16,*,*,,,,0,3,3362,,,IN:5,宇賀神,OUT:13,遠藤
591,20230408,岡山,群馬銀行,22,16,*,*,,,,0,3,3362,,,IN:7,タナッチャ,OUT:1,濱田
592,20230408,岡山,群馬銀行,22,16,*,*,サーブ,5,宇賀神,0,3,3362,,,,,,
593,20230408,岡山,群馬銀行,22,16,*,a,レシーブ失敗,13,清水,1,3,3362,,,,,,
594,20230408,岡山,群馬銀行,22,16,*,a,アタック成功,8,ハンタヴァ,1,3,3362,,,,,,
595,20230408,岡山,群馬銀行,22,17,a,a,,,,1,3,3362,得点,,,,,
596,20230408,岡山,群馬銀行,22,17,a,a,サーブミス,7,藤井,0,3,3362,,,,,,
597,20230408,岡山,群馬銀行,23,17,*,*,,,,0,3,3362,得点,,,,,
598,20230408,岡山,群馬銀行,23,17,*,*,サーブ,2,佐伯,0,3,3362,,,,,,
599,20230408,岡山,群馬銀行,23,17,*,a,レシーブ成功(優),5,栗栖,1,3,3362,,,,,,
600,20230408,岡山,群馬銀行,23,17,*,a,アタック成功,10,白岩,1,3,3362,,,,,,
601,20230408,岡山,群馬銀行,23,18,a,a,,,,1,3,3362,得点,,,,,
602,20230408,岡山,群馬銀行,23,18,a,a,サーブ,13,清水,0,3,3362,,,,,,
603,20230408,岡山,群馬銀行,23,18,a,*,レシーブ成功(優),33,中本,1,3,3362,,,,,,
604,20230408,岡山,群馬銀行,23,18,a,*,アタック成功,33,中本,1,3,3362,,,,,,
605,20230408,岡山,群馬銀行,24,18,*,*,,,,1,3,3362,得点,,,,,
606,20230408,岡山,群馬銀行,24,18,*,*,サーブ,28,川島,0,3,3362,,,,,,
607,20230408,岡山,群馬銀行,24,18,*,a,レシーブ失敗,5,栗栖,1,3,3362,,,,,,
608,20230408,岡山,群馬銀行,24,18,*,a,アタック失敗,10,白岩,1,3,3362,,,,,,
609,20230408,岡山,群馬銀行,25,18,*,*,,,,1,3,3362,得点,,,,,
