No.,L,Player,PlaySet,1set,2set,3set,4set,5set,AA,AP,AE,ASucc%,AP/S,BAA,BAP,BAE,BASucc%,BP,BP/S,SVA,SVP,SVE,SVx,SVEff%,RA,Rx,Rg,RSucc%,GameId,Date,Place,Venue,Spectators,StartTime,EndTime,GameTime,JURY,ChiefUmpire,SubUmpire,Judge,Team,Op.Team,WinPoint,OpWinPoint,1setPoint,Op1setPoint,2setPoint,Op2setPoint,3setPoint,Op3setPoint,4setPoint,Op4setPoint,5setPoint,Op5setPoint,TotalPoint,OpTotalPoint,1setTime,2setTime,3setTime,4setTime,5setTime,TotalTime,GetSet,LostSet,TotalSet,Set,Point
2,,中田紫乃,1,,,□,,,0.0,0.0,0.0,,,0.0,0.0,0.0,,0.0,,1.0,0.0,1.0,0.0,-25.0,0.0,0.0,0.0,,489,2023-04-08,群馬県,高崎アリーナ,1753.0,12:05,13:32,1:27,利根川忠史/田中昭彦,吉岡奈々,明井寿枝,手島義則,東レアローズ,NECレッドロケッツ,3.0,0.0,25.0,18.0,25.0,19.0,25.0,18.0,,,,,75.0,55.0,22,26,23,,,1:11,3,0,3.0,,0.0
3,L,中島未来,3,●,●,●,,,0.0,0.0,0.0,,,0.0,0.0,0.0,,0.0,,0.0,0.0,0.0,0.0,,0.0,0.0,0.0,,489,2023-04-08,群馬県,高崎アリーナ,1753.0,12:05,13:32,1:27,利根川忠史/田中昭彦,吉岡奈々,明井寿枝,手島義則,東レアローズ,NECレッドロケッツ,3.0,0.0,25.0,18.0,25.0,19.0,25.0,18.0,,,,,75.0,55.0,22,26,23,,,1:11,3,0,3.0,,0.0
4,,小川愛里奈,3,■,■,■,,,11.0,7.0,1.0,63.6,2.33,0.0,0.0,0.0,,1.0,0.33,8.0,0.0,2.0,1.0,-3.1,3.0,2.0,1.0,83.3,489,2023-04-08,群馬県,高崎アリーナ,1753.0,12:05,13:32,1:27,利根川忠史/田中昭彦,吉岡奈々,明井寿枝,手島義則,東レアローズ,NECレッドロケッツ,3.0,0.0,25.0,18.0,25.0,19.0,25.0,18.0,,,,,75.0,55.0,22,26,23,,,1:11,3,0,3.0,,8.0
5,,黒後愛,2,,□,□,,,0.0,0.0,0.0,,,0.0,0.0,0.0,,0.0,,4.0,0.0,0.0,2.0,12.5,4.0,1.0,2.0,50.0,489,2023-04-08,群馬県,高崎アリーナ,1753.0,12:05,13:32,1:27,利根川忠史/田中昭彦,吉岡奈々,明井寿枝,手島義則,東レアローズ,NECレッドロケッツ,3.0,0.0,25.0,18.0,25.0,19.0,25.0,18.0,,,,,75.0,55.0,22,26,23,,,1:11,3,0,3.0,,0.0
6,,関菜々巳,3,■,■,■,,,3.0,2.0,0.0,66.7,0.67,0.0,0.0,0.0,,0.0,,21.0,3.0,1.0,7.0,21.4,1.0,0.0,0.0,0.0,489,2023-04-08,群馬県,高崎アリーナ,1753.0,12:05,13:32,1:27,利根川忠史/田中昭彦,吉岡奈々,明井寿枝,手島義則,東レアローズ,NECレッドロケッツ,3.0,0.0,25.0,18.0,25.0,19.0,25.0,18.0,,,,,75.0,55.0,22,26,23,,,1:11,3,0,3.0,,5.0
7,,クランヤナ,3,■,■,■,,,49.0,23.0,0.0,46.9,7.67,14.0,10.0,0.0,71.4,0.0,,13.0,0.0,1.0,3.0,3.8,0.0,0.0,0.0,,489,2023-04-08,群馬県,高崎アリーナ,1753.0,12:05,13:32,1:27,利根川忠史/田中昭彦,吉岡奈々,明井寿枝,手島義則,東レアローズ,NECレッドロケッツ,3.0,0.0,25.0,18.0,25.0,19.0,25.0,18.0,,,,,75.0,55.0,22,26,23,,,1:11,3,0,3.0,,23.0
8,,真鍋くるみ,0,,,,,,0.0,0.0,0.0,,,0.0,0.0,0.0,,0.0,,0.0,0.0,0.0,0.0,,0.0,0.0,0.0,,489,2023-04-08,群馬県,高崎アリーナ,1753.0,12:05,13:32,1:27,利根川忠史/田中昭彦,吉岡奈々,明井寿枝,手島義則,東レアローズ,NECレッドロケッツ,3.0,0.0,25.0,18.0,25.0,19.0,25.0,18.0,,,,,75.0,55.0,22,26,23,,,1:11,3,0,3.0,,0.0
9,L,水杉玲奈,3,〇,〇,〇,,,0.0,0.0,0.0,,,0.0,0.0,0.0,,0.0,,0.0,0.0,0.0,0.0,,9.0,0.0,6.0,33.3,489,2023-04-08,群馬県,高崎アリーナ,1753.0,12:05,13:32,1:27,利根川忠史/田中昭彦,吉岡奈々,明井寿枝,手島義則,東レアローズ,NECレッドロケッツ,3.0,0.0,25.0,18.0,25.0,19.0,25.0,18.0,,,,,75.0,55.0,22,26,23,,,1:11,3,0,3.0,,0.0
10,,石川真佑,3,■,■,■,,,33.0,13.0,1.0,39.4,4.33,7.0,2.0,1.0,28.6,1.0,0.33,13.0,0.0,2.0,2.0,0.0,22.0,4.0,16.0,54.5,489,2023-04-08,群馬県,高崎アリーナ,1753.0,12:05,13:32,1:27,利根川忠史/田中昭彦,吉岡奈々,明井寿枝,手島義則,東レアローズ,NECレッドロケッツ,3.0,0.0,25.0,18.0,25.0,19.0,25.0,18.0,,,,,75.0,55.0,22,26,23,,,1:11,3,0,3.0,,14.0
11,,野呂加南子,3,■,■,■,,,26.0,6.0,1.0,23.1,2.0,0.0,0.0,0.0,,1.0,0.33,7.0,0.0,0.0,2.0,7.1,15.0,1.0,8.0,33.3,489,2023-04-08,群馬県,高崎アリーナ,1753.0,12:05,13:32,1:27,利根川忠史/田中昭彦,吉岡奈々,明井寿枝,手島義則,東レアローズ,NECレッドロケッツ,3.0,0.0,25.0,18.0,25.0,19.0,25.0,18.0,,,,,75.0,55.0,22,26,23,,,1:11,3,0,3.0,,7.0
12,,大崎琴未,3,■,■,■,,,3.0,2.0,0.0,66.7,0.67,0.0,0.0,0.0,,4.0,1.33,7.0,0.0,0.0,1.0,3.6,0.0,0.0,0.0,,489,2023-04-08,群馬県,高崎アリーナ,1753.0,12:05,13:32,1:27,利根川忠史/田中昭彦,吉岡奈々,明井寿枝,手島義則,東レアローズ,NECレッドロケッツ,3.0,0.0,25.0,18.0,25.0,19.0,25.0,18.0,,,,,75.0,55.0,22,26,23,,,1:11,3,0,3.0,,6.0
14,,西川吉野,0,,,,,,0.0,0.0,0.0,,,0.0,0.0,0.0,,0.0,,0.0,0.0,0.0,0.0,,0.0,0.0,0.0,,489,2023-04-08,群馬県,高崎アリーナ,1753.0,12:05,13:32,1:27,利根川忠史/田中昭彦,吉岡奈々,明井寿枝,手島義則,東レアローズ,NECレッドロケッツ,3.0,0.0,25.0,18.0,25.0,19.0,25.0,18.0,,,,,75.0,55.0,22,26,23,,,1:11,3,0,3.0,,0.0
15,,樫村まどか,0,,,,,,0.0,0.0,0.0,,,0.0,0.0,0.0,,0.0,,0.0,0.0,0.0,0.0,,0.0,0.0,0.0,,489,2023-04-08,群馬県,高崎アリーナ,1753.0,12:05,13:32,1:27,利根川忠史/田中昭彦,吉岡奈々,明井寿枝,手島義則,東レアローズ,NECレッドロケッツ,3.0,0.0,25.0,18.0,25.0,19.0,25.0,18.0,,,,,75.0,55.0,22,26,23,,,1:11,3,0,3.0,,0.0
16,,深澤つぐみ,0,,,,,,0.0,0.0,0.0,,,0.0,0.0,0.0,,0.0,,0.0,0.0,0.0,0.0,,0.0,0.0,0.0,,489,2023-04-08,群馬県,高崎アリーナ,1753.0,12:05,13:32,1:27,利根川忠史/田中昭彦,吉岡奈々,明井寿枝,手島義則,東レアローズ,NECレッドロケッツ,3.0,0.0,25.0,18.0,25.0,19.0,25.0,18.0,,,,,75.0,55.0,22,26,23,,,1:11,3,0,3.0,,0.0
1,,島村春世,3,■,■,■,,,13.0,4.0,0.0,30.8,1.33,0.0,0.0,0.0,,1.0,0.33,5.0,0.0,0.0,0.0,0.0,1.0,1.0,0.0,100.0,489,2023-04-08,群馬県,高崎アリーナ,1753.0,12:05,13:32,1:27,利根川忠史/田中昭彦,吉岡奈々,明井寿枝,手島義則,NECレッドロケッツ,東レアローズ,0.0,3.0,18.0,25.0,19.0,25.0,18.0,25.0,,,,,55.0,75.0,22,26,23,,,1:11,0,3,,3.0,5.0
2,,古賀紗理那,3,■,■,■,,,33.0,11.0,4.0,33.3,3.67,3.0,0.0,1.0,0.0,3.0,1.0,11.0,0.0,0.0,5.0,11.4,17.0,5.0,6.0,47.1,489,2023-04-08,群馬県,高崎アリーナ,1753.0,12:05,13:32,1:27,利根川忠史/田中昭彦,吉岡奈々,明井寿枝,手島義則,NECレッドロケッツ,東レアローズ,0.0,3.0,18.0,25.0,19.0,25.0,18.0,25.0,,,,,55.0,75.0,22,26,23,,,1:11,0,3,,3.0,14.0
3,,塚田しおり,3,■,■,■,,,1.0,1.0,0.0,100.0,0.33,0.0,0.0,0.0,,0.0,,5.0,0.0,0.0,0.0,0.0,0.0,0.0,0.0,,489,2023-04-08,群馬県,高崎アリーナ,1753.0,12:05,13:32,1:27,利根川忠史/田中昭彦,吉岡奈々,明井寿枝,手島義則,NECレッドロケッツ,東レアローズ,0.0,3.0,18.0,25.0,19.0,25.0,18.0,25.0,,,,,55.0,75.0,22,26,23,,,1:11,0,3,,3.0,1.0
6,,上野香織,2,■,■,,,,5.0,0.0,1.0,0.0,,0.0,0.0,0.0,,2.0,1.0,5.0,0.0,0.0,2.0,10.0,0.0,0.0,0.0,,489,2023-04-08,群馬県,高崎アリーナ,1753.0,12:05,13:32,1:27,利根川忠史/田中昭彦,吉岡奈々,明井寿枝,手島義則,NECレッドロケッツ,東レアローズ,0.0,3.0,18.0,25.0,19.0,25.0,18.0,25.0,,,,,55.0,75.0,22,26,23,,,1:11,0,3,,3.0,2.0
10,,澤田由佳,2,□,□,,,,0.0,0.0,0.0,,,0.0,0.0,0.0,,1.0,0.5,1.0,0.0,0.0,0.0,0.0,0.0,0.0,0.0,,489,2023-04-08,群馬県,高崎アリーナ,1753.0,12:05,13:32,1:27,利根川忠史/田中昭彦,吉岡奈々,明井寿枝,手島義則,NECレッドロケッツ,東レアローズ,0.0,3.0,18.0,25.0,19.0,25.0,18.0,25.0,,,,,55.0,75.0,22,26,23,,,1:11,0,3,,3.0,1.0
11,,古谷ちなみ,1,,,□,,,3.0,1.0,1.0,33.3,1.0,0.0,0.0,0.0,,0.0,,3.0,0.0,2.0,1.0,-8.3,1.0,0.0,0.0,0.0,489,2023-04-08,群馬県,高崎アリーナ,1753.0,12:05,13:32,1:27,利根川忠史/田中昭彦,吉岡奈々,明井寿枝,手島義則,NECレッドロケッツ,東レアローズ,0.0,3.0,18.0,25.0,19.0,25.0,18.0,25.0,,,,,55.0,75.0,22,26,23,,,1:11,0,3,,3.0,1.0
12,,山内美咲,3,■,■,■,,,25.0,9.0,1.0,36.0,3.0,2.0,1.0,0.0,50.0,0.0,,11.0,0.0,0.0,3.0,6.8,18.0,4.0,9.0,47.2,489,2023-04-08,群馬県,高崎アリーナ,1753.0,12:05,13:32,1:27,利根川忠史/田中昭彦,吉岡奈々,明井寿枝,手島義則,NECレッドロケッツ,東レアローズ,0.0,3.0,18.0,25.0,19.0,25.0,18.0,25.0,,,,,55.0,75.0,22,26,23,,,1:11,0,3,,3.0,9.0
13,,山田二千華,2,□,,■,,,6.0,2.0,0.0,33.3,1.0,0.0,0.0,0.0,,0.0,,6.0,0.0,0.0,1.0,4.2,0.0,0.0,0.0,,489,2023-04-08,群馬県,高崎アリーナ,1753.0,12:05,13:32,1:27,利根川忠史/田中昭彦,吉岡奈々,明井寿枝,手島義則,NECレッドロケッツ,東レアローズ,0.0,3.0,18.0,25.0,19.0,25.0,18.0,25.0,,,,,55.0,75.0,22,26,23,,,1:11,0,3,,3.0,2.0
16,L,小島満菜美,3,●,●,●,,,0.0,0.0,0.0,,,0.0,0.0,0.0,,0.0,,0.0,0.0,0.0,0.0,,13.0,2.0,8.0,46.2,489,2023-04-08,群馬県,高崎アリーナ,1753.0,12:05,13:32,1:27,利根川忠史/田中昭彦,吉岡奈々,明井寿枝,手島義則,NECレッドロケッツ,東レアローズ,0.0,3.0,18.0,25.0,19.0,25.0,18.0,25.0,,,,,55.0,75.0,22,26,23,,,1:11,0,3,,3.0,0.0
18,,ウィルハイトサラ,3,■,■,■,,,24.0,7.0,0.0,29.2,2.33,3.0,1.0,0.0,33.3,2.0,0.67,8.0,0.0,0.0,1.0,3.1,17.0,2.0,9.0,38.2,489,2023-04-08,群馬県,高崎アリーナ,1753.0,12:05,13:32,1:27,利根川忠史/田中昭彦,吉岡奈々,明井寿枝,手島義則,NECレッドロケッツ,東レアローズ,0.0,3.0,18.0,25.0,19.0,25.0,18.0,25.0,,,,,55.0,75.0,22,26,23,,,1:11,0,3,,3.0,9.0
19,L,藤井莉子,0,,,,,,0.0,0.0,0.0,,,0.0,0.0,0.0,,0.0,,0.0,0.0,0.0,0.0,,0.0,0.0,0.0,,489,2023-04-08,群馬県,高崎アリーナ,1753.0,12:05,13:32,1:27,利根川忠史/田中昭彦,吉岡奈々,明井寿枝,手島義則,NECレッドロケッツ,東レアローズ,0.0,3.0,18.0,25.0,19.0,25.0,18.0,25.0,,,,,55.0,75.0,22,26,23,,,1:11,0,3,,3.0,0.0
20,,井上琴絵,1,,,□,,,0.0,0.0,0.0,,,0.0,0.0,0.0,,0.0,,1.0,0.0,0.0,0.0,0.0,0.0,0.0,0.0,,489,2023-04-08,群馬県,高崎アリーナ,1753.0,12:05,13:32,1:27,利根川忠史/田中昭彦,吉岡奈々,明井寿枝,手島義則,NECレッドロケッツ,東レアローズ,0.0,3.0,18.0,25.0,19.0,25.0,18.0,25.0,,,,,55.0,75.0,22,26,23,,,1:11,0,3,,3.0,0.0
21,,廣田あい,1,□,,,,,4.0,0.0,1.0,0.0,,0.0,0.0,0.0,,0.0,,0.0,0.0,0.0,0.0,,0.0,0.0,0.0,,489,2023-04-08,群馬県,高崎アリーナ,1753.0,12:05,13:32,1:27,利根川忠史/田中昭彦,吉岡奈々,明井寿枝,手島義則,NECレッドロケッツ,東レアローズ,0.0,3.0,18.0,25.0,19.0,25.0,18.0,25.0,,,,,55.0,75.0,22,26,23,,,1:11,0,3,,3.0,0.0
22,,中川つかさ,0,,,,,,0.0,0.0,0.0,,,0.0,0.0,0.0,,0.0,,0.0,0.0,0.0,0.0,,0.0,0.0,0.0,,489,2023-04-08,群馬県,高崎アリーナ,1753.0,12:05,13:32,1:27,利根川忠史/田中昭彦,吉岡奈々,明井寿枝,手島義則,NECレッドロケッツ,東レアローズ,0.0,3.0,18.0,25.0,19.0,25.0,18.0,25.0,,,,,55.0,75.0,22,26,23,,,1:11,0,3,,3.0,0.0
1,,山中宏予,0,,,,,,0.0,0.0,0.0,,,0.0,0.0,0.0,,0.0,,0.0,0.0,0.0,0.0,,0.0,0.0,0.0,,490,2023-04-08,群馬県,高崎アリーナ,1945.0,15:05,17:32,2:27,利根川忠史・田中昭彦,渡部菜保子,津嶋由香,新井裕之,埼玉上尾メディックス,久光スプリングス,2.0,1.0,17.0,25.0,27.0,25.0,20.0,25.0,26.0,24.0,15.0,8.0,105.0,107.0,21,32,27,29.0,19.0,2:08,3,2,5.0,,0.0
2,,岩崎こよみ,5,■,■,■,■,■,1.0,1.0,0.0,100.0,0.2,0.0,0.0,0.0,,0.0,,18.0,0.0,0.0,4.0,5.6,0.0,0.0,0.0,,490,2023-04-08,群馬県,高崎アリーナ,1945.0,15:05,17:32,2:27,利根川忠史・田中昭彦,渡部菜保子,津嶋由香,新井裕之,埼玉上尾メディックス,久光スプリングス,2.0,1.0,17.0,25.0,27.0,25.0,20.0,25.0,26.0,24.0,15.0,8.0,105.0,107.0,21,32,27,29.0,19.0,2:08,3,2,5.0,,1.0
3,,サンティアゴアライジャダフニ,5,■,■,■,■,■,22.0,15.0,0.0,68.2,3.0,0.0,0.0,0.0,,1.0,0.2,8.0,1.0,1.0,0.0,9.4,2.0,0.0,1.0,25.0,490,2023-04-08,群馬県,高崎アリーナ,1945.0,15:05,17:32,2:27,利根川忠史・田中昭彦,渡部菜保子,津嶋由香,新井裕之,埼玉上尾メディックス,久光スプリングス,2.0,1.0,17.0,25.0,27.0,25.0,20.0,25.0,26.0,24.0,15.0,8.0,105.0,107.0,21,32,27,29.0,19.0,2:08,3,2,5.0,,17.0
5,,山崎のの花,5,□,□,□,□,□,0.0,0.0,0.0,,,0.0,0.0,0.0,,0.0,,0.0,0.0,0.0,0.0,,0.0,0.0,0.0,,490,2023-04-08,群馬県,高崎アリーナ,1945.0,15:05,17:32,2:27,利根川忠史・田中昭彦,渡部菜保子,津嶋由香,新井裕之,埼玉上尾メディックス,久光スプリングス,2.0,1.0,17.0,25.0,27.0,25.0,20.0,25.0,26.0,24.0,15.0,8.0,105.0,107.0,21,32,27,29.0,19.0,2:08,3,2,5.0,,0.0
7,L,山岸あかね,5,●,●,●,●,●,0.0,0.0,0.0,,,0.0,0.0,0.0,,0.0,,0.0,0.0,0.0,0.0,,38.0,21.0,3.0,59.2,490,2023-04-08,群馬県,高崎アリーナ,1945.0,15:05,17:32,2:27,利根川忠史・田中昭彦,渡部菜保子,津嶋由香,新井裕之,埼玉上尾メディックス,久光スプリングス,2.0,1.0,17.0,25.0,27.0,25.0,20.0,25.0,26.0,24.0,15.0,8.0,105.0,107.0,21,32,27,29.0,19.0,2:08,3,2,5.0,,0.0
9,,内瀬戸真実,5,■,■,■,■,■,29.0,8.0,2.0,27.6,1.6,0.0,0.0,0.0,,0.0,,15.0,1.0,0.0,4.0,13.3,19.0,14.0,5.0,86.8,490,2023-04-08,群馬県,高崎アリーナ,1945.0,15:05,17:32,2:27,利根川忠史・田中昭彦,渡部菜保子,津嶋由香,新井裕之,埼玉上尾メディックス,久光スプリングス,2.0,1.0,17.0,25.0,27.0,25.0,20.0,25.0,26.0,24.0,15.0,8.0,105.0,107.0,21,32,27,29.0,19.0,2:08,3,2,5.0,,9.0
10,,佐藤優花,5,■,■,■,■,■,52.0,20.0,0.0,38.5,4.0,4.0,2.0,0.0,50.0,0.0,,21.0,2.0,1.0,4.0,13.1,11.0,4.0,1.0,40.9,490,2023-04-08,群馬県,高崎アリーナ,1945.0,15:05,17:32,2:27,利根川忠史・田中昭彦,渡部菜保子,津嶋由香,新井裕之,埼玉上尾メディックス,久光スプリングス,2.0,1.0,17.0,25.0,27.0,25.0,20.0,25.0,26.0,24.0,15.0,8.0,105.0,107.0,21,32,27,29.0,19.0,2:08,3,2,5.0,,22.0
11,,青柳京古,5,■,■,■,■,■,20.0,7.0,0.0,35.0,1.4,0.0,0.0,0.0,,5.0,1.0,15.0,1.0,3.0,2.0,5.0,2.0,0.0,0.0,0.0,490,2023-04-08,群馬県,高崎アリーナ,1945.0,15:05,17:32,2:27,利根川忠史・田中昭彦,渡部菜保子,津嶋由香,新井裕之,埼玉上尾メディックス,久光スプリングス,2.0,1.0,17.0,25.0,27.0,25.0,20.0,25.0,26.0,24.0,15.0,8.0,105.0,107.0,21,32,27,29.0,19.0,2:08,3,2,5.0,,13.0
12,,岩澤実育,5,□,□,□,□,□,0.0,0.0,0.0,,,0.0,0.0,0.0,,0.0,,6.0,0.0,2.0,0.0,-8.3,10.0,2.0,1.0,25.0,490,2023-04-08,群馬県,高崎アリーナ,1945.0,15:05,17:32,2:27,利根川忠史・田中昭彦,渡部菜保子,津嶋由香,新井裕之,埼玉上尾メディックス,久光スプリングス,2.0,1.0,17.0,25.0,27.0,25.0,20.0,25.0,26.0,24.0,15.0,8.0,105.0,107.0,21,32,27,29.0,19.0,2:08,3,2,5.0,,0.0
16,,佐々木海空,0,,,,,,0.0,0.0,0.0,,,0.0,0.0,0.0,,0.0,,0.0,0.0,0.0,0.0,,0.0,0.0,0.0,,490,2023-04-08,群馬県,高崎アリーナ,1945.0,15:05,17:32,2:27,利根川忠史・田中昭彦,渡部菜保子,津嶋由香,新井裕之,埼玉上尾メディックス,久光スプリングス,2.0,1.0,17.0,25.0,27.0,25.0,20.0,25.0,26.0,24.0,15.0,8.0,105.0,107.0,21,32,27,29.0,19.0,2:08,3,2,5.0,,0.0
17,,鎌田咲希,0,,,,,,0.0,0.0,0.0,,,0.0,0.0,0.0,,0.0,,0.0,0.0,0.0,0.0,,0.0,0.0,0.0,,490,2023-04-08,群馬県,高崎アリーナ,1945.0,15:05,17:32,2:27,利根川忠史・田中昭彦,渡部菜保子,津嶋由香,新井裕之,埼玉上尾メディックス,久光スプリングス,2.0,1.0,17.0,25.0,27.0,25.0,20.0,25.0,26.0,24.0,15.0,8.0,105.0,107.0,21,32,27,29.0,19.0,2:08,3,2,5.0,,0.0
19,,仁井田桃子,5,□,□,□,□,□,5.0,1.0,0.0,20.0,0.2,0.0,0.0,0.0,,1.0,0.2,0.0,0.0,0.0,0.0,,1.0,0.0,0.0,0.0,490,2023-04-08,群馬県,高崎アリーナ,1945.0,15:05,17:32,2:27,利根川忠史・田中昭彦,渡部菜保子,津嶋由香,新井裕之,埼玉上尾メディックス,久光スプリングス,2.0,1.0,17.0,25.0,27.0,25.0,20.0,25.0,26.0,24.0,15.0,8.0,105.0,107.0,21,32,27,29.0,19.0,2:08,3,2,5.0,,2.0
22,,目黒安希,0,,,,,,0.0,0.0,0.0,,,0.0,0.0,0.0,,0.0,,0.0,0.0,0.0,0.0,,0.0,0.0,0.0,,490,2023-04-08,群馬県,高崎アリーナ,1945.0,15:05,17:32,2:27,利根川忠史・田中昭彦,渡部菜保子,津嶋由香,新井裕之,埼玉上尾メディックス,久光スプリングス,2.0,1.0,17.0,25.0,27.0,25.0,20.0,25.0,26.0,24.0,15.0,8.0,105.0,107.0,21,32,27,29.0,19.0,2:08,3,2,5.0,,0.0
24,,ロゾサラ,5,■,■,■,■,■,45.0,19.0,3.0,42.2,3.8,6.0,2.0,1.0,33.3,1.0,0.2,21.0,0.0,1.0,7.0,7.1,18.0,7.0,5.0,52.8,490,2023-04-08,群馬県,高崎アリーナ,1945.0,15:05,17:32,2:27,利根川忠史・田中昭彦,渡部菜保子,津嶋由香,新井裕之,埼玉上尾メディックス,久光スプリングス,2.0,1.0,17.0,25.0,27.0,25.0,20.0,25.0,26.0,24.0,15.0,8.0,105.0,107.0,21,32,27,29.0,19.0,2:08,3,2,5.0,,20.0
1,,長岡望悠,5,□,□,□,□,□,21.0,11.0,1.0,52.4,2.2,0.0,0.0,0.0,,2.0,0.4,0.0,0.0,0.0,0.0,,0.0,0.0,0.0,,490,2023-04-08,群馬県,高崎アリーナ,1945.0,15:05,17:32,2:27,利根川忠史・田中昭彦,渡部菜保子,津嶋由香,新井裕之,久光スプリングス,埼玉上尾メディックス,1.0,2.0,25.0,17.0,25.0,27.0,25.0,20.0,24.0,26.0,8.0,15.0,107.0,105.0,21,32,27,29.0,19.0,2:08,2,3,,5.0,13.0
2,,井上美咲,5,□,□,□,□,□,0.0,0.0,0.0,,,0.0,0.0,0.0,,0.0,,14.0,1.0,0.0,5.0,16.1,0.0,0.0,0.0,,490,2023-04-08,群馬県,高崎アリーナ,1945.0,15:05,17:32,2:27,利根川忠史・田中昭彦,渡部菜保子,津嶋由香,新井裕之,久光スプリングス,埼玉上尾メディックス,1.0,2.0,25.0,17.0,25.0,27.0,25.0,20.0,24.0,26.0,8.0,15.0,107.0,105.0,21,32,27,29.0,19.0,2:08,2,3,,5.0,1.0
3,,中川美柚,0,,,,,,0.0,0.0,0.0,,,0.0,0.0,0.0,,0.0,,0.0,0.0,0.0,0.0,,0.0,0.0,0.0,,490,2023-04-08,群馬県,高崎アリーナ,1945.0,15:05,17:32,2:27,利根川忠史・田中昭彦,渡部菜保子,津嶋由香,新井裕之,久光スプリングス,埼玉上尾メディックス,1.0,2.0,25.0,17.0,25.0,27.0,25.0,20.0,24.0,26.0,8.0,15.0,107.0,105.0,21,32,27,29.0,19.0,2:08,2,3,,5.0,0.0
4,,濱松明日香,5,■,■,■,■,■,18.0,10.0,0.0,55.6,2.0,0.0,0.0,0.0,,1.0,0.2,15.0,0.0,1.0,9.0,13.3,3.0,0.0,1.0,16.7,490,2023-04-08,群馬県,高崎アリーナ,1945.0,15:05,17:32,2:27,利根川忠史・田中昭彦,渡部菜保子,津嶋由香,新井裕之,久光スプリングス,埼玉上尾メディックス,1.0,2.0,25.0,17.0,25.0,27.0,25.0,20.0,24.0,26.0,8.0,15.0,107.0,105.0,21,32,27,29.0,19.0,2:08,2,3,,5.0,11.0
6,,石井優希,5,■,■,■,■,■,37.0,14.0,3.0,37.8,2.8,2.0,1.0,1.0,50.0,1.0,0.2,23.0,1.0,1.0,9.0,13.0,28.0,14.0,7.0,62.5,490,2023-04-08,群馬県,高崎アリーナ,1945.0,15:05,17:32,2:27,利根川忠史・田中昭彦,渡部菜保子,津嶋由香,新井裕之,久光スプリングス,埼玉上尾メディックス,1.0,2.0,25.0,17.0,25.0,27.0,25.0,20.0,24.0,26.0,8.0,15.0,107.0,105.0,21,32,27,29.0,19.0,2:08,2,3,,5.0,16.0
7,,ファンヘッケリセ,5,■,■,■,■,■,47.0,19.0,3.0,40.4,3.8,5.0,3.0,0.0,60.0,2.0,0.4,7.0,0.0,2.0,4.0,7.1,1.0,1.0,0.0,100.0,490,2023-04-08,群馬県,高崎アリーナ,1945.0,15:05,17:32,2:27,利根川忠史・田中昭彦,渡部菜保子,津嶋由香,新井裕之,久光スプリングス,埼玉上尾メディックス,1.0,2.0,25.0,17.0,25.0,27.0,25.0,20.0,24.0,26.0,8.0,15.0,107.0,105.0,21,32,27,29.0,19.0,2:08,2,3,,5.0,21.0
8,,平山詩嫣,0,,,,,,0.0,0.0,0.0,,,0.0,0.0,0.0,,0.0,,0.0,0.0,0.0,0.0,,0.0,0.0,0.0,,490,2023-04-08,群馬県,高崎アリーナ,1945.0,15:05,17:32,2:27,利根川忠史・田中昭彦,渡部菜保子,津嶋由香,新井裕之,久光スプリングス,埼玉上尾メディックス,1.0,2.0,25.0,17.0,25.0,27.0,25.0,20.0,24.0,26.0,8.0,15.0,107.0,105.0,21,32,27,29.0,19.0,2:08,2,3,,5.0,0.0
10,,大竹里歩,0,,,,,,0.0,0.0,0.0,,,0.0,0.0,0.0,,0.0,,0.0,0.0,0.0,0.0,,0.0,0.0,0.0,,490,2023-04-08,群馬県,高崎アリーナ,1945.0,15:05,17:32,2:27,利根川忠史・田中昭彦,渡部菜保子,津嶋由香,新井裕之,久光スプリングス,埼玉上尾メディックス,1.0,2.0,25.0,17.0,25.0,27.0,25.0,20.0,24.0,26.0,8.0,15.0,107.0,105.0,21,32,27,29.0,19.0,2:08,2,3,,5.0,0.0
11,,栄絵里香,5,■,■,■,■,■,0.0,0.0,0.0,,,0.0,0.0,0.0,,0.0,,13.0,0.0,0.0,2.0,3.8,0.0,0.0,0.0,,490,2023-04-08,群馬県,高崎アリーナ,1945.0,15:05,17:32,2:27,利根川忠史・田中昭彦,渡部菜保子,津嶋由香,新井裕之,久光スプリングス,埼玉上尾メディックス,1.0,2.0,25.0,17.0,25.0,27.0,25.0,20.0,24.0,26.0,8.0,15.0,107.0,105.0,21,32,27,29.0,19.0,2:08,2,3,,5.0,0.0
13,,白澤明香里,0,,,,,,0.0,0.0,0.0,,,0.0,0.0,0.0,,0.0,,0.0,0.0,0.0,0.0,,0.0,0.0,0.0,,490,2023-04-08,群馬県,高崎アリーナ,1945.0,15:05,17:32,2:27,利根川忠史・田中昭彦,渡部菜保子,津嶋由香,新井裕之,久光スプリングス,埼玉上尾メディックス,1.0,2.0,25.0,17.0,25.0,27.0,25.0,20.0,24.0,26.0,8.0,15.0,107.0,105.0,21,32,27,29.0,19.0,2:08,2,3,,5.0,0.0
18,,戸江真奈,5,□,□,□,□,□,0.0,0.0,0.0,,,0.0,0.0,0.0,,0.0,,0.0,0.0,0.0,0.0,,8.0,2.0,4.0,50.0,490,2023-04-08,群馬県,高崎アリーナ,1945.0,15:05,17:32,2:27,利根川忠史・田中昭彦,渡部菜保子,津嶋由香,新井裕之,久光スプリングス,埼玉上尾メディックス,1.0,2.0,25.0,17.0,25.0,27.0,25.0,20.0,24.0,26.0,8.0,15.0,107.0,105.0,21,32,27,29.0,19.0,2:08,2,3,,5.0,0.0
20,,荒木彩花,5,■,■,■,■,■,8.0,4.0,1.0,50.0,0.8,0.0,0.0,0.0,,1.0,0.2,16.0,0.0,1.0,2.0,1.6,4.0,4.0,0.0,100.0,490,2023-04-08,群馬県,高崎アリーナ,1945.0,15:05,17:32,2:27,利根川忠史・田中昭彦,渡部菜保子,津嶋由香,新井裕之,久光スプリングス,埼玉上尾メディックス,1.0,2.0,25.0,17.0,25.0,27.0,25.0,20.0,24.0,26.0,8.0,15.0,107.0,105.0,21,32,27,29.0,19.0,2:08,2,3,,5.0,5.0
21,,中島咲愛,5,■,■,■,■,■,53.0,22.0,2.0,41.5,4.4,1.0,0.0,0.0,0.0,0.0,,20.0,1.0,2.0,4.0,7.5,12.0,4.0,2.0,41.7,490,2023-04-08,群馬県,高崎アリーナ,1945.0,15:05,17:32,2:27,利根川忠史・田中昭彦,渡部菜保子,津嶋由香,新井裕之,久光スプリングス,埼玉上尾メディックス,1.0,2.0,25.0,17.0,25.0,27.0,25.0,20.0,24.0,26.0,8.0,15.0,107.0,105.0,21,32,27,29.0,19.0,2:08,2,3,,5.0,23.0
24,L,西村弥菜美,5,●,●,●,●,●,0.0,0.0,0.0,,,0.0,0.0,0.0,,0.0,,0.0,0.0,0.0,0.0,,40.0,18.0,13.0,61.3,490,2023-04-08,群馬県,高崎アリーナ,1945.0,15:05,17:32,2:27,利根川忠史・田中昭彦,渡部菜保子,津嶋由香,新井裕之,久光スプリングス,埼玉上尾メディックス,1.0,2.0,25.0,17.0,25.0,27.0,25.0,20.0,24.0,26.0,8.0,15.0,107.0,105.0,21,32,27,29.0,19.0,2:08,2,3,,5.0,0.0
2,,中田紫乃,2,,□,□,,,0.0,0.0,0.0,,,0.0,0.0,0.0,,0.0,,5.0,0.0,0.0,3.0,15.0,0.0,0.0,0.0,,491,2023-04-09,群馬県,高崎アリーナ,1855.0,12:05,13:37,1:32,利根川忠史・田中昭彦,佐々木伸子,津嶋由香,飯田 貢士,東レアローズ,埼玉上尾メディックス,3.0,0.0,25.0,23.0,27.0,25.0,25.0,12.0,,,,,77.0,60.0,26,30,23,,,1:19,3,0,3.0,,0.0
3,L,中島未来,3,●,●,●,,,0.0,0.0,0.0,,,0.0,0.0,0.0,,0.0,,0.0,0.0,0.0,0.0,,0.0,0.0,0.0,,491,2023-04-09,群馬県,高崎アリーナ,1855.0,12:05,13:37,1:32,利根川忠史・田中昭彦,佐々木伸子,津嶋由香,飯田 貢士,東レアローズ,埼玉上尾メディックス,3.0,0.0,25.0,23.0,27.0,25.0,25.0,12.0,,,,,77.0,60.0,26,30,23,,,1:19,3,0,3.0,,0.0
4,,小川愛里奈,3,■,■,■,,,14.0,7.0,1.0,50.0,2.33,0.0,0.0,0.0,,2.0,0.67,10.0,0.0,1.0,2.0,2.5,2.0,2.0,0.0,100.0,491,2023-04-09,群馬県,高崎アリーナ,1855.0,12:05,13:37,1:32,利根川忠史・田中昭彦,佐々木伸子,津嶋由香,飯田 貢士,東レアローズ,埼玉上尾メディックス,3.0,0.0,25.0,23.0,27.0,25.0,25.0,12.0,,,,,77.0,60.0,26,30,23,,,1:19,3,0,3.0,,9.0
5,,黒後愛,2,,□,□,,,0.0,0.0,0.0,,,0.0,0.0,0.0,,0.0,,3.0,0.0,0.0,1.0,8.3,1.0,1.0,0.0,100.0,491,2023-04-09,群馬県,高崎アリーナ,1855.0,12:05,13:37,1:32,利根川忠史・田中昭彦,佐々木伸子,津嶋由香,飯田 貢士,東レアローズ,埼玉上尾メディックス,3.0,0.0,25.0,23.0,27.0,25.0,25.0,12.0,,,,,77.0,60.0,26,30,23,,,1:19,3,0,3.0,,0.0
6,,関菜々巳,3,■,■,■,,,2.0,1.0,0.0,50.0,0.33,0.0,0.0,0.0,,2.0,0.67,14.0,0.0,1.0,4.0,5.4,1.0,0.0,0.0,0.0,491,2023-04-09,群馬県,高崎アリーナ,1855.0,12:05,13:37,1:32,利根川忠史・田中昭彦,佐々木伸子,津嶋由香,飯田 貢士,東レアローズ,埼玉上尾メディックス,3.0,0.0,25.0,23.0,27.0,25.0,25.0,12.0,,,,,77.0,60.0,26,30,23,,,1:19,3,0,3.0,,3.0
7,,クランヤナ,3,■,■,■,,,37.0,18.0,0.0,48.6,6.0,11.0,5.0,0.0,45.5,0.0,,12.0,0.0,1.0,5.0,8.3,2.0,1.0,1.0,75.0,491,2023-04-09,群馬県,高崎アリーナ,1855.0,12:05,13:37,1:32,利根川忠史・田中昭彦,佐々木伸子,津嶋由香,飯田 貢士,東レアローズ,埼玉上尾メディックス,3.0,0.0,25.0,23.0,27.0,25.0,25.0,12.0,,,,,77.0,60.0,26,30,23,,,1:19,3,0,3.0,,18.0
8,,真鍋くるみ,0,,,,,,0.0,0.0,0.0,,,0.0,0.0,0.0,,0.0,,0.0,0.0,0.0,0.0,,0.0,0.0,0.0,,491,2023-04-09,群馬県,高崎アリーナ,1855.0,12:05,13:37,1:32,利根川忠史・田中昭彦,佐々木伸子,津嶋由香,飯田 貢士,東レアローズ,埼玉上尾メディックス,3.0,0.0,25.0,23.0,27.0,25.0,25.0,12.0,,,,,77.0,60.0,26,30,23,,,1:19,3,0,3.0,,0.0
9,L,水杉玲奈,3,〇,〇,〇,,,0.0,0.0,0.0,,,0.0,0.0,0.0,,0.0,,0.0,0.0,0.0,0.0,,10.0,4.0,4.0,60.0,491,2023-04-09,群馬県,高崎アリーナ,1855.0,12:05,13:37,1:32,利根川忠史・田中昭彦,佐々木伸子,津嶋由香,飯田 貢士,東レアローズ,埼玉上尾メディックス,3.0,0.0,25.0,23.0,27.0,25.0,25.0,12.0,,,,,77.0,60.0,26,30,23,,,1:19,3,0,3.0,,0.0
10,,石川真佑,3,■,■,■,,,43.0,13.0,4.0,30.2,4.33,4.0,2.0,0.0,50.0,1.0,0.33,12.0,2.0,2.0,8.0,29.2,11.0,4.0,3.0,50.0,491,2023-04-09,群馬県,高崎アリーナ,1855.0,12:05,13:37,1:32,利根川忠史・田中昭彦,佐々木伸子,津嶋由香,飯田 貢士,東レアローズ,埼玉上尾メディックス,3.0,0.0,25.0,23.0,27.0,25.0,25.0,12.0,,,,,77.0,60.0,26,30,23,,,1:19,3,0,3.0,,16.0
11,,野呂加南子,3,■,■,■,,,19.0,9.0,2.0,47.4,3.0,0.0,0.0,0.0,,1.0,0.33,13.0,0.0,0.0,0.0,0.0,29.0,15.0,5.0,60.3,491,2023-04-09,群馬県,高崎アリーナ,1855.0,12:05,13:37,1:32,利根川忠史・田中昭彦,佐々木伸子,津嶋由香,飯田 貢士,東レアローズ,埼玉上尾メディックス,3.0,0.0,25.0,23.0,27.0,25.0,25.0,12.0,,,,,77.0,60.0,26,30,23,,,1:19,3,0,3.0,,10.0
12,,大崎琴未,3,■,■,■,,,9.0,5.0,0.0,55.6,1.67,0.0,0.0,0.0,,4.0,1.33,6.0,0.0,0.0,3.0,12.5,1.0,1.0,0.0,100.0,491,2023-04-09,群馬県,高崎アリーナ,1855.0,12:05,13:37,1:32,利根川忠史・田中昭彦,佐々木伸子,津嶋由香,飯田 貢士,東レアローズ,埼玉上尾メディックス,3.0,0.0,25.0,23.0,27.0,25.0,25.0,12.0,,,,,77.0,60.0,26,30,23,,,1:19,3,0,3.0,,9.0
14,,西川吉野,0,,,,,,0.0,0.0,0.0,,,0.0,0.0,0.0,,0.0,,0.0,0.0,0.0,0.0,,0.0,0.0,0.0,,491,2023-04-09,群馬県,高崎アリーナ,1855.0,12:05,13:37,1:32,利根川忠史・田中昭彦,佐々木伸子,津嶋由香,飯田 貢士,東レアローズ,埼玉上尾メディックス,3.0,0.0,25.0,23.0,27.0,25.0,25.0,12.0,,,,,77.0,60.0,26,30,23,,,1:19,3,0,3.0,,0.0
15,,樫村まどか,0,,,,,,0.0,0.0,0.0,,,0.0,0.0,0.0,,0.0,,0.0,0.0,0.0,0.0,,0.0,0.0,0.0,,491,2023-04-09,群馬県,高崎アリーナ,1855.0,12:05,13:37,1:32,利根川忠史・田中昭彦,佐々木伸子,津嶋由香,飯田 貢士,東レアローズ,埼玉上尾メディックス,3.0,0.0,25.0,23.0,27.0,25.0,25.0,12.0,,,,,77.0,60.0,26,30,23,,,1:19,3,0,3.0,,0.0
16,,深澤つぐみ,0,,,,,,0.0,0.0,0.0,,,0.0,0.0,0.0,,0.0,,0.0,0.0,0.0,0.0,,0.0,0.0,0.0,,491,2023-04-09,群馬県,高崎アリーナ,1855.0,12:05,13:37,1:32,利根川忠史・田中昭彦,佐々木伸子,津嶋由香,飯田 貢士,東レアローズ,埼玉上尾メディックス,3.0,0.0,25.0,23.0,27.0,25.0,25.0,12.0,,,,,77.0,60.0,26,30,23,,,1:19,3,0,3.0,,0.0
1,,山中宏予,0,,,,,,0.0,0.0,0.0,,,0.0,0.0,0.0,,0.0,,0.0,0.0,0.0,0.0,,0.0,0.0,0.0,,491,2023-04-09,群馬県,高崎アリーナ,1855.0,12:05,13:37,1:32,利根川忠史・田中昭彦,佐々木伸子,津嶋由香,飯田 貢士,埼玉上尾メディックス,東レアローズ,0.0,3.0,23.0,25.0,25.0,27.0,12.0,25.0,,,,,60.0,77.0,26,30,23,,,1:19,0,3,,3.0,0.0
2,,岩崎こよみ,3,■,■,■,,,0.0,0.0,0.0,,,0.0,0.0,0.0,,0.0,,11.0,0.0,0.0,2.0,4.5,0.0,0.0,0.0,,491,2023-04-09,群馬県,高崎アリーナ,1855.0,12:05,13:37,1:32,利根川忠史・田中昭彦,佐々木伸子,津嶋由香,飯田 貢士,埼玉上尾メディックス,東レアローズ,0.0,3.0,23.0,25.0,25.0,27.0,12.0,25.0,,,,,60.0,77.0,26,30,23,,,1:19,0,3,,3.0,0.0
3,,サンティアゴアライジャダフニ,3,■,■,■,,,15.0,6.0,0.0,40.0,2.0,0.0,0.0,0.0,,2.0,0.67,6.0,0.0,1.0,1.0,0.0,0.0,0.0,0.0,,491,2023-04-09,群馬県,高崎アリーナ,1855.0,12:05,13:37,1:32,利根川忠史・田中昭彦,佐々木伸子,津嶋由香,飯田 貢士,埼玉上尾メディックス,東レアローズ,0.0,3.0,23.0,25.0,25.0,27.0,12.0,25.0,,,,,60.0,77.0,26,30,23,,,1:19,0,3,,3.0,8.0
5,,山崎のの花,3,□,□,□,,,0.0,0.0,0.0,,,0.0,0.0,0.0,,0.0,,0.0,0.0,0.0,0.0,,0.0,0.0,0.0,,491,2023-04-09,群馬県,高崎アリーナ,1855.0,12:05,13:37,1:32,利根川忠史・田中昭彦,佐々木伸子,津嶋由香,飯田 貢士,埼玉上尾メディックス,東レアローズ,0.0,3.0,23.0,25.0,25.0,27.0,12.0,25.0,,,,,60.0,77.0,26,30,23,,,1:19,0,3,,3.0,0.0
7,L,山岸あかね,3,●,●,●,,,0.0,0.0,0.0,,,0.0,0.0,0.0,,0.0,,0.0,0.0,0.0,0.0,,23.0,9.0,5.0,50.0,491,2023-04-09,群馬県,高崎アリーナ,1855.0,12:05,13:37,1:32,利根川忠史・田中昭彦,佐々木伸子,津嶋由香,飯田 貢士,埼玉上尾メディックス,東レアローズ,0.0,3.0,23.0,25.0,25.0,27.0,12.0,25.0,,,,,60.0,77.0,26,30,23,,,1:19,0,3,,3.0,0.0
9,,内瀬戸真実,3,■,■,■,,,18.0,8.0,1.0,44.4,2.67,0.0,0.0,0.0,,0.0,,11.0,0.0,1.0,3.0,4.5,13.0,10.0,3.0,88.5,491,2023-04-09,群馬県,高崎アリーナ,1855.0,12:05,13:37,1:32,利根川忠史・田中昭彦,佐々木伸子,津嶋由香,飯田 貢士,埼玉上尾メディックス,東レアローズ,0.0,3.0,23.0,25.0,25.0,27.0,12.0,25.0,,,,,60.0,77.0,26,30,23,,,1:19,0,3,,3.0,8.0
10,,佐藤優花,3,■,■,■,,,33.0,10.0,2.0,30.3,3.33,4.0,2.0,0.0,50.0,0.0,,11.0,0.0,0.0,4.0,9.1,11.0,0.0,2.0,9.1,491,2023-04-09,群馬県,高崎アリーナ,1855.0,12:05,13:37,1:32,利根川忠史・田中昭彦,佐々木伸子,津嶋由香,飯田 貢士,埼玉上尾メディックス,東レアローズ,0.0,3.0,23.0,25.0,25.0,27.0,12.0,25.0,,,,,60.0,77.0,26,30,23,,,1:19,0,3,,3.0,10.0
11,,青柳京古,3,■,■,■,,,9.0,3.0,1.0,33.3,1.0,0.0,0.0,0.0,,0.0,,7.0,0.0,1.0,0.0,-3.6,2.0,0.0,2.0,50.0,491,2023-04-09,群馬県,高崎アリーナ,1855.0,12:05,13:37,1:32,利根川忠史・田中昭彦,佐々木伸子,津嶋由香,飯田 貢士,埼玉上尾メディックス,東レアローズ,0.0,3.0,23.0,25.0,25.0,27.0,12.0,25.0,,,,,60.0,77.0,26,30,23,,,1:19,0,3,,3.0,3.0
12,,岩澤実育,3,□,□,□,,,0.0,0.0,0.0,,,0.0,0.0,0.0,,0.0,,5.0,0.0,0.0,1.0,5.0,2.0,0.0,0.0,0.0,491,2023-04-09,群馬県,高崎アリーナ,1855.0,12:05,13:37,1:32,利根川忠史・田中昭彦,佐々木伸子,津嶋由香,飯田 貢士,埼玉上尾メディックス,東レアローズ,0.0,3.0,23.0,25.0,25.0,27.0,12.0,25.0,,,,,60.0,77.0,26,30,23,,,1:19,0,3,,3.0,0.0
16,,佐々木海空,0,,,,,,0.0,0.0,0.0,,,0.0,0.0,0.0,,0.0,,0.0,0.0,0.0,0.0,,0.0,0.0,0.0,,491,2023-04-09,群馬県,高崎アリーナ,1855.0,12:05,13:37,1:32,利根川忠史・田中昭彦,佐々木伸子,津嶋由香,飯田 貢士,埼玉上尾メディックス,東レアローズ,0.0,3.0,23.0,25.0,25.0,27.0,12.0,25.0,,,,,60.0,77.0,26,30,23,,,1:19,0,3,,3.0,0.0
17,,鎌田咲希,0,,,,,,0.0,0.0,0.0,,,0.0,0.0,0.0,,0.0,,0.0,0.0,0.0,0.0,,0.0,0.0,0.0,,491,2023-04-09,群馬県,高崎アリーナ,1855.0,12:05,13:37,1:32,利根川忠史・田中昭彦,佐々木伸子,津嶋由香,飯田 貢士,埼玉上尾メディックス,東レアローズ,0.0,3.0,23.0,25.0,25.0,27.0,12.0,25.0,,,,,60.0,77.0,26,30,23,,,1:19,0,3,,3.0,0.0
19,,仁井田桃子,3,□,□,□,,,7.0,2.0,0.0,28.6,0.67,0.0,0.0,0.0,,0.0,,0.0,0.0,0.0,0.0,,1.0,0.0,1.0,50.0,491,2023-04-09,群馬県,高崎アリーナ,1855.0,12:05,13:37,1:32,利根川忠史・田中昭彦,佐々木伸子,津嶋由香,飯田 貢士,埼玉上尾メディックス,東レアローズ,0.0,3.0,23.0,25.0,25.0,27.0,12.0,25.0,,,,,60.0,77.0,26,30,23,,,1:19,0,3,,3.0,2.0
22,,目黒安希,0,,,,,,0.0,0.0,0.0,,,0.0,0.0,0.0,,0.0,,0.0,0.0,0.0,0.0,,0.0,0.0,0.0,,491,2023-04-09,群馬県,高崎アリーナ,1855.0,12:05,13:37,1:32,利根川忠史・田中昭彦,佐々木伸子,津嶋由香,飯田 貢士,埼玉上尾メディックス,東レアローズ,0.0,3.0,23.0,25.0,25.0,27.0,12.0,25.0,,,,,60.0,77.0,26,30,23,,,1:19,0,3,,3.0,0.0
24,,ロゾサラ,3,■,■,■,,,32.0,13.0,2.0,40.6,4.33,9.0,3.0,0.0,33.3,1.0,0.33,11.0,0.0,2.0,5.0,6.8,18.0,6.0,4.0,44.4,491,2023-04-09,群馬県,高崎アリーナ,1855.0,12:05,13:37,1:32,利根川忠史・田中昭彦,佐々木伸子,津嶋由香,飯田 貢士,埼玉上尾メディックス,東レアローズ,0.0,3.0,23.0,25.0,25.0,27.0,12.0,25.0,,,,,60.0,77.0,26,30,23,,,1:19,0,3,,3.0,14.0
1,,長岡望悠,3,□,□,■,,,14.0,7.0,1.0,50.0,2.33,4.0,2.0,0.0,50.0,0.0,,3.0,0.0,2.0,1.0,-8.3,1.0,1.0,0.0,100.0,492,2023-04-09,群馬県,高崎アリーナ,1825.0,15:05,16:37,1:32,利根川忠史・田中昭彦,増岡三佳子,明井寿枝,新井裕之,久光スプリングス,NECレッドロケッツ,0.0,3.0,13.0,25.0,20.0,25.0,23.0,25.0,,,,,56.0,75.0,21,28,30,,,1:19,0,3,3.0,,7.0
2,,井上美咲,2,□,□,,,,0.0,0.0,0.0,,,0.0,0.0,0.0,,0.0,,2.0,0.0,0.0,0.0,0.0,0.0,0.0,0.0,,492,2023-04-09,群馬県,高崎アリーナ,1825.0,15:05,16:37,1:32,利根川忠史・田中昭彦,増岡三佳子,明井寿枝,新井裕之,久光スプリングス,NECレッドロケッツ,0.0,3.0,13.0,25.0,20.0,25.0,23.0,25.0,,,,,56.0,75.0,21,28,30,,,1:19,0,3,3.0,,0.0
3,,中川美柚,2,,□,■,,,19.0,6.0,1.0,31.6,3.0,0.0,0.0,0.0,,2.0,1.0,5.0,0.0,0.0,3.0,15.0,15.0,2.0,4.0,26.7,492,2023-04-09,群馬県,高崎アリーナ,1825.0,15:05,16:37,1:32,利根川忠史・田中昭彦,増岡三佳子,明井寿枝,新井裕之,久光スプリングス,NECレッドロケッツ,0.0,3.0,13.0,25.0,20.0,25.0,23.0,25.0,,,,,56.0,75.0,21,28,30,,,1:19,0,3,3.0,,8.0
4,,濱松明日香,1,■,,,,,2.0,0.0,1.0,0.0,,0.0,0.0,0.0,,0.0,,2.0,0.0,0.0,1.0,12.5,0.0,0.0,0.0,,492,2023-04-09,群馬県,高崎アリーナ,1825.0,15:05,16:37,1:32,利根川忠史・田中昭彦,増岡三佳子,明井寿枝,新井裕之,久光スプリングス,NECレッドロケッツ,0.0,3.0,13.0,25.0,20.0,25.0,23.0,25.0,,,,,56.0,75.0,21,28,30,,,1:19,0,3,3.0,,0.0
6,,石井優希,3,■,■,■,,,27.0,9.0,3.0,33.3,3.0,1.0,1.0,0.0,100.0,0.0,,6.0,0.0,0.0,2.0,8.3,30.0,9.0,9.0,45.0,492,2023-04-09,群馬県,高崎アリーナ,1825.0,15:05,16:37,1:32,利根川忠史・田中昭彦,増岡三佳子,明井寿枝,新井裕之,久光スプリングス,NECレッドロケッツ,0.0,3.0,13.0,25.0,20.0,25.0,23.0,25.0,,,,,56.0,75.0,21,28,30,,,1:19,0,3,3.0,,9.0
7,,ファンヘッケリセ,2,■,■,,,,17.0,5.0,2.0,29.4,2.5,4.0,0.0,2.0,0.0,0.0,,2.0,0.0,0.0,1.0,12.5,0.0,0.0,0.0,,492,2023-04-09,群馬県,高崎アリーナ,1825.0,15:05,16:37,1:32,利根川忠史・田中昭彦,増岡三佳子,明井寿枝,新井裕之,久光スプリングス,NECレッドロケッツ,0.0,3.0,13.0,25.0,20.0,25.0,23.0,25.0,,,,,56.0,75.0,21,28,30,,,1:19,0,3,3.0,,5.0
8,,平山詩嫣,2,,■,■,,,6.0,4.0,0.0,66.7,2.0,0.0,0.0,0.0,,1.0,0.5,9.0,0.0,0.0,5.0,13.9,3.0,2.0,0.0,66.7,492,2023-04-09,群馬県,高崎アリーナ,1825.0,15:05,16:37,1:32,利根川忠史・田中昭彦,増岡三佳子,明井寿枝,新井裕之,久光スプリングス,NECレッドロケッツ,0.0,3.0,13.0,25.0,20.0,25.0,23.0,25.0,,,,,56.0,75.0,21,28,30,,,1:19,0,3,3.0,,5.0
10,,大竹里歩,0,,,,,,0.0,0.0,0.0,,,0.0,0.0,0.0,,0.0,,0.0,0.0,0.0,0.0,,0.0,0.0,0.0,,492,2023-04-09,群馬県,高崎アリーナ,1825.0,15:05,16:37,1:32,利根川忠史・田中昭彦,増岡三佳子,明井寿枝,新井裕之,久光スプリングス,NECレッドロケッツ,0.0,3.0,13.0,25.0,20.0,25.0,23.0,25.0,,,,,56.0,75.0,21,28,30,,,1:19,0,3,3.0,,0.0
11,,栄絵里香,3,■,■,■,,,0.0,0.0,0.0,,,0.0,0.0,0.0,,0.0,,15.0,0.0,1.0,7.0,10.0,0.0,0.0,0.0,,492,2023-04-09,群馬県,高崎アリーナ,1825.0,15:05,16:37,1:32,利根川忠史・田中昭彦,増岡三佳子,明井寿枝,新井裕之,久光スプリングス,NECレッドロケッツ,0.0,3.0,13.0,25.0,20.0,25.0,23.0,25.0,,,,,56.0,75.0,21,28,30,,,1:19,0,3,3.0,,0.0
13,,白澤明香里,1,,,□,,,0.0,0.0,0.0,,,0.0,0.0,0.0,,0.0,,1.0,0.0,0.0,1.0,25.0,0.0,0.0,0.0,,492,2023-04-09,群馬県,高崎アリーナ,1825.0,15:05,16:37,1:32,利根川忠史・田中昭彦,増岡三佳子,明井寿枝,新井裕之,久光スプリングス,NECレッドロケッツ,0.0,3.0,13.0,25.0,20.0,25.0,23.0,25.0,,,,,56.0,75.0,21,28,30,,,1:19,0,3,3.0,,0.0
18,,戸江真奈,2,□,,□,,,0.0,0.0,0.0,,,0.0,0.0,0.0,,0.0,,0.0,0.0,0.0,0.0,,5.0,2.0,3.0,70.0,492,2023-04-09,群馬県,高崎アリーナ,1825.0,15:05,16:37,1:32,利根川忠史・田中昭彦,増岡三佳子,明井寿枝,新井裕之,久光スプリングス,NECレッドロケッツ,0.0,3.0,13.0,25.0,20.0,25.0,23.0,25.0,,,,,56.0,75.0,21,28,30,,,1:19,0,3,3.0,,0.0
20,,荒木彩花,3,■,■,■,,,13.0,6.0,1.0,46.2,2.0,0.0,0.0,0.0,,3.0,1.0,9.0,0.0,0.0,1.0,2.8,2.0,2.0,0.0,100.0,492,2023-04-09,群馬県,高崎アリーナ,1825.0,15:05,16:37,1:32,利根川忠史・田中昭彦,増岡三佳子,明井寿枝,新井裕之,久光スプリングス,NECレッドロケッツ,0.0,3.0,13.0,25.0,20.0,25.0,23.0,25.0,,,,,56.0,75.0,21,28,30,,,1:19,0,3,3.0,,9.0
21,,中島咲愛,2,■,■,,,,18.0,4.0,2.0,22.2,2.0,0.0,0.0,0.0,,0.0,,3.0,0.0,0.0,1.0,8.3,11.0,5.0,1.0,50.0,492,2023-04-09,群馬県,高崎アリーナ,1825.0,15:05,16:37,1:32,利根川忠史・田中昭彦,増岡三佳子,明井寿枝,新井裕之,久光スプリングス,NECレッドロケッツ,0.0,3.0,13.0,25.0,20.0,25.0,23.0,25.0,,,,,56.0,75.0,21,28,30,,,1:19,0,3,3.0,,4.0
24,L,西村弥菜美,3,●,●,●,,,0.0,0.0,0.0,,,0.0,0.0,0.0,,0.0,,0.0,0.0,0.0,0.0,,4.0,3.0,1.0,87.5,492,2023-04-09,群馬県,高崎アリーナ,1825.0,15:05,16:37,1:32,利根川忠史・田中昭彦,増岡三佳子,明井寿枝,新井裕之,久光スプリングス,NECレッドロケッツ,0.0,3.0,13.0,25.0,20.0,25.0,23.0,25.0,,,,,56.0,75.0,21,28,30,,,1:19,0,3,3.0,,0.0
1,,島村春世,3,■,■,■,,,12.0,6.0,0.0,50.0,2.0,0.0,0.0,0.0,,4.0,1.33,7.0,0.0,1.0,1.0,0.0,1.0,1.0,0.0,100.0,492,2023-04-09,群馬県,高崎アリーナ,1825.0,15:05,16:37,1:32,利根川忠史・田中昭彦,増岡三佳子,明井寿枝,新井裕之,NECレッドロケッツ,久光スプリングス,3.0,0.0,25.0,13.0,25.0,20.0,25.0,23.0,,,,,75.0,56.0,21,28,30,,,1:19,3,0,,3.0,10.0
2,,古賀紗理那,3,■,■,■,,,31.0,13.0,3.0,41.9,4.33,4.0,1.0,1.0,25.0,3.0,1.0,10.0,0.0,0.0,4.0,10.0,14.0,5.0,4.0,50.0,492,2023-04-09,群馬県,高崎アリーナ,1825.0,15:05,16:37,1:32,利根川忠史・田中昭彦,増岡三佳子,明井寿枝,新井裕之,NECレッドロケッツ,久光スプリングス,3.0,0.0,25.0,13.0,25.0,20.0,25.0,23.0,,,,,75.0,56.0,21,28,30,,,1:19,3,0,,3.0,16.0
3,,塚田しおり,0,,,,,,0.0,0.0,0.0,,,0.0,0.0,0.0,,0.0,,0.0,0.0,0.0,0.0,,0.0,0.0,0.0,,492,2023-04-09,群馬県,高崎アリーナ,1825.0,15:05,16:37,1:32,利根川忠史・田中昭彦,増岡三佳子,明井寿枝,新井裕之,NECレッドロケッツ,久光スプリングス,3.0,0.0,25.0,13.0,25.0,20.0,25.0,23.0,,,,,75.0,56.0,21,28,30,,,1:19,3,0,,3.0,0.0
6,,上野香織,3,■,■,■,,,8.0,2.0,0.0,25.0,0.67,0.0,0.0,0.0,,0.0,,11.0,2.0,1.0,2.0,20.5,1.0,1.0,0.0,100.0,492,2023-04-09,群馬県,高崎アリーナ,1825.0,15:05,16:37,1:32,利根川忠史・田中昭彦,増岡三佳子,明井寿枝,新井裕之,NECレッドロケッツ,久光スプリングス,3.0,0.0,25.0,13.0,25.0,20.0,25.0,23.0,,,,,75.0,56.0,21,28,30,,,1:19,3,0,,3.0,4.0
10,,澤田由佳,3,■,■,■,,,1.0,0.0,1.0,0.0,,0.0,0.0,0.0,,0.0,,12.0,1.0,0.0,3.0,14.6,0.0,0.0,0.0,,492,2023-04-09,群馬県,高崎アリーナ,1825.0,15:05,16:37,1:32,利根川忠史・田中昭彦,増岡三佳子,明井寿枝,新井裕之,NECレッドロケッツ,久光スプリングス,3.0,0.0,25.0,13.0,25.0,20.0,25.0,23.0,,,,,75.0,56.0,21,28,30,,,1:19,3,0,,3.0,1.0
11,,古谷ちなみ,0,,,,,,0.0,0.0,0.0,,,0.0,0.0,0.0,,0.0,,0.0,0.0,0.0,0.0,,0.0,0.0,0.0,,492,2023-04-09,群馬県,高崎アリーナ,1825.0,15:05,16:37,1:32,利根川忠史・田中昭彦,増岡三佳子,明井寿枝,新井裕之,NECレッドロケッツ,久光スプリングス,3.0,0.0,25.0,13.0,25.0,20.0,25.0,23.0,,,,,75.0,56.0,21,28,30,,,1:19,3,0,,3.0,0.0
12,,山内美咲,3,■,■,■,,,25.0,11.0,0.0,44.0,3.67,0.0,0.0,0.0,,1.0,0.33,13.0,1.0,0.0,2.0,11.5,1.0,1.0,0.0,100.0,492,2023-04-09,群馬県,高崎アリーナ,1825.0,15:05,16:37,1:32,利根川忠史・田中昭彦,増岡三佳子,明井寿枝,新井裕之,NECレッドロケッツ,久光スプリングス,3.0,0.0,25.0,13.0,25.0,20.0,25.0,23.0,,,,,75.0,56.0,21,28,30,,,1:19,3,0,,3.0,13.0
13,,山田二千華,1,,,□,,,4.0,1.0,0.0,25.0,1.0,0.0,0.0,0.0,,0.0,,1.0,0.0,0.0,0.0,0.0,1.0,1.0,0.0,100.0,492,2023-04-09,群馬県,高崎アリーナ,1825.0,15:05,16:37,1:32,利根川忠史・田中昭彦,増岡三佳子,明井寿枝,新井裕之,NECレッドロケッツ,久光スプリングス,3.0,0.0,25.0,13.0,25.0,20.0,25.0,23.0,,,,,75.0,56.0,21,28,30,,,1:19,3,0,,3.0,1.0
16,L,小島満菜美,3,●,●,●,,,0.0,0.0,0.0,,,0.0,0.0,0.0,,0.0,,0.0,0.0,0.0,0.0,,10.0,4.0,2.0,50.0,492,2023-04-09,群馬県,高崎アリーナ,1825.0,15:05,16:37,1:32,利根川忠史・田中昭彦,増岡三佳子,明井寿枝,新井裕之,NECレッドロケッツ,久光スプリングス,3.0,0.0,25.0,13.0,25.0,20.0,25.0,23.0,,,,,75.0,56.0,21,28,30,,,1:19,3,0,,3.0,0.0
18,,ウィルハイトサラ,3,■,■,■,,,27.0,8.0,3.0,29.6,2.67,2.0,0.0,1.0,0.0,1.0,0.33,18.0,2.0,0.0,8.0,22.2,26.0,5.0,7.0,32.7,492,2023-04-09,群馬県,高崎アリーナ,1825.0,15:05,16:37,1:32,利根川忠史・田中昭彦,増岡三佳子,明井寿枝,新井裕之,NECレッドロケッツ,久光スプリングス,3.0,0.0,25.0,13.0,25.0,20.0,25.0,23.0,,,,,75.0,56.0,21,28,30,,,1:19,3,0,,3.0,11.0
19,L,藤井莉子,0,,,,,,0.0,0.0,0.0,,,0.0,0.0,0.0,,0.0,,0.0,0.0,0.0,0.0,,0.0,0.0,0.0,,492,2023-04-09,群馬県,高崎アリーナ,1825.0,15:05,16:37,1:32,利根川忠史・田中昭彦,増岡三佳子,明井寿枝,新井裕之,NECレッドロケッツ,久光スプリングス,3.0,0.0,25.0,13.0,25.0,20.0,25.0,23.0,,,,,75.0,56.0,21,28,30,,,1:19,3,0,,3.0,0.0
20,,井上琴絵,1,□,,,,,0.0,0.0,0.0,,,0.0,0.0,0.0,,0.0,,2.0,0.0,0.0,1.0,12.5,0.0,0.0,0.0,,492,2023-04-09,群馬県,高崎アリーナ,1825.0,15:05,16:37,1:32,利根川忠史・田中昭彦,増岡三佳子,明井寿枝,新井裕之,NECレッドロケッツ,久光スプリングス,3.0,0.0,25.0,13.0,25.0,20.0,25.0,23.0,,,,,75.0,56.0,21,28,30,,,1:19,3,0,,3.0,0.0
21,,廣田あい,3,□,□,□,,,7.0,2.0,0.0,28.6,0.67,0.0,0.0,0.0,,0.0,,0.0,0.0,0.0,0.0,,0.0,0.0,0.0,,492,2023-04-09,群馬県,高崎アリーナ,1825.0,15:05,16:37,1:32,利根川忠史・田中昭彦,増岡三佳子,明井寿枝,新井裕之,NECレッドロケッツ,久光スプリングス,3.0,0.0,25.0,13.0,25.0,20.0,25.0,23.0,,,,,75.0,56.0,21,28,30,,,1:19,3,0,,3.0,2.0
22,,中川つかさ,3,□,□,□,,,0.0,0.0,0.0,,,0.0,0.0,0.0,,0.0,,0.0,0.0,0.0,0.0,,0.0,0.0,0.0,,492,2023-04-09,群馬県,高崎アリーナ,1825.0,15:05,16:37,1:32,利根川忠史・田中昭彦,増岡三佳子,明井寿枝,新井裕之,NECレッドロケッツ,久光スプリングス,3.0,0.0,25.0,13.0,25.0,20.0,25.0,23.0,,,,,75.0,56.0,21,28,30,,,1:19,3,0,,3.0,0.0
2,,中田紫乃,0,,,,,,0.0,0.0,0.0,,,0.0,0.0,0.0,,0.0,,0.0,0.0,0.0,0.0,,0.0,0.0,0.0,,493,2023-04-15,愛知県,豊田市総合体育館,1721.0,12:05,13:25,1:20,髙橋憲太郎,増岡三佳子,原啓之,松本冴香,東レアローズ,久光スプリングス,0.0,3.0,15.0,25.0,19.0,25.0,23.0,25.0,,,,,57.0,75.0,23,24,27,,,1:14,0,3,3.0,,0.0
3,L,中島未来,3,●,●,●,,,0.0,0.0,0.0,,,0.0,0.0,0.0,,0.0,,0.0,0.0,0.0,0.0,,0.0,0.0,0.0,,493,2023-04-15,愛知県,豊田市総合体育館,1721.0,12:05,13:25,1:20,髙橋憲太郎,増岡三佳子,原啓之,松本冴香,東レアローズ,久光スプリングス,0.0,3.0,15.0,25.0,19.0,25.0,23.0,25.0,,,,,57.0,75.0,23,24,27,,,1:14,0,3,3.0,,0.0
4,,小川愛里奈,3,■,■,■,,,12.0,3.0,0.0,25.0,1.0,0.0,0.0,0.0,,0.0,,12.0,0.0,1.0,3.0,4.2,2.0,1.0,1.0,75.0,493,2023-04-15,愛知県,豊田市総合体育館,1721.0,12:05,13:25,1:20,髙橋憲太郎,増岡三佳子,原啓之,松本冴香,東レアローズ,久光スプリングス,0.0,3.0,15.0,25.0,19.0,25.0,23.0,25.0,,,,,57.0,75.0,23,24,27,,,1:14,0,3,3.0,,3.0
5,,黒後愛,3,□,□,□,,,11.0,6.0,1.0,54.5,2.0,1.0,0.0,0.0,0.0,1.0,0.33,4.0,0.0,0.0,1.0,6.2,12.0,1.0,6.0,33.3,493,2023-04-15,愛知県,豊田市総合体育館,1721.0,12:05,13:25,1:20,髙橋憲太郎,増岡三佳子,原啓之,松本冴香,東レアローズ,久光スプリングス,0.0,3.0,15.0,25.0,19.0,25.0,23.0,25.0,,,,,57.0,75.0,23,24,27,,,1:14,0,3,3.0,,7.0
6,,関菜々巳,3,■,■,■,,,1.0,1.0,0.0,100.0,0.33,0.0,0.0,0.0,,0.0,,4.0,0.0,1.0,1.0,0.0,0.0,0.0,0.0,,493,2023-04-15,愛知県,豊田市総合体育館,1721.0,12:05,13:25,1:20,髙橋憲太郎,増岡三佳子,原啓之,松本冴香,東レアローズ,久光スプリングス,0.0,3.0,15.0,25.0,19.0,25.0,23.0,25.0,,,,,57.0,75.0,23,24,27,,,1:14,0,3,3.0,,1.0
7,,クランヤナ,3,■,■,■,,,22.0,12.0,2.0,54.5,4.0,1.0,1.0,0.0,100.0,0.0,,5.0,0.0,0.0,1.0,5.0,0.0,0.0,0.0,,493,2023-04-15,愛知県,豊田市総合体育館,1721.0,12:05,13:25,1:20,髙橋憲太郎,増岡三佳子,原啓之,松本冴香,東レアローズ,久光スプリングス,0.0,3.0,15.0,25.0,19.0,25.0,23.0,25.0,,,,,57.0,75.0,23,24,27,,,1:14,0,3,3.0,,12.0
8,,真鍋くるみ,3,□,□,□,,,1.0,0.0,0.0,0.0,,0.0,0.0,0.0,,0.0,,6.0,0.0,0.0,1.0,4.2,0.0,0.0,0.0,,493,2023-04-15,愛知県,豊田市総合体育館,1721.0,12:05,13:25,1:20,髙橋憲太郎,増岡三佳子,原啓之,松本冴香,東レアローズ,久光スプリングス,0.0,3.0,15.0,25.0,19.0,25.0,23.0,25.0,,,,,57.0,75.0,23,24,27,,,1:14,0,3,3.0,,0.0
9,L,水杉玲奈,3,〇,〇,〇,,,0.0,0.0,0.0,,,0.0,0.0,0.0,,0.0,,0.0,0.0,0.0,0.0,,14.0,6.0,6.0,64.3,493,2023-04-15,愛知県,豊田市総合体育館,1721.0,12:05,13:25,1:20,髙橋憲太郎,増岡三佳子,原啓之,松本冴香,東レアローズ,久光スプリングス,0.0,3.0,15.0,25.0,19.0,25.0,23.0,25.0,,,,,57.0,75.0,23,24,27,,,1:14,0,3,3.0,,0.0
10,,石川真佑,0,,,,,,0.0,0.0,0.0,,,0.0,0.0,0.0,,0.0,,0.0,0.0,0.0,0.0,,0.0,0.0,0.0,,493,2023-04-15,愛知県,豊田市総合体育館,1721.0,12:05,13:25,1:20,髙橋憲太郎,増岡三佳子,原啓之,松本冴香,東レアローズ,久光スプリングス,0.0,3.0,15.0,25.0,19.0,25.0,23.0,25.0,,,,,57.0,75.0,23,24,27,,,1:14,0,3,3.0,,0.0
11,,野呂加南子,3,■,■,■,,,13.0,4.0,1.0,30.8,1.33,1.0,1.0,0.0,100.0,1.0,0.33,5.0,0.0,0.0,1.0,5.0,12.0,4.0,6.0,58.3,493,2023-04-15,愛知県,豊田市総合体育館,1721.0,12:05,13:25,1:20,髙橋憲太郎,増岡三佳子,原啓之,松本冴香,東レアローズ,久光スプリングス,0.0,3.0,15.0,25.0,19.0,25.0,23.0,25.0,,,,,57.0,75.0,23,24,27,,,1:14,0,3,3.0,,5.0
12,,大崎琴未,3,■,■,■,,,6.0,2.0,1.0,33.3,0.67,0.0,0.0,0.0,,2.0,0.67,8.0,0.0,1.0,4.0,9.4,1.0,0.0,1.0,50.0,493,2023-04-15,愛知県,豊田市総合体育館,1721.0,12:05,13:25,1:20,髙橋憲太郎,増岡三佳子,原啓之,松本冴香,東レアローズ,久光スプリングス,0.0,3.0,15.0,25.0,19.0,25.0,23.0,25.0,,,,,57.0,75.0,23,24,27,,,1:14,0,3,3.0,,4.0
14,,西川吉野,3,■,■,■,,,28.0,11.0,3.0,39.3,3.67,1.0,0.0,0.0,0.0,0.0,,10.0,0.0,2.0,5.0,7.5,25.0,4.0,10.0,36.0,493,2023-04-15,愛知県,豊田市総合体育館,1721.0,12:05,13:25,1:20,髙橋憲太郎,増岡三佳子,原啓之,松本冴香,東レアローズ,久光スプリングス,0.0,3.0,15.0,25.0,19.0,25.0,23.0,25.0,,,,,57.0,75.0,23,24,27,,,1:14,0,3,3.0,,11.0
15,,樫村まどか,0,,,,,,0.0,0.0,0.0,,,0.0,0.0,0.0,,0.0,,0.0,0.0,0.0,0.0,,0.0,0.0,0.0,,493,2023-04-15,愛知県,豊田市総合体育館,1721.0,12:05,13:25,1:20,髙橋憲太郎,増岡三佳子,原啓之,松本冴香,東レアローズ,久光スプリングス,0.0,3.0,15.0,25.0,19.0,25.0,23.0,25.0,,,,,57.0,75.0,23,24,27,,,1:14,0,3,3.0,,0.0
16,,深澤つぐみ,3,□,□,□,,,16.0,3.0,0.0,18.8,1.0,0.0,0.0,0.0,,0.0,,4.0,1.0,3.0,0.0,6.2,1.0,0.0,0.0,0.0,493,2023-04-15,愛知県,豊田市総合体育館,1721.0,12:05,13:25,1:20,髙橋憲太郎,増岡三佳子,原啓之,松本冴香,東レアローズ,久光スプリングス,0.0,3.0,15.0,25.0,19.0,25.0,23.0,25.0,,,,,57.0,75.0,23,24,27,,,1:14,0,3,3.0,,4.0
1,,長岡望悠,3,□,□,□,,,5.0,3.0,0.0,60.0,1.0,0.0,0.0,0.0,,0.0,,0.0,0.0,0.0,0.0,,0.0,0.0,0.0,,493,2023-04-15,愛知県,豊田市総合体育館,1721.0,12:05,13:25,1:20,髙橋憲太郎,増岡三佳子,原啓之,松本冴香,久光スプリングス,東レアローズ,3.0,0.0,25.0,15.0,25.0,19.0,25.0,23.0,,,,,75.0,57.0,23,24,27,,,1:14,3,0,,3.0,3.0
2,,井上美咲,3,□,□,□,,,0.0,0.0,0.0,,,0.0,0.0,0.0,,0.0,,4.0,0.0,0.0,1.0,6.2,0.0,0.0,0.0,,493,2023-04-15,愛知県,豊田市総合体育館,1721.0,12:05,13:25,1:20,髙橋憲太郎,増岡三佳子,原啓之,松本冴香,久光スプリングス,東レアローズ,3.0,0.0,25.0,15.0,25.0,19.0,25.0,23.0,,,,,75.0,57.0,23,24,27,,,1:14,3,0,,3.0,0.0
3,,中川美柚,1,,,□,,,9.0,2.0,1.0,22.2,2.0,0.0,0.0,0.0,,0.0,,3.0,0.0,1.0,1.0,0.0,3.0,1.0,0.0,33.3,493,2023-04-15,愛知県,豊田市総合体育館,1721.0,12:05,13:25,1:20,髙橋憲太郎,増岡三佳子,原啓之,松本冴香,久光スプリングス,東レアローズ,3.0,0.0,25.0,15.0,25.0,19.0,25.0,23.0,,,,,75.0,57.0,23,24,27,,,1:14,3,0,,3.0,2.0
4,,濱松明日香,3,■,■,■,,,12.0,8.0,0.0,66.7,2.67,0.0,0.0,0.0,,2.0,0.67,8.0,0.0,0.0,1.0,3.1,5.0,2.0,1.0,50.0,493,2023-04-15,愛知県,豊田市総合体育館,1721.0,12:05,13:25,1:20,髙橋憲太郎,増岡三佳子,原啓之,松本冴香,久光スプリングス,東レアローズ,3.0,0.0,25.0,15.0,25.0,19.0,25.0,23.0,,,,,75.0,57.0,23,24,27,,,1:14,3,0,,3.0,10.0
6,,石井優希,3,■,■,■,,,14.0,5.0,0.0,35.7,1.67,1.0,0.0,0.0,0.0,1.0,0.33,11.0,0.0,1.0,6.0,11.4,19.0,5.0,8.0,47.4,493,2023-04-15,愛知県,豊田市総合体育館,1721.0,12:05,13:25,1:20,髙橋憲太郎,増岡三佳子,原啓之,松本冴香,久光スプリングス,東レアローズ,3.0,0.0,25.0,15.0,25.0,19.0,25.0,23.0,,,,,75.0,57.0,23,24,27,,,1:14,3,0,,3.0,6.0
7,,ファンヘッケリセ,3,■,■,■,,,26.0,15.0,1.0,57.7,5.0,3.0,1.0,1.0,33.3,3.0,1.0,6.0,1.0,2.0,0.0,8.3,0.0,0.0,0.0,,493,2023-04-15,愛知県,豊田市総合体育館,1721.0,12:05,13:25,1:20,髙橋憲太郎,増岡三佳子,原啓之,松本冴香,久光スプリングス,東レアローズ,3.0,0.0,25.0,15.0,25.0,19.0,25.0,23.0,,,,,75.0,57.0,23,24,27,,,1:14,3,0,,3.0,19.0
8,,平山詩嫣,0,,,,,,0.0,0.0,0.0,,,0.0,0.0,0.0,,0.0,,0.0,0.0,0.0,0.0,,0.0,0.0,0.0,,493,2023-04-15,愛知県,豊田市総合体育館,1721.0,12:05,13:25,1:20,髙橋憲太郎,増岡三佳子,原啓之,松本冴香,久光スプリングス,東レアローズ,3.0,0.0,25.0,15.0,25.0,19.0,25.0,23.0,,,,,75.0,57.0,23,24,27,,,1:14,3,0,,3.0,0.0
10,,大竹里歩,0,,,,,,0.0,0.0,0.0,,,0.0,0.0,0.0,,0.0,,0.0,0.0,0.0,0.0,,0.0,0.0,0.0,,493,2023-04-15,愛知県,豊田市総合体育館,1721.0,12:05,13:25,1:20,髙橋憲太郎,増岡三佳子,原啓之,松本冴香,久光スプリングス,東レアローズ,3.0,0.0,25.0,15.0,25.0,19.0,25.0,23.0,,,,,75.0,57.0,23,24,27,,,1:14,3,0,,3.0,0.0
11,,栄絵里香,3,■,■,■,,,0.0,0.0,0.0,,,0.0,0.0,0.0,,0.0,,20.0,0.0,1.0,8.0,8.8,0.0,0.0,0.0,,493,2023-04-15,愛知県,豊田市総合体育館,1721.0,12:05,13:25,1:20,髙橋憲太郎,増岡三佳子,原啓之,松本冴香,久光スプリングス,東レアローズ,3.0,0.0,25.0,15.0,25.0,19.0,25.0,23.0,,,,,75.0,57.0,23,24,27,,,1:14,3,0,,3.0,0.0
13,,白澤明香里,0,,,,,,0.0,0.0,0.0,,,0.0,0.0,0.0,,0.0,,0.0,0.0,0.0,0.0,,0.0,0.0,0.0,,493,2023-04-15,愛知県,豊田市総合体育館,1721.0,12:05,13:25,1:20,髙橋憲太郎,増岡三佳子,原啓之,松本冴香,久光スプリングス,東レアローズ,3.0,0.0,25.0,15.0,25.0,19.0,25.0,23.0,,,,,75.0,57.0,23,24,27,,,1:14,3,0,,3.0,0.0
18,,戸江真奈,2,□,□,,,,0.0,0.0,0.0,,,0.0,0.0,0.0,,0.0,,0.0,0.0,0.0,0.0,,4.0,1.0,1.0,37.5,493,2023-04-15,愛知県,豊田市総合体育館,1721.0,12:05,13:25,1:20,髙橋憲太郎,増岡三佳子,原啓之,松本冴香,久光スプリングス,東レアローズ,3.0,0.0,25.0,15.0,25.0,19.0,25.0,23.0,,,,,75.0,57.0,23,24,27,,,1:14,3,0,,3.0,0.0
20,,荒木彩花,3,■,■,■,,,12.0,8.0,0.0,66.7,2.67,0.0,0.0,0.0,,4.0,1.33,14.0,0.0,0.0,3.0,5.4,1.0,0.0,0.0,0.0,493,2023-04-15,愛知県,豊田市総合体育館,1721.0,12:05,13:25,1:20,髙橋憲太郎,増岡三佳子,原啓之,松本冴香,久光スプリングス,東レアローズ,3.0,0.0,25.0,15.0,25.0,19.0,25.0,23.0,,,,,75.0,57.0,23,24,27,,,1:14,3,0,,3.0,12.0
21,,中島咲愛,3,■,■,■,,,20.0,5.0,0.0,25.0,1.67,0.0,0.0,0.0,,0.0,,8.0,0.0,1.0,1.0,0.0,9.0,3.0,2.0,44.4,493,2023-04-15,愛知県,豊田市総合体育館,1721.0,12:05,13:25,1:20,髙橋憲太郎,増岡三佳子,原啓之,松本冴香,久光スプリングス,東レアローズ,3.0,0.0,25.0,15.0,25.0,19.0,25.0,23.0,,,,,75.0,57.0,23,24,27,,,1:14,3,0,,3.0,5.0
24,L,西村弥菜美,3,●,●,●,,,0.0,0.0,0.0,,,0.0,0.0,0.0,,0.0,,0.0,0.0,0.0,0.0,,9.0,7.0,1.0,83.3,493,2023-04-15,愛知県,豊田市総合体育館,1721.0,12:05,13:25,1:20,髙橋憲太郎,増岡三佳子,原啓之,松本冴香,久光スプリングス,東レアローズ,3.0,0.0,25.0,15.0,25.0,19.0,25.0,23.0,,,,,75.0,57.0,23,24,27,,,1:14,3,0,,3.0,0.0
1,,山中宏予,0,,,,,,0.0,0.0,0.0,,,0.0,0.0,0.0,,0.0,,0.0,0.0,0.0,0.0,,0.0,0.0,0.0,,494,2023-04-15,愛知県,豊田市総合体育館,1911.0,15:05,16:58,1:53,利根川忠史,渡部菜保子,山本晋五,戸田幸喜,埼玉上尾メディックス,NECレッドロケッツ,0.0,3.0,18.0,25.0,16.0,25.0,25.0,18.0,23.0,25.0,,,82.0,93.0,27,23,25,29.0,,1:44,1,3,4.0,,0.0
2,,岩崎こよみ,4,■,■,■,■,,2.0,0.0,0.0,0.0,,0.0,0.0,0.0,,0.0,,15.0,0.0,0.0,3.0,5.0,0.0,0.0,0.0,,494,2023-04-15,愛知県,豊田市総合体育館,1911.0,15:05,16:58,1:53,利根川忠史,渡部菜保子,山本晋五,戸田幸喜,埼玉上尾メディックス,NECレッドロケッツ,0.0,3.0,18.0,25.0,16.0,25.0,25.0,18.0,23.0,25.0,,,82.0,93.0,27,23,25,29.0,,1:44,1,3,4.0,,0.0
3,,サンティアゴアライジャダフニ,4,■,■,■,■,,18.0,9.0,1.0,50.0,2.25,0.0,0.0,0.0,,2.0,0.5,6.0,0.0,1.0,0.0,-4.2,2.0,2.0,0.0,100.0,494,2023-04-15,愛知県,豊田市総合体育館,1911.0,15:05,16:58,1:53,利根川忠史,渡部菜保子,山本晋五,戸田幸喜,埼玉上尾メディックス,NECレッドロケッツ,0.0,3.0,18.0,25.0,16.0,25.0,25.0,18.0,23.0,25.0,,,82.0,93.0,27,23,25,29.0,,1:44,1,3,4.0,,11.0
5,,山崎のの花,4,□,□,□,□,,0.0,0.0,0.0,,,0.0,0.0,0.0,,0.0,,0.0,0.0,0.0,0.0,,0.0,0.0,0.0,,494,2023-04-15,愛知県,豊田市総合体育館,1911.0,15:05,16:58,1:53,利根川忠史,渡部菜保子,山本晋五,戸田幸喜,埼玉上尾メディックス,NECレッドロケッツ,0.0,3.0,18.0,25.0,16.0,25.0,25.0,18.0,23.0,25.0,,,82.0,93.0,27,23,25,29.0,,1:44,1,3,4.0,,0.0
7,L,山岸あかね,4,●,●,●,●,,0.0,0.0,0.0,,,0.0,0.0,0.0,,0.0,,0.0,0.0,0.0,0.0,,21.0,12.0,6.0,71.4,494,2023-04-15,愛知県,豊田市総合体育館,1911.0,15:05,16:58,1:53,利根川忠史,渡部菜保子,山本晋五,戸田幸喜,埼玉上尾メディックス,NECレッドロケッツ,0.0,3.0,18.0,25.0,16.0,25.0,25.0,18.0,23.0,25.0,,,82.0,93.0,27,23,25,29.0,,1:44,1,3,4.0,,0.0
9,,内瀬戸真実,4,■,■,■,■,,20.0,5.0,1.0,25.0,1.25,0.0,0.0,0.0,,2.0,0.5,13.0,0.0,1.0,1.0,0.0,10.0,5.0,1.0,55.0,494,2023-04-15,愛知県,豊田市総合体育館,1911.0,15:05,16:58,1:53,利根川忠史,渡部菜保子,山本晋五,戸田幸喜,埼玉上尾メディックス,NECレッドロケッツ,0.0,3.0,18.0,25.0,16.0,25.0,25.0,18.0,23.0,25.0,,,82.0,93.0,27,23,25,29.0,,1:44,1,3,4.0,,7.0
10,,佐藤優花,4,■,■,■,■,,53.0,14.0,3.0,26.4,3.5,5.0,1.0,0.0,20.0,2.0,0.5,15.0,1.0,2.0,1.0,5.0,16.0,4.0,6.0,43.8,494,2023-04-15,愛知県,豊田市総合体育館,1911.0,15:05,16:58,1:53,利根川忠史,渡部菜保子,山本晋五,戸田幸喜,埼玉上尾メディックス,NECレッドロケッツ,0.0,3.0,18.0,25.0,16.0,25.0,25.0,18.0,23.0,25.0,,,82.0,93.0,27,23,25,29.0,,1:44,1,3,4.0,,17.0
11,,青柳京古,4,■,■,■,■,,12.0,4.0,2.0,33.3,1.0,0.0,0.0,0.0,,1.0,0.25,13.0,0.0,1.0,2.0,1.9,2.0,1.0,0.0,50.0,494,2023-04-15,愛知県,豊田市総合体育館,1911.0,15:05,16:58,1:53,利根川忠史,渡部菜保子,山本晋五,戸田幸喜,埼玉上尾メディックス,NECレッドロケッツ,0.0,3.0,18.0,25.0,16.0,25.0,25.0,18.0,23.0,25.0,,,82.0,93.0,27,23,25,29.0,,1:44,1,3,4.0,,5.0
12,,岩澤実育,4,□,□,□,□,,0.0,0.0,0.0,,,0.0,0.0,0.0,,0.0,,4.0,0.0,0.0,3.0,18.8,7.0,5.0,0.0,71.4,494,2023-04-15,愛知県,豊田市総合体育館,1911.0,15:05,16:58,1:53,利根川忠史,渡部菜保子,山本晋五,戸田幸喜,埼玉上尾メディックス,NECレッドロケッツ,0.0,3.0,18.0,25.0,16.0,25.0,25.0,18.0,23.0,25.0,,,82.0,93.0,27,23,25,29.0,,1:44,1,3,4.0,,0.0
16,,佐々木海空,0,,,,,,0.0,0.0,0.0,,,0.0,0.0,0.0,,0.0,,0.0,0.0,0.0,0.0,,0.0,0.0,0.0,,494,2023-04-15,愛知県,豊田市総合体育館,1911.0,15:05,16:58,1:53,利根川忠史,渡部菜保子,山本晋五,戸田幸喜,埼玉上尾メディックス,NECレッドロケッツ,0.0,3.0,18.0,25.0,16.0,25.0,25.0,18.0,23.0,25.0,,,82.0,93.0,27,23,25,29.0,,1:44,1,3,4.0,,0.0
17,,鎌田咲希,0,,,,,,0.0,0.0,0.0,,,0.0,0.0,0.0,,0.0,,0.0,0.0,0.0,0.0,,0.0,0.0,0.0,,494,2023-04-15,愛知県,豊田市総合体育館,1911.0,15:05,16:58,1:53,利根川忠史,渡部菜保子,山本晋五,戸田幸喜,埼玉上尾メディックス,NECレッドロケッツ,0.0,3.0,18.0,25.0,16.0,25.0,25.0,18.0,23.0,25.0,,,82.0,93.0,27,23,25,29.0,,1:44,1,3,4.0,,0.0
19,,仁井田桃子,4,□,□,□,□,,5.0,3.0,0.0,60.0,0.75,0.0,0.0,0.0,,0.0,,0.0,0.0,0.0,0.0,,1.0,1.0,0.0,100.0,494,2023-04-15,愛知県,豊田市総合体育館,1911.0,15:05,16:58,1:53,利根川忠史,渡部菜保子,山本晋五,戸田幸喜,埼玉上尾メディックス,NECレッドロケッツ,0.0,3.0,18.0,25.0,16.0,25.0,25.0,18.0,23.0,25.0,,,82.0,93.0,27,23,25,29.0,,1:44,1,3,4.0,,3.0
22,,目黒安希,0,,,,,,0.0,0.0,0.0,,,0.0,0.0,0.0,,0.0,,0.0,0.0,0.0,0.0,,0.0,0.0,0.0,,494,2023-04-15,愛知県,豊田市総合体育館,1911.0,15:05,16:58,1:53,利根川忠史,渡部菜保子,山本晋五,戸田幸喜,埼玉上尾メディックス,NECレッドロケッツ,0.0,3.0,18.0,25.0,16.0,25.0,25.0,18.0,23.0,25.0,,,82.0,93.0,27,23,25,29.0,,1:44,1,3,4.0,,0.0
24,,ロゾサラ,4,■,■,■,■,,56.0,20.0,3.0,35.7,5.0,13.0,1.0,0.0,7.7,1.0,0.25,17.0,1.0,4.0,5.0,7.4,25.0,12.0,7.0,62.0,494,2023-04-15,愛知県,豊田市総合体育館,1911.0,15:05,16:58,1:53,利根川忠史,渡部菜保子,山本晋五,戸田幸喜,埼玉上尾メディックス,NECレッドロケッツ,0.0,3.0,18.0,25.0,16.0,25.0,25.0,18.0,23.0,25.0,,,82.0,93.0,27,23,25,29.0,,1:44,1,3,4.0,,22.0
1,,島村春世,4,■,■,■,■,,21.0,6.0,2.0,28.6,1.5,0.0,0.0,0.0,,3.0,0.75,15.0,0.0,1.0,0.0,-1.7,1.0,0.0,1.0,50.0,494,2023-04-15,愛知県,豊田市総合体育館,1911.0,15:05,16:58,1:53,利根川忠史,渡部菜保子,山本晋五,戸田幸喜,NECレッドロケッツ,埼玉上尾メディックス,3.0,0.0,25.0,18.0,25.0,16.0,18.0,25.0,25.0,23.0,,,93.0,82.0,27,23,25,29.0,,1:44,3,1,,4.0,9.0
2,,古賀紗理那,4,■,■,■,■,,51.0,23.0,2.0,45.1,5.75,8.0,4.0,0.0,50.0,0.0,,16.0,1.0,2.0,6.0,12.5,20.0,8.0,8.0,60.0,494,2023-04-15,愛知県,豊田市総合体育館,1911.0,15:05,16:58,1:53,利根川忠史,渡部菜保子,山本晋五,戸田幸喜,NECレッドロケッツ,埼玉上尾メディックス,3.0,0.0,25.0,18.0,25.0,16.0,18.0,25.0,25.0,23.0,,,93.0,82.0,27,23,25,29.0,,1:44,3,1,,4.0,24.0
3,,塚田しおり,0,,,,,,0.0,0.0,0.0,,,0.0,0.0,0.0,,0.0,,0.0,0.0,0.0,0.0,,0.0,0.0,0.0,,494,2023-04-15,愛知県,豊田市総合体育館,1911.0,15:05,16:58,1:53,利根川忠史,渡部菜保子,山本晋五,戸田幸喜,NECレッドロケッツ,埼玉上尾メディックス,3.0,0.0,25.0,18.0,25.0,16.0,18.0,25.0,25.0,23.0,,,93.0,82.0,27,23,25,29.0,,1:44,3,1,,4.0,0.0
6,,上野香織,4,■,■,■,■,,14.0,4.0,0.0,28.6,1.0,0.0,0.0,0.0,,2.0,0.5,10.0,1.0,2.0,1.0,7.5,4.0,2.0,2.0,75.0,494,2023-04-15,愛知県,豊田市総合体育館,1911.0,15:05,16:58,1:53,利根川忠史,渡部菜保子,山本晋五,戸田幸喜,NECレッドロケッツ,埼玉上尾メディックス,3.0,0.0,25.0,18.0,25.0,16.0,18.0,25.0,25.0,23.0,,,93.0,82.0,27,23,25,29.0,,1:44,3,1,,4.0,7.0
10,,澤田由佳,4,■,■,■,■,,0.0,0.0,0.0,,,0.0,0.0,0.0,,0.0,,14.0,0.0,0.0,3.0,5.4,0.0,0.0,0.0,,494,2023-04-15,愛知県,豊田市総合体育館,1911.0,15:05,16:58,1:53,利根川忠史,渡部菜保子,山本晋五,戸田幸喜,NECレッドロケッツ,埼玉上尾メディックス,3.0,0.0,25.0,18.0,25.0,16.0,18.0,25.0,25.0,23.0,,,93.0,82.0,27,23,25,29.0,,1:44,3,1,,4.0,0.0
11,,古谷ちなみ,0,,,,,,0.0,0.0,0.0,,,0.0,0.0,0.0,,0.0,,0.0,0.0,0.0,0.0,,0.0,0.0,0.0,,494,2023-04-15,愛知県,豊田市総合体育館,1911.0,15:05,16:58,1:53,利根川忠史,渡部菜保子,山本晋五,戸田幸喜,NECレッドロケッツ,埼玉上尾メディックス,3.0,0.0,25.0,18.0,25.0,16.0,18.0,25.0,25.0,23.0,,,93.0,82.0,27,23,25,29.0,,1:44,3,1,,4.0,0.0
12,,山内美咲,4,■,■,■,■,,24.0,9.0,0.0,37.5,2.25,5.0,2.0,0.0,40.0,0.0,,20.0,1.0,1.0,5.0,10.0,0.0,0.0,0.0,,494,2023-04-15,愛知県,豊田市総合体育館,1911.0,15:05,16:58,1:53,利根川忠史,渡部菜保子,山本晋五,戸田幸喜,NECレッドロケッツ,埼玉上尾メディックス,3.0,0.0,25.0,18.0,25.0,16.0,18.0,25.0,25.0,23.0,,,93.0,82.0,27,23,25,29.0,,1:44,3,1,,4.0,10.0
13,,山田二千華,1,,,,□,,5.0,3.0,0.0,60.0,3.0,0.0,0.0,0.0,,1.0,1.0,2.0,0.0,0.0,0.0,0.0,1.0,0.0,1.0,50.0,494,2023-04-15,愛知県,豊田市総合体育館,1911.0,15:05,16:58,1:53,利根川忠史,渡部菜保子,山本晋五,戸田幸喜,NECレッドロケッツ,埼玉上尾メディックス,3.0,0.0,25.0,18.0,25.0,16.0,18.0,25.0,25.0,23.0,,,93.0,82.0,27,23,25,29.0,,1:44,3,1,,4.0,4.0
16,L,小島満菜美,4,●,●,●,●,,0.0,0.0,0.0,,,0.0,0.0,0.0,,0.0,,0.0,0.0,0.0,0.0,,14.0,7.0,7.0,75.0,494,2023-04-15,愛知県,豊田市総合体育館,1911.0,15:05,16:58,1:53,利根川忠史,渡部菜保子,山本晋五,戸田幸喜,NECレッドロケッツ,埼玉上尾メディックス,3.0,0.0,25.0,18.0,25.0,16.0,18.0,25.0,25.0,23.0,,,93.0,82.0,27,23,25,29.0,,1:44,3,1,,4.0,0.0
18,,ウィルハイトサラ,4,■,■,■,■,,42.0,14.0,0.0,33.3,3.5,3.0,1.0,0.0,33.3,0.0,,12.0,0.0,0.0,4.0,8.3,32.0,7.0,12.0,40.6,494,2023-04-15,愛知県,豊田市総合体育館,1911.0,15:05,16:58,1:53,利根川忠史,渡部菜保子,山本晋五,戸田幸喜,NECレッドロケッツ,埼玉上尾メディックス,3.0,0.0,25.0,18.0,25.0,16.0,18.0,25.0,25.0,23.0,,,93.0,82.0,27,23,25,29.0,,1:44,3,1,,4.0,14.0
19,L,藤井莉子,0,,,,,,0.0,0.0,0.0,,,0.0,0.0,0.0,,0.0,,0.0,0.0,0.0,0.0,,0.0,0.0,0.0,,494,2023-04-15,愛知県,豊田市総合体育館,1911.0,15:05,16:58,1:53,利根川忠史,渡部菜保子,山本晋五,戸田幸喜,NECレッドロケッツ,埼玉上尾メディックス,3.0,0.0,25.0,18.0,25.0,16.0,18.0,25.0,25.0,23.0,,,93.0,82.0,27,23,25,29.0,,1:44,3,1,,4.0,0.0
20,,井上琴絵,2,□,,□,,,0.0,0.0,0.0,,,0.0,0.0,0.0,,0.0,,3.0,0.0,1.0,1.0,0.0,1.0,0.0,1.0,50.0,494,2023-04-15,愛知県,豊田市総合体育館,1911.0,15:05,16:58,1:53,利根川忠史,渡部菜保子,山本晋五,戸田幸喜,NECレッドロケッツ,埼玉上尾メディックス,3.0,0.0,25.0,18.0,25.0,16.0,18.0,25.0,25.0,23.0,,,93.0,82.0,27,23,25,29.0,,1:44,3,1,,4.0,0.0
21,,廣田あい,4,□,□,□,□,,9.0,4.0,0.0,44.4,1.0,0.0,0.0,0.0,,0.0,,0.0,0.0,0.0,0.0,,1.0,1.0,0.0,100.0,494,2023-04-15,愛知県,豊田市総合体育館,1911.0,15:05,16:58,1:53,利根川忠史,渡部菜保子,山本晋五,戸田幸喜,NECレッドロケッツ,埼玉上尾メディックス,3.0,0.0,25.0,18.0,25.0,16.0,18.0,25.0,25.0,23.0,,,93.0,82.0,27,23,25,29.0,,1:44,3,1,,4.0,4.0
22,,中川つかさ,4,□,□,□,□,,0.0,0.0,0.0,,,0.0,0.0,0.0,,0.0,,0.0,0.0,0.0,0.0,,0.0,0.0,0.0,,494,2023-04-15,愛知県,豊田市総合体育館,1911.0,15:05,16:58,1:53,利根川忠史,渡部菜保子,山本晋五,戸田幸喜,NECレッドロケッツ,埼玉上尾メディックス,3.0,0.0,25.0,18.0,25.0,16.0,18.0,25.0,25.0,23.0,,,93.0,82.0,27,23,25,29.0,,1:44,3,1,,4.0,0.0
2,,中田紫乃,3,□,,□,,□,0.0,0.0,0.0,,,0.0,0.0,0.0,,0.0,,4.0,0.0,1.0,2.0,6.2,0.0,0.0,0.0,,495,2023-04-22,東京都,国立代々木競技場第一体育館,6180.0,14:08,16:31,2:23,大塚達也・田野昭彦,明井寿枝,佐々木伸子,金廣美喜夫,東レアローズ,NECレッドロケッツ,,,23.0,25.0,14.0,25.0,25.0,20.0,25.0,22.0,14.0,16.0,101.0,108.0,23,23,24,26.0,23.0,1:59,2,3,5.0,,0.0
3,L,中島未来,5,●,●,●,●,●,0.0,0.0,0.0,,,0.0,0.0,0.0,,0.0,,0.0,0.0,0.0,0.0,,0.0,0.0,0.0,,495,2023-04-22,東京都,国立代々木競技場第一体育館,6180.0,14:08,16:31,2:23,大塚達也・田野昭彦,明井寿枝,佐々木伸子,金廣美喜夫,東レアローズ,NECレッドロケッツ,,,23.0,25.0,14.0,25.0,25.0,20.0,25.0,22.0,14.0,16.0,101.0,108.0,23,23,24,26.0,23.0,1:59,2,3,5.0,,0.0
4,,小川愛里奈,5,■,■,■,■,■,16.0,6.0,0.0,37.5,1.2,0.0,0.0,0.0,,0.0,,16.0,1.0,1.0,7.0,15.6,2.0,1.0,1.0,75.0,495,2023-04-22,東京都,国立代々木競技場第一体育館,6180.0,14:08,16:31,2:23,大塚達也・田野昭彦,明井寿枝,佐々木伸子,金廣美喜夫,東レアローズ,NECレッドロケッツ,,,23.0,25.0,14.0,25.0,25.0,20.0,25.0,22.0,14.0,16.0,101.0,108.0,23,23,24,26.0,23.0,1:59,2,3,5.0,,7.0
5,,黒後愛,5,□,□,■,■,■,20.0,5.0,1.0,25.0,1.0,0.0,0.0,0.0,,0.0,,10.0,0.0,1.0,3.0,5.0,36.0,14.0,10.0,52.8,495,2023-04-22,東京都,国立代々木競技場第一体育館,6180.0,14:08,16:31,2:23,大塚達也・田野昭彦,明井寿枝,佐々木伸子,金廣美喜夫,東レアローズ,NECレッドロケッツ,,,23.0,25.0,14.0,25.0,25.0,20.0,25.0,22.0,14.0,16.0,101.0,108.0,23,23,24,26.0,23.0,1:59,2,3,5.0,,5.0
6,,関菜々巳,5,■,■,■,■,■,2.0,1.0,0.0,50.0,0.2,0.0,0.0,0.0,,0.0,,20.0,1.0,0.0,10.0,17.5,0.0,0.0,0.0,,495,2023-04-22,東京都,国立代々木競技場第一体育館,6180.0,14:08,16:31,2:23,大塚達也・田野昭彦,明井寿枝,佐々木伸子,金廣美喜夫,東レアローズ,NECレッドロケッツ,,,23.0,25.0,14.0,25.0,25.0,20.0,25.0,22.0,14.0,16.0,101.0,108.0,23,23,24,26.0,23.0,1:59,2,3,5.0,,2.0
7,,クランヤナ,5,■,■,■,■,■,66.0,27.0,4.0,40.9,5.4,11.0,4.0,0.0,36.4,0.0,,19.0,0.0,0.0,10.0,13.2,0.0,0.0,0.0,,495,2023-04-22,東京都,国立代々木競技場第一体育館,6180.0,14:08,16:31,2:23,大塚達也・田野昭彦,明井寿枝,佐々木伸子,金廣美喜夫,東レアローズ,NECレッドロケッツ,,,23.0,25.0,14.0,25.0,25.0,20.0,25.0,22.0,14.0,16.0,101.0,108.0,23,23,24,26.0,23.0,1:59,2,3,5.0,,27.0
8,,真鍋くるみ,0,,,,,,0.0,0.0,0.0,,,0.0,0.0,0.0,,0.0,,0.0,0.0,0.0,0.0,,0.0,0.0,0.0,,495,2023-04-22,東京都,国立代々木競技場第一体育館,6180.0,14:08,16:31,2:23,大塚達也・田野昭彦,明井寿枝,佐々木伸子,金廣美喜夫,東レアローズ,NECレッドロケッツ,,,23.0,25.0,14.0,25.0,25.0,20.0,25.0,22.0,14.0,16.0,101.0,108.0,23,23,24,26.0,23.0,1:59,2,3,5.0,,0.0
9,L,水杉玲奈,5,〇,〇,〇,〇,〇,0.0,0.0,0.0,,,0.0,0.0,0.0,,0.0,,0.0,0.0,0.0,0.0,,15.0,4.0,10.0,60.0,495,2023-04-22,東京都,国立代々木競技場第一体育館,6180.0,14:08,16:31,2:23,大塚達也・田野昭彦,明井寿枝,佐々木伸子,金廣美喜夫,東レアローズ,NECレッドロケッツ,,,23.0,25.0,14.0,25.0,25.0,20.0,25.0,22.0,14.0,16.0,101.0,108.0,23,23,24,26.0,23.0,1:59,2,3,5.0,,0.0
10,,石川真佑,5,■,■,■,■,■,68.0,30.0,6.0,44.1,6.0,2.0,0.0,0.0,0.0,3.0,0.6,18.0,0.0,2.0,6.0,5.6,30.0,21.0,5.0,78.3,495,2023-04-22,東京都,国立代々木競技場第一体育館,6180.0,14:08,16:31,2:23,大塚達也・田野昭彦,明井寿枝,佐々木伸子,金廣美喜夫,東レアローズ,NECレッドロケッツ,,,23.0,25.0,14.0,25.0,25.0,20.0,25.0,22.0,14.0,16.0,101.0,108.0,23,23,24,26.0,23.0,1:59,2,3,5.0,,33.0
11,,野呂加南子,2,■,■,,,,4.0,2.0,0.0,50.0,1.0,0.0,0.0,0.0,,0.0,,4.0,0.0,0.0,3.0,18.8,12.0,5.0,2.0,50.0,495,2023-04-22,東京都,国立代々木競技場第一体育館,6180.0,14:08,16:31,2:23,大塚達也・田野昭彦,明井寿枝,佐々木伸子,金廣美喜夫,東レアローズ,NECレッドロケッツ,,,23.0,25.0,14.0,25.0,25.0,20.0,25.0,22.0,14.0,16.0,101.0,108.0,23,23,24,26.0,23.0,1:59,2,3,5.0,,2.0
12,,大崎琴未,5,■,■,■,■,■,10.0,5.0,0.0,50.0,1.0,0.0,0.0,0.0,,3.0,0.6,10.0,0.0,1.0,4.0,7.5,5.0,3.0,0.0,60.0,495,2023-04-22,東京都,国立代々木競技場第一体育館,6180.0,14:08,16:31,2:23,大塚達也・田野昭彦,明井寿枝,佐々木伸子,金廣美喜夫,東レアローズ,NECレッドロケッツ,,,23.0,25.0,14.0,25.0,25.0,20.0,25.0,22.0,14.0,16.0,101.0,108.0,23,23,24,26.0,23.0,1:59,2,3,5.0,,8.0
14,,西川吉野,0,,,,,,0.0,0.0,0.0,,,0.0,0.0,0.0,,0.0,,0.0,0.0,0.0,0.0,,0.0,0.0,0.0,,495,2023-04-22,東京都,国立代々木競技場第一体育館,6180.0,14:08,16:31,2:23,大塚達也・田野昭彦,明井寿枝,佐々木伸子,金廣美喜夫,東レアローズ,NECレッドロケッツ,,,23.0,25.0,14.0,25.0,25.0,20.0,25.0,22.0,14.0,16.0,101.0,108.0,23,23,24,26.0,23.0,1:59,2,3,5.0,,0.0
15,,樫村まどか,0,,,,,,0.0,0.0,0.0,,,0.0,0.0,0.0,,0.0,,0.0,0.0,0.0,0.0,,0.0,0.0,0.0,,495,2023-04-22,東京都,国立代々木競技場第一体育館,6180.0,14:08,16:31,2:23,大塚達也・田野昭彦,明井寿枝,佐々木伸子,金廣美喜夫,東レアローズ,NECレッドロケッツ,,,23.0,25.0,14.0,25.0,25.0,20.0,25.0,22.0,14.0,16.0,101.0,108.0,23,23,24,26.0,23.0,1:59,2,3,5.0,,0.0
16,,深澤つぐみ,0,,,,,,0.0,0.0,0.0,,,0.0,0.0,0.0,,0.0,,0.0,0.0,0.0,0.0,,0.0,0.0,0.0,,495,2023-04-22,東京都,国立代々木競技場第一体育館,6180.0,14:08,16:31,2:23,大塚達也・田野昭彦,明井寿枝,佐々木伸子,金廣美喜夫,東レアローズ,NECレッドロケッツ,,,23.0,25.0,14.0,25.0,25.0,20.0,25.0,22.0,14.0,16.0,101.0,108.0,23,23,24,26.0,23.0,1:59,2,3,5.0,,0.0
1,,島村春世,5,■,■,■,■,■,21.0,13.0,1.0,61.9,2.6,0.0,0.0,0.0,,2.0,0.4,11.0,0.0,1.0,2.0,2.3,0.0,0.0,0.0,,495,2023-04-22,東京都,国立代々木競技場第一体育館,6180.0,14:08,16:31,2:23,大塚達也・田野昭彦,明井寿枝,佐々木伸子,金廣美喜夫,NECレッドロケッツ,東レアローズ,,,25.0,23.0,25.0,14.0,20.0,25.0,22.0,25.0,16.0,14.0,108.0,101.0,23,23,24,26.0,23.0,1:59,3,2,,5.0,15.0
2,,古賀紗理那,5,■,■,■,■,■,54.0,22.0,1.0,40.7,4.4,13.0,7.0,0.0,53.8,1.0,0.2,23.0,1.0,0.0,7.0,12.0,24.0,9.0,5.0,47.9,495,2023-04-22,東京都,国立代々木競技場第一体育館,6180.0,14:08,16:31,2:23,大塚達也・田野昭彦,明井寿枝,佐々木伸子,金廣美喜夫,NECレッドロケッツ,東レアローズ,,,25.0,23.0,25.0,14.0,20.0,25.0,22.0,25.0,16.0,14.0,108.0,101.0,23,23,24,26.0,23.0,1:59,3,2,,5.0,24.0
3,,塚田しおり,0,,,,,,0.0,0.0,0.0,,,0.0,0.0,0.0,,0.0,,0.0,0.0,0.0,0.0,,0.0,0.0,0.0,,495,2023-04-22,東京都,国立代々木競技場第一体育館,6180.0,14:08,16:31,2:23,大塚達也・田野昭彦,明井寿枝,佐々木伸子,金廣美喜夫,NECレッドロケッツ,東レアローズ,,,25.0,23.0,25.0,14.0,20.0,25.0,22.0,25.0,16.0,14.0,108.0,101.0,23,23,24,26.0,23.0,1:59,3,2,,5.0,0.0
6,,上野香織,3,■,■,■,,,11.0,3.0,0.0,27.3,1.0,0.0,0.0,0.0,,0.0,,9.0,1.0,1.0,1.0,11.1,0.0,0.0,0.0,,495,2023-04-22,東京都,国立代々木競技場第一体育館,6180.0,14:08,16:31,2:23,大塚達也・田野昭彦,明井寿枝,佐々木伸子,金廣美喜夫,NECレッドロケッツ,東レアローズ,,,25.0,23.0,25.0,14.0,20.0,25.0,22.0,25.0,16.0,14.0,108.0,101.0,23,23,24,26.0,23.0,1:59,3,2,,5.0,4.0
10,,澤田由佳,5,■,■,■,■,■,0.0,0.0,0.0,,,0.0,0.0,0.0,,0.0,,21.0,0.0,0.0,4.0,4.8,0.0,0.0,0.0,,495,2023-04-22,東京都,国立代々木競技場第一体育館,6180.0,14:08,16:31,2:23,大塚達也・田野昭彦,明井寿枝,佐々木伸子,金廣美喜夫,NECレッドロケッツ,東レアローズ,,,25.0,23.0,25.0,14.0,20.0,25.0,22.0,25.0,16.0,14.0,108.0,101.0,23,23,24,26.0,23.0,1:59,3,2,,5.0,0.0
11,,古谷ちなみ,0,,,,,,0.0,0.0,0.0,,,0.0,0.0,0.0,,0.0,,0.0,0.0,0.0,0.0,,0.0,0.0,0.0,,495,2023-04-22,東京都,国立代々木競技場第一体育館,6180.0,14:08,16:31,2:23,大塚達也・田野昭彦,明井寿枝,佐々木伸子,金廣美喜夫,NECレッドロケッツ,東レアローズ,,,25.0,23.0,25.0,14.0,20.0,25.0,22.0,25.0,16.0,14.0,108.0,101.0,23,23,24,26.0,23.0,1:59,3,2,,5.0,0.0
12,,山内美咲,5,■,■,■,■,■,30.0,10.0,3.0,33.3,2.0,0.0,0.0,0.0,,4.0,0.8,13.0,0.0,3.0,3.0,0.0,6.0,2.0,1.0,41.7,495,2023-04-22,東京都,国立代々木競技場第一体育館,6180.0,14:08,16:31,2:23,大塚達也・田野昭彦,明井寿枝,佐々木伸子,金廣美喜夫,NECレッドロケッツ,東レアローズ,,,25.0,23.0,25.0,14.0,20.0,25.0,22.0,25.0,16.0,14.0,108.0,101.0,23,23,24,26.0,23.0,1:59,3,2,,5.0,14.0
13,,山田二千華,4,□,,□,■,■,3.0,1.0,0.0,33.3,0.25,0.0,0.0,0.0,,1.0,0.25,11.0,0.0,0.0,2.0,4.5,1.0,1.0,0.0,100.0,495,2023-04-22,東京都,国立代々木競技場第一体育館,6180.0,14:08,16:31,2:23,大塚達也・田野昭彦,明井寿枝,佐々木伸子,金廣美喜夫,NECレッドロケッツ,東レアローズ,,,25.0,23.0,25.0,14.0,20.0,25.0,22.0,25.0,16.0,14.0,108.0,101.0,23,23,24,26.0,23.0,1:59,3,2,,5.0,2.0
16,L,小島満菜美,5,●,●,●,●,●,0.0,0.0,0.0,,,0.0,0.0,0.0,,0.0,,0.0,0.0,0.0,0.0,,16.0,9.0,3.0,65.6,495,2023-04-22,東京都,国立代々木競技場第一体育館,6180.0,14:08,16:31,2:23,大塚達也・田野昭彦,明井寿枝,佐々木伸子,金廣美喜夫,NECレッドロケッツ,東レアローズ,,,25.0,23.0,25.0,14.0,20.0,25.0,22.0,25.0,16.0,14.0,108.0,101.0,23,23,24,26.0,23.0,1:59,3,2,,5.0,0.0
18,,ウィルハイトサラ,5,■,■,■,■,■,51.0,20.0,2.0,39.2,4.0,4.0,2.0,0.0,50.0,4.0,0.8,18.0,0.0,2.0,4.0,2.8,47.0,5.0,13.0,24.5,495,2023-04-22,東京都,国立代々木競技場第一体育館,6180.0,14:08,16:31,2:23,大塚達也・田野昭彦,明井寿枝,佐々木伸子,金廣美喜夫,NECレッドロケッツ,東レアローズ,,,25.0,23.0,25.0,14.0,20.0,25.0,22.0,25.0,16.0,14.0,108.0,101.0,23,23,24,26.0,23.0,1:59,3,2,,5.0,24.0
19,L,藤井莉子,0,,,,,,0.0,0.0,0.0,,,0.0,0.0,0.0,,0.0,,0.0,0.0,0.0,0.0,,0.0,0.0,0.0,,495,2023-04-22,東京都,国立代々木競技場第一体育館,6180.0,14:08,16:31,2:23,大塚達也・田野昭彦,明井寿枝,佐々木伸子,金廣美喜夫,NECレッドロケッツ,東レアローズ,,,25.0,23.0,25.0,14.0,20.0,25.0,22.0,25.0,16.0,14.0,108.0,101.0,23,23,24,26.0,23.0,1:59,3,2,,5.0,0.0
20,,井上琴絵,1,,,,,□,0.0,0.0,0.0,,,0.0,0.0,0.0,,0.0,,1.0,0.0,0.0,0.0,0.0,0.0,0.0,0.0,,495,2023-04-22,東京都,国立代々木競技場第一体育館,6180.0,14:08,16:31,2:23,大塚達也・田野昭彦,明井寿枝,佐々木伸子,金廣美喜夫,NECレッドロケッツ,東レアローズ,,,25.0,23.0,25.0,14.0,20.0,25.0,22.0,25.0,16.0,14.0,108.0,101.0,23,23,24,26.0,23.0,1:59,3,2,,5.0,0.0
21,,廣田あい,5,□,□,□,□,□,5.0,3.0,0.0,60.0,0.6,0.0,0.0,0.0,,0.0,,0.0,0.0,0.0,0.0,,1.0,0.0,0.0,0.0,495,2023-04-22,東京都,国立代々木競技場第一体育館,6180.0,14:08,16:31,2:23,大塚達也・田野昭彦,明井寿枝,佐々木伸子,金廣美喜夫,NECレッドロケッツ,東レアローズ,,,25.0,23.0,25.0,14.0,20.0,25.0,22.0,25.0,16.0,14.0,108.0,101.0,23,23,24,26.0,23.0,1:59,3,2,,5.0,3.0
22,,中川つかさ,5,□,□,□,□,□,0.0,0.0,0.0,,,0.0,0.0,0.0,,0.0,,1.0,0.0,0.0,0.0,0.0,0.0,0.0,0.0,,495,2023-04-22,東京都,国立代々木競技場第一体育館,6180.0,14:08,16:31,2:23,大塚達也・田野昭彦,明井寿枝,佐々木伸子,金廣美喜夫,NECレッドロケッツ,東レアローズ,,,25.0,23.0,25.0,14.0,20.0,25.0,22.0,25.0,16.0,14.0,108.0,101.0,23,23,24,26.0,23.0,1:59,3,2,,5.0,0.0
