,date,home_team,away_team,home_point,away_point,serve_right,team,skill,player_num,player_name,trainsition,set,url_id,point,in_player_num,in_player_name,out_player_num,out_player_name,timeout
0,20230204,埼玉,富士通,0,0,*,*,サーブ,9,小森,0,1,3034,,,,,,
1,20230204,埼玉,富士通,0,0,*,a,レシーブ成功(優),6,森,1,1,3034,,,,,,
2,20230204,埼玉,富士通,0,0,*,a,アタック失敗,11,澁谷,1,1,3034,,,,,,
3,20230204,埼玉,富士通,1,0,*,*,,,,1,1,3034,得点,,,,,
4,20230204,埼玉,富士通,1,0,*,*,サーブ,9,小森,0,1,3034,,,,,,
5,20230204,埼玉,富士通,1,0,*,a,レシーブ成功(良),11,澁谷,1,1,3034,,,,,,
6,20230204,埼玉,富士通,1,0,*,a,アタック成功,18,中前,1,1,3034,,,,,,
7,20230204,埼玉,富士通,1,1,a,a,,,,1,1,3034,得点,,,,,
8,20230204,埼玉,富士通,1,1,a,a,サーブ,11,澁谷,0,1,3034,,,,,,
9,20230204,埼玉,富士通,1,1,a,*,レシーブ成功(優),4,米村,1,1,3034,,,,,,
10,20230204,埼玉,富士通,1,1,a,*,アタック成功,13,小泉,1,1,3034,,,,,,
11,20230204,埼玉,富士通,2,1,*,*,,,,1,1,3034,得点,,,,,
12,20230204,埼玉,富士通,2,1,*,*,サーブ,13,小泉,0,1,3034,,,,,,
13,20230204,埼玉,富士通,2,1,*,a,レシーブ成功(優),6,森,1,1,3034,,,,,,
14,20230204,埼玉,富士通,2,1,*,a,アタック,25,吉田,1,1,3034,,,,,,
15,20230204,埼玉,富士通,2,1,*,a,アタック成功,16,坂本,2,1,3034,,,,,,
16,20230204,埼玉,富士通,2,2,a,a,,,,2,1,3034,得点,,,,,
17,20230204,埼玉,富士通,2,2,a,a,サーブ,25,吉田,0,1,3034,,,,,,
18,20230204,埼玉,富士通,2,2,a,*,レシーブ成功(良),9,小森,1,1,3034,,,,,,
19,20230204,埼玉,富士通,2,2,a,*,アタック成功,4,米村,1,1,3034,,,,,,
20,20230204,埼玉,富士通,3,2,*,*,,,,1,1,3034,得点,,,,,
21,20230204,埼玉,富士通,3,2,*,*,サーブ,24,ジェイレン,0,1,3034,,,,,,
22,20230204,埼玉,富士通,3,2,*,a,レシーブ成功(良),11,澁谷,1,1,3034,,,,,,
23,20230204,埼玉,富士通,3,2,*,a,アタック,18,中前,1,1,3034,,,,,,
24,20230204,埼玉,富士通,3,2,*,*,アタック,9,小森,2,1,3034,,,,,,
25,20230204,埼玉,富士通,3,2,*,a,アタック成功,16,坂本,3,1,3034,,,,,,
26,20230204,埼玉,富士通,3,3,a,a,,,,3,1,3034,得点,,,,,
27,20230204,埼玉,富士通,3,3,a,a,サーブ,16,坂本,0,1,3034,,,,,,
28,20230204,埼玉,富士通,3,3,a,*,レシーブ成功(優),4,米村,1,1,3034,,,,,,
29,20230204,埼玉,富士通,3,3,a,*,アタック成功,4,米村,1,1,3034,,,,,,
30,20230204,埼玉,富士通,4,3,*,*,,,,1,1,3034,得点,,,,,
31,20230204,埼玉,富士通,4,3,*,*,サーブミス,4,米村,0,1,3034,,,,,,
32,20230204,埼玉,富士通,4,4,a,a,,,,0,1,3034,得点,,,,,
33,20230204,埼玉,富士通,4,4,a,a,サーブ,18,中前,0,1,3034,,,,,,
34,20230204,埼玉,富士通,4,4,a,*,レシーブ成功(良),18,伊庭,1,1,3034,,,,,,
35,20230204,埼玉,富士通,4,4,a,*,アタック成功,24,ジェイレン,1,1,3034,,,,,,
36,20230204,埼玉,富士通,5,4,*,*,,,,1,1,3034,得点,,,,,
37,20230204,埼玉,富士通,5,4,*,*,サーブ,3,奥田,0,1,3034,,,,,,
38,20230204,埼玉,富士通,5,4,*,a,レシーブ成功(良),18,中前,1,1,3034,,,,,,
39,20230204,埼玉,富士通,5,4,*,a,アタック成功,16,坂本,1,1,3034,,,,,,
40,20230204,埼玉,富士通,5,5,a,a,,,,1,1,3034,得点,,,,,
41,20230204,埼玉,富士通,5,5,a,a,サーブ,28,持下,0,1,3034,,,,,,
42,20230204,埼玉,富士通,5,5,a,*,レシーブ成功(優),18,伊庭,1,1,3034,,,,,,
43,20230204,埼玉,富士通,5,5,a,*,アタック成功,13,小泉,1,1,3034,,,,,,
44,20230204,埼玉,富士通,6,5,*,*,,,,1,1,3034,得点,,,,,
45,20230204,埼玉,富士通,6,5,*,*,サーブ,2,谷越,0,1,3034,,,,,,
46,20230204,埼玉,富士通,6,5,*,a,レシーブ成功(優),18,中前,1,1,3034,,,,,,
47,20230204,埼玉,富士通,6,5,*,a,アタック成功,11,澁谷,1,1,3034,,,,,,
48,20230204,埼玉,富士通,6,6,a,a,,,,1,1,3034,得点,,,,,
49,20230204,埼玉,富士通,6,6,a,a,サーブ,5,中野,0,1,3034,,,,,,
50,20230204,埼玉,富士通,6,6,a,*,レシーブ成功(良),18,伊庭,1,1,3034,,,,,,
51,20230204,埼玉,富士通,6,6,a,*,アタック成功,9,小森,1,1,3034,,,,,,
52,20230204,埼玉,富士通,7,6,*,*,,,,1,1,3034,得点,,,,,
53,20230204,埼玉,富士通,7,6,*,*,サーブ,9,小森,0,1,3034,,,,,,
54,20230204,埼玉,富士通,7,6,*,a,レシーブ成功(良),11,澁谷,1,1,3034,,,,,,
55,20230204,埼玉,富士通,7,6,*,a,アタック失敗,16,坂本,1,1,3034,,,,,,
56,20230204,埼玉,富士通,8,6,*,*,,,,1,1,3034,得点,,,,,
57,20230204,埼玉,富士通,8,6,*,*,サーブ,9,小森,0,1,3034,,,,,,
58,20230204,埼玉,富士通,8,6,*,a,レシーブ成功(良),6,森,1,1,3034,,,,,,
59,20230204,埼玉,富士通,8,6,*,a,アタック成功,11,澁谷,1,1,3034,,,,,,
60,20230204,埼玉,富士通,8,7,a,a,,,,1,1,3034,得点,,,,,
61,20230204,埼玉,富士通,8,7,a,a,サーブ,11,澁谷,0,1,3034,,,,,,
62,20230204,埼玉,富士通,8,7,a,*,レシーブ成功(優),18,伊庭,1,1,3034,,,,,,
63,20230204,埼玉,富士通,8,7,a,*,アタック失敗,24,ジェイレン,1,1,3034,,,,,,
64,20230204,埼玉,富士通,8,8,a,a,,,,1,1,3034,得点,,,,,
65,20230204,埼玉,富士通,8,8,a,a,サーブ,11,澁谷,0,1,3034,,,,,,
66,20230204,埼玉,富士通,8,8,a,*,レシーブ失敗,18,伊庭,1,1,3034,,,,,,
67,20230204,埼玉,富士通,8,8,a,*,アタック,4,米村,1,1,3034,,,,,,
68,20230204,埼玉,富士通,8,8,a,a,アタック成功,18,中前,2,1,3034,,,,,,
69,20230204,埼玉,富士通,8,9,a,a,,,,2,1,3034,得点,,,,,
70,20230204,埼玉,富士通,8,9,a,a,サーブ,11,澁谷,0,1,3034,,,,,,
71,20230204,埼玉,富士通,8,9,a,*,レシーブ成功(良),4,米村,1,1,3034,,,,,,
72,20230204,埼玉,富士通,8,9,a,*,アタック,4,米村,1,1,3034,,,,,,
73,20230204,埼玉,富士通,8,9,a,a,アタック,18,中前,2,1,3034,,,,,,
74,20230204,埼玉,富士通,8,9,a,*,ブロック成功,13,小泉,3,1,3034,,,,,,
75,20230204,埼玉,富士通,9,9,*,*,,,,3,1,3034,得点,,,,,
76,20230204,埼玉,富士通,9,9,*,*,サーブ,13,小泉,0,1,3034,,,,,,
77,20230204,埼玉,富士通,9,9,*,a,レシーブ失敗,6,森,1,1,3034,,,,,,
78,20230204,埼玉,富士通,9,9,*,a,アタック失敗,11,澁谷,1,1,3034,,,,,,
79,20230204,埼玉,富士通,10,9,*,*,,,,1,1,3034,得点,,,,,
80,20230204,埼玉,富士通,10,9,*,*,サーブ,13,小泉,0,1,3034,,,,,,
81,20230204,埼玉,富士通,10,9,*,a,レシーブ成功(良),18,中前,1,1,3034,,,,,,
82,20230204,埼玉,富士通,10,9,*,a,アタック,16,坂本,1,1,3034,,,,,,
83,20230204,埼玉,富士通,10,9,*,*,アタック成功,4,米村,2,1,3034,,,,,,
84,20230204,埼玉,富士通,11,9,*,*,,,,2,1,3034,得点,,,,,
85,20230204,埼玉,富士通,11,9,*,*,サーブ,13,小泉,0,1,3034,,,,,,
86,20230204,埼玉,富士通,11,9,*,a,レシーブ成功(良),18,中前,1,1,3034,,,,,,
87,20230204,埼玉,富士通,11,9,*,a,アタック成功,18,中前,1,1,3034,,,,,,
88,20230204,埼玉,富士通,11,10,a,a,,,,1,1,3034,得点,,,,,
89,20230204,埼玉,富士通,11,10,a,a,サーブミス,25,吉田,0,1,3034,,,,,,
90,20230204,埼玉,富士通,12,10,*,*,,,,0,1,3034,得点,,,,,
91,20230204,埼玉,富士通,12,10,*,*,,,,0,1,3034,,,,,,
92,20230204,埼玉,富士通,12,10,*,*,サーブミス,24,ジェイレン,0,1,3034,,,,,,
93,20230204,埼玉,富士通,12,11,a,a,,,,0,1,3034,得点,,,,,
94,20230204,埼玉,富士通,12,11,a,a,サーブ,16,坂本,0,1,3034,,,,,,
95,20230204,埼玉,富士通,12,11,a,*,レシーブ失敗,9,小森,1,1,3034,,,,,,
96,20230204,埼玉,富士通,12,11,a,*,アタック,4,米村,1,1,3034,,,,,,
97,20230204,埼玉,富士通,12,11,a,*,アタック成功,9,小森,2,1,3034,,,,,,
98,20230204,埼玉,富士通,13,11,*,*,,,,2,1,3034,得点,,,,,
99,20230204,埼玉,富士通,13,11,*,*,サーブミス,4,米村,0,1,3034,,,,,,
100,20230204,埼玉,富士通,13,12,a,a,,,,0,1,3034,得点,,,,,
101,20230204,埼玉,富士通,13,12,a,a,サーブ,18,中前,0,1,3034,,,,,,
102,20230204,埼玉,富士通,13,12,a,*,レシーブ失敗,4,米村,1,1,3034,,,,,,
103,20230204,埼玉,富士通,13,12,a,*,アタック成功,9,小森,1,1,3034,,,,,,
104,20230204,埼玉,富士通,14,12,*,*,,,,1,1,3034,得点,,,,,
105,20230204,埼玉,富士通,14,12,*,*,,,,0,1,3034,,IN:16,中林,OUT:3,奥田,
106,20230204,埼玉,富士通,14,12,*,*,サーブミス,16,中林,0,1,3034,,,,,,
107,20230204,埼玉,富士通,14,13,a,a,,,,0,1,3034,得点,,,,,
108,20230204,埼玉,富士通,14,13,a,*,,,,0,1,3034,,IN:3,奥田,OUT:16,中林,
109,20230204,埼玉,富士通,14,13,a,a,サーブ,28,持下,0,1,3034,,,,,,
110,20230204,埼玉,富士通,14,13,a,*,レシーブ失敗,9,小森,1,1,3034,,,,,,
111,20230204,埼玉,富士通,14,13,a,*,アタック,24,ジェイレン,1,1,3034,,,,,,
112,20230204,埼玉,富士通,14,13,a,*,アタック,9,小森,2,1,3034,,,,,,
113,20230204,埼玉,富士通,14,13,a,a,アタック成功,16,坂本,3,1,3034,,,,,,
114,20230204,埼玉,富士通,14,14,a,a,,,,3,1,3034,得点,,,,,
115,20230204,埼玉,富士通,14,14,a,a,サーブ,28,持下,0,1,3034,,,,,,
116,20230204,埼玉,富士通,14,14,a,*,レシーブ失敗,9,小森,1,1,3034,,,,,,
117,20230204,埼玉,富士通,14,14,a,*,アタック成功,9,小森,1,1,3034,,,,,,
118,20230204,埼玉,富士通,15,14,*,*,,,,1,1,3034,得点,,,,,
119,20230204,埼玉,富士通,15,14,*,*,サーブ,2,谷越,0,1,3034,,,,,,
120,20230204,埼玉,富士通,15,14,*,a,レシーブ成功(良),18,中前,1,1,3034,,,,,,
121,20230204,埼玉,富士通,15,14,*,a,アタック,11,澁谷,1,1,3034,,,,,,
122,20230204,埼玉,富士通,15,14,*,*,ブロック成功,24,ジェイレン,2,1,3034,,,,,,
123,20230204,埼玉,富士通,16,14,*,*,,,,2,1,3034,得点,,,,,
124,20230204,埼玉,富士通,16,14,*,*,サーブ,2,谷越,0,1,3034,,,,,,
125,20230204,埼玉,富士通,16,14,*,a,レシーブ成功(優),18,中前,1,1,3034,,,,,,
126,20230204,埼玉,富士通,16,14,*,a,アタック成功,25,吉田,1,1,3034,,,,,,
127,20230204,埼玉,富士通,16,15,a,a,,,,1,1,3034,得点,,,,,
128,20230204,埼玉,富士通,16,15,a,a,サーブミス,5,中野,0,1,3034,,,,,,
129,20230204,埼玉,富士通,17,15,*,*,,,,0,1,3034,得点,,,,,
130,20230204,埼玉,富士通,17,15,*,*,サーブ,9,小森,0,1,3034,,,,,,
131,20230204,埼玉,富士通,17,15,*,a,レシーブ成功(優),11,澁谷,1,1,3034,,,,,,
132,20230204,埼玉,富士通,17,15,*,a,アタック,11,澁谷,1,1,3034,,,,,,
133,20230204,埼玉,富士通,17,15,*,a,アタック,16,坂本,2,1,3034,,,,,,
134,20230204,埼玉,富士通,17,15,*,*,アタック成功,24,ジェイレン,3,1,3034,,,,,,
135,20230204,埼玉,富士通,18,15,*,*,,,,3,1,3034,得点,,,,,
136,20230204,埼玉,富士通,18,15,*,a,,,,0,1,3034,,,,,,タイムアウト
137,20230204,埼玉,富士通,18,15,*,*,サーブミス,9,小森,0,1,3034,,,,,,
138,20230204,埼玉,富士通,18,16,a,a,,,,0,1,3034,得点,,,,,
139,20230204,埼玉,富士通,18,16,a,a,サーブ,11,澁谷,0,1,3034,,,,,,
140,20230204,埼玉,富士通,18,16,a,*,レシーブ成功(優),18,伊庭,1,1,3034,,,,,,
141,20230204,埼玉,富士通,18,16,a,*,アタック成功,4,米村,1,1,3034,,,,,,
142,20230204,埼玉,富士通,19,16,*,*,,,,1,1,3034,得点,,,,,
143,20230204,埼玉,富士通,19,16,*,*,サーブミス,13,小泉,0,1,3034,,,,,,
144,20230204,埼玉,富士通,19,17,a,a,,,,0,1,3034,得点,,,,,
145,20230204,埼玉,富士通,19,17,a,a,,,,0,1,3034,,IN:22,橋,OUT:25,吉田,
146,20230204,埼玉,富士通,19,17,a,a,サーブミス,22,橋,0,1,3034,,,,,,
147,20230204,埼玉,富士通,20,17,*,*,,,,0,1,3034,得点,,,,,
148,20230204,埼玉,富士通,20,17,*,a,,,,0,1,3034,,IN:25,吉田,OUT:22,橋,
149,20230204,埼玉,富士通,20,17,*,*,サーブ,24,ジェイレン,0,1,3034,,,,,,
150,20230204,埼玉,富士通,20,17,*,a,レシーブ失敗,11,澁谷,1,1,3034,,,,,,
151,20230204,埼玉,富士通,20,17,*,a,アタック,18,中前,1,1,3034,,,,,,
152,20230204,埼玉,富士通,20,17,*,a,アタック,18,中前,2,1,3034,,,,,,
153,20230204,埼玉,富士通,20,17,*,*,アタック,4,米村,3,1,3034,,,,,,
154,20230204,埼玉,富士通,20,17,*,*,アタック成功,24,ジェイレン,4,1,3034,,,,,,
155,20230204,埼玉,富士通,21,17,*,*,,,,4,1,3034,得点,,,,,
156,20230204,埼玉,富士通,21,17,*,a,,,,0,1,3034,,,,,,タイムアウト
157,20230204,埼玉,富士通,21,17,*,*,サーブ,24,ジェイレン,0,1,3034,,,,,,
158,20230204,埼玉,富士通,21,17,*,a,レシーブ失敗,16,坂本,1,1,3034,,,,,,
159,20230204,埼玉,富士通,21,17,*,a,アタック成功,18,中前,1,1,3034,,,,,,
160,20230204,埼玉,富士通,21,18,a,a,,,,1,1,3034,得点,,,,,
161,20230204,埼玉,富士通,21,18,a,a,,,,0,1,3034,,IN:1,西澤,OUT:5,中野,
162,20230204,埼玉,富士通,21,18,a,a,サーブ,16,坂本,0,1,3034,,,,,,
163,20230204,埼玉,富士通,21,18,a,*,レシーブ成功(優),9,小森,1,1,3034,,,,,,
164,20230204,埼玉,富士通,21,18,a,*,アタック,3,奥田,1,1,3034,,,,,,
165,20230204,埼玉,富士通,21,18,a,a,ブロック成功,28,持下,2,1,3034,,,,,,
166,20230204,埼玉,富士通,21,19,a,a,,,,2,1,3034,得点,,,,,
167,20230204,埼玉,富士通,21,19,a,a,サーブ,16,坂本,0,1,3034,,,,,,
168,20230204,埼玉,富士通,21,19,a,*,レシーブ成功(優),9,小森,1,1,3034,,,,,,
169,20230204,埼玉,富士通,21,19,a,*,アタック成功,4,米村,1,1,3034,,,,,,
170,20230204,埼玉,富士通,22,19,*,*,,,,1,1,3034,得点,,,,,
171,20230204,埼玉,富士通,22,19,*,a,,,,0,1,3034,,IN:5,中野,OUT:1,西澤,
172,20230204,埼玉,富士通,22,19,*,*,,,,0,1,3034,,IN:11,阿部,OUT:4,米村,
173,20230204,埼玉,富士通,22,19,*,*,サーブ,11,阿部,0,1,3034,,,,,,
174,20230204,埼玉,富士通,22,19,*,a,レシーブ失敗,18,中前,1,1,3034,,,,,,
175,20230204,埼玉,富士通,22,19,*,a,アタック,28,持下,1,1,3034,,,,,,
176,20230204,埼玉,富士通,22,19,*,*,アタック,9,小森,2,1,3034,,,,,,
177,20230204,埼玉,富士通,22,19,*,a,アタック失敗,28,持下,3,1,3034,,,,,,
178,20230204,埼玉,富士通,23,19,*,*,,,,3,1,3034,得点,,,,,
179,20230204,埼玉,富士通,23,19,*,*,サーブ,11,阿部,0,1,3034,,,,,,
180,20230204,埼玉,富士通,23,19,*,a,レシーブ成功(優),18,中前,1,1,3034,,,,,,
181,20230204,埼玉,富士通,23,19,*,a,アタック,11,澁谷,1,1,3034,,,,,,
182,20230204,埼玉,富士通,23,19,*,*,アタック成功,24,ジェイレン,2,1,3034,,,,,,
183,20230204,埼玉,富士通,24,19,*,*,,,,2,1,3034,得点,,,,,
184,20230204,埼玉,富士通,24,19,*,*,サーブ,11,阿部,0,1,3034,,,,,,
185,20230204,埼玉,富士通,24,19,*,a,レシーブ失敗,18,中前,1,1,3034,,,,,,
186,20230204,埼玉,富士通,24,19,*,a,アタック,18,中前,1,1,3034,,,,,,
187,20230204,埼玉,富士通,24,19,*,*,アタック成功,24,ジェイレン,2,1,3034,,,,,,
188,20230204,埼玉,富士通,25,19,*,*,,,,2,1,3034,得点,,,,,
189,20230204,埼玉,富士通,0,0,*,a,サーブ,5,中野,0,2,3034,,,,,,
190,20230204,埼玉,富士通,0,0,*,*,レシーブ成功(優),18,伊庭,1,2,3034,,,,,,
191,20230204,埼玉,富士通,0,0,*,*,アタック,24,ジェイレン,1,2,3034,,,,,,
192,20230204,埼玉,富士通,0,0,*,*,アタック,9,小森,2,2,3034,,,,,,
193,20230204,埼玉,富士通,0,0,*,a,アタック,11,澁谷,3,2,3034,,,,,,
194,20230204,埼玉,富士通,0,0,*,*,アタック失敗,9,小森,4,2,3034,,,,,,
195,20230204,埼玉,富士通,0,1,a,a,,,,4,2,3034,得点,,,,,
196,20230204,埼玉,富士通,0,1,a,a,サーブ,5,中野,0,2,3034,,,,,,
197,20230204,埼玉,富士通,0,1,a,*,レシーブ失敗,9,小森,1,2,3034,,,,,,
198,20230204,埼玉,富士通,0,1,a,*,アタック,4,米村,1,2,3034,,,,,,
199,20230204,埼玉,富士通,0,1,a,*,アタック,13,小泉,2,2,3034,,,,,,
200,20230204,埼玉,富士通,0,1,a,a,アタック,11,澁谷,3,2,3034,,,,,,
201,20230204,埼玉,富士通,0,1,a,a,アタック,16,坂本,4,2,3034,,,,,,
202,20230204,埼玉,富士通,0,1,a,a,アタック成功,16,坂本,5,2,3034,,,,,,
203,20230204,埼玉,富士通,0,2,a,a,,,,5,2,3034,得点,,,,,
204,20230204,埼玉,富士通,0,2,a,a,サーブ,5,中野,0,2,3034,,,,,,
205,20230204,埼玉,富士通,0,2,a,*,レシーブ成功(良),9,小森,1,2,3034,,,,,,
206,20230204,埼玉,富士通,0,2,a,*,アタック,4,米村,1,2,3034,,,,,,
207,20230204,埼玉,富士通,0,2,a,*,アタック失敗,4,米村,2,2,3034,,,,,,
208,20230204,埼玉,富士通,0,3,a,a,,,,2,2,3034,得点,,,,,
209,20230204,埼玉,富士通,0,3,a,a,サーブ,5,中野,0,2,3034,,,,,,
210,20230204,埼玉,富士通,0,3,a,*,レシーブ成功(良),9,小森,1,2,3034,,,,,,
211,20230204,埼玉,富士通,0,3,a,*,アタック,24,ジェイレン,1,2,3034,,,,,,
212,20230204,埼玉,富士通,0,3,a,a,アタック失敗,18,中前,2,2,3034,,,,,,
213,20230204,埼玉,富士通,1,3,*,*,,,,2,2,3034,得点,,,,,
214,20230204,埼玉,富士通,1,3,*,*,サーブ,13,小泉,0,2,3034,,,,,,
215,20230204,埼玉,富士通,1,3,*,a,レシーブ成功(良),6,森,1,2,3034,,,,,,
216,20230204,埼玉,富士通,1,3,*,a,アタック,25,吉田,1,2,3034,,,,,,
217,20230204,埼玉,富士通,1,3,*,a,アタック成功,25,吉田,2,2,3034,,,,,,
218,20230204,埼玉,富士通,1,4,a,a,,,,2,2,3034,得点,,,,,
219,20230204,埼玉,富士通,1,4,a,a,サーブ,11,澁谷,0,2,3034,,,,,,
220,20230204,埼玉,富士通,1,4,a,*,レシーブ成功(優),9,小森,1,2,3034,,,,,,
221,20230204,埼玉,富士通,1,4,a,*,アタック,14,吉田(隼),1,2,3034,,,,,,
222,20230204,埼玉,富士通,1,4,a,a,アタック成功,18,中前,2,2,3034,,,,,,
223,20230204,埼玉,富士通,1,5,a,a,,,,2,2,3034,得点,,,,,
224,20230204,埼玉,富士通,1,5,a,a,サーブ,11,澁谷,0,2,3034,,,,,,
225,20230204,埼玉,富士通,1,5,a,*,レシーブ失敗,9,小森,1,2,3034,,,,,,
226,20230204,埼玉,富士通,1,5,a,*,アタック,4,米村,1,2,3034,,,,,,
227,20230204,埼玉,富士通,1,5,a,a,その他ミス,5,中野,2,2,3034,,,,,,
228,20230204,埼玉,富士通,2,5,*,*,,,,2,2,3034,得点,,,,,
229,20230204,埼玉,富士通,2,5,*,*,サービスエース,24,ジェイレン,0,2,3034,,,,,,
230,20230204,埼玉,富士通,2,5,*,a,レシーブ失敗,6,森,0,2,3034,,,,,,
231,20230204,埼玉,富士通,3,5,*,*,,,,0,2,3034,得点,,,,,
232,20230204,埼玉,富士通,3,5,*,*,サーブミス,24,ジェイレン,0,2,3034,,,,,,
233,20230204,埼玉,富士通,3,6,a,a,,,,0,2,3034,得点,,,,,
234,20230204,埼玉,富士通,3,6,a,a,サーブ,25,吉田,0,2,3034,,,,,,
235,20230204,埼玉,富士通,3,6,a,*,レシーブ成功(良),9,小森,1,2,3034,,,,,,
236,20230204,埼玉,富士通,3,6,a,*,アタック,9,小森,1,2,3034,,,,,,
237,20230204,埼玉,富士通,3,6,a,*,アタック成功,4,米村,2,2,3034,,,,,,
238,20230204,埼玉,富士通,4,6,*,*,,,,2,2,3034,得点,,,,,
239,20230204,埼玉,富士通,4,6,*,*,サーブ,4,米村,0,2,3034,,,,,,
240,20230204,埼玉,富士通,4,6,*,a,レシーブ成功(優),6,森,1,2,3034,,,,,,
241,20230204,埼玉,富士通,4,6,*,a,アタック成功,16,坂本,1,2,3034,,,,,,
242,20230204,埼玉,富士通,4,7,a,a,,,,1,2,3034,得点,,,,,
243,20230204,埼玉,富士通,4,7,a,a,サーブミス,16,坂本,0,2,3034,,,,,,
244,20230204,埼玉,富士通,5,7,*,*,,,,0,2,3034,得点,,,,,
245,20230204,埼玉,富士通,5,7,*,*,サーブミス,14,吉田(隼),0,2,3034,,,,,,
246,20230204,埼玉,富士通,5,8,a,a,,,,0,2,3034,得点,,,,,
247,20230204,埼玉,富士通,5,8,a,a,サーブ,18,中前,0,2,3034,,,,,,
248,20230204,埼玉,富士通,5,8,a,*,レシーブ失敗,9,小森,1,2,3034,,,,,,
249,20230204,埼玉,富士通,5,8,a,a,アタック,16,坂本,1,2,3034,,,,,,
250,20230204,埼玉,富士通,5,8,a,a,アタック成功,11,澁谷,2,2,3034,,,,,,
251,20230204,埼玉,富士通,5,9,a,a,,,,2,2,3034,得点,,,,,
252,20230204,埼玉,富士通,5,9,a,a,サーブミス,18,中前,0,2,3034,,,,,,
253,20230204,埼玉,富士通,6,9,*,*,,,,0,2,3034,得点,,,,,
254,20230204,埼玉,富士通,6,9,*,*,サーブ,2,谷越,0,2,3034,,,,,,
255,20230204,埼玉,富士通,6,9,*,a,レシーブ成功(良),6,森,1,2,3034,,,,,,
256,20230204,埼玉,富士通,6,9,*,a,アタック,28,持下,1,2,3034,,,,,,
257,20230204,埼玉,富士通,6,9,*,a,アタック成功,28,持下,2,2,3034,,,,,,
258,20230204,埼玉,富士通,6,10,a,a,,,,2,2,3034,得点,,,,,
259,20230204,埼玉,富士通,6,10,a,a,サーブ,28,持下,0,2,3034,,,,,,
260,20230204,埼玉,富士通,6,10,a,*,レシーブ成功(良),9,小森,1,2,3034,,,,,,
261,20230204,埼玉,富士通,6,10,a,*,アタック成功,13,小泉,1,2,3034,,,,,,
262,20230204,埼玉,富士通,7,10,*,*,,,,1,2,3034,得点,,,,,
263,20230204,埼玉,富士通,7,10,*,*,サーブ,9,小森,0,2,3034,,,,,,
264,20230204,埼玉,富士通,7,10,*,a,レシーブ成功(良),11,澁谷,1,2,3034,,,,,,
265,20230204,埼玉,富士通,7,10,*,a,アタック,11,澁谷,1,2,3034,,,,,,
266,20230204,埼玉,富士通,7,10,*,a,アタック成功,11,澁谷,2,2,3034,,,,,,
267,20230204,埼玉,富士通,7,11,a,a,,,,2,2,3034,得点,,,,,
268,20230204,埼玉,富士通,7,11,a,a,サーブ,5,中野,0,2,3034,,,,,,
269,20230204,埼玉,富士通,7,11,a,*,レシーブ成功(優),9,小森,1,2,3034,,,,,,
270,20230204,埼玉,富士通,7,11,a,*,アタック失敗,13,小泉,1,2,3034,,,,,,
271,20230204,埼玉,富士通,7,12,a,a,,,,1,2,3034,得点,,,,,
272,20230204,埼玉,富士通,7,12,a,a,,,,0,2,3034,,,,,,
273,20230204,埼玉,富士通,7,12,a,a,サーブ,5,中野,0,2,3034,,,,,,
274,20230204,埼玉,富士通,7,12,a,*,レシーブ失敗,9,小森,1,2,3034,,,,,,
275,20230204,埼玉,富士通,7,12,a,*,アタック成功,24,ジェイレン,1,2,3034,,,,,,
276,20230204,埼玉,富士通,8,12,*,*,,,,1,2,3034,得点,,,,,
277,20230204,埼玉,富士通,8,12,*,*,サーブミス,13,小泉,0,2,3034,,,,,,
278,20230204,埼玉,富士通,8,13,a,a,,,,0,2,3034,得点,,,,,
279,20230204,埼玉,富士通,8,13,a,a,サーブ,11,澁谷,0,2,3034,,,,,,
280,20230204,埼玉,富士通,8,13,a,*,レシーブ失敗,4,米村,1,2,3034,,,,,,
281,20230204,埼玉,富士通,8,13,a,*,アタック,24,ジェイレン,1,2,3034,,,,,,
282,20230204,埼玉,富士通,8,13,a,*,アタック,4,米村,2,2,3034,,,,,,
283,20230204,埼玉,富士通,8,13,a,a,アタック,18,中前,3,2,3034,,,,,,
284,20230204,埼玉,富士通,8,13,a,*,アタック,24,ジェイレン,4,2,3034,,,,,,
285,20230204,埼玉,富士通,8,13,a,a,ブロック成功,18,中前,5,2,3034,,,,,,
286,20230204,埼玉,富士通,8,14,a,a,,,,5,2,3034,得点,,,,,
287,20230204,埼玉,富士通,8,14,a,a,サーブ,11,澁谷,0,2,3034,,,,,,
288,20230204,埼玉,富士通,8,14,a,*,レシーブ失敗,9,小森,1,2,3034,,,,,,
289,20230204,埼玉,富士通,8,14,a,*,アタック成功,4,米村,1,2,3034,,,,,,
290,20230204,埼玉,富士通,9,14,*,*,,,,1,2,3034,得点,,,,,
291,20230204,埼玉,富士通,9,14,*,*,サーブミス,24,ジェイレン,0,2,3034,,,,,,
292,20230204,埼玉,富士通,9,15,a,a,,,,0,2,3034,得点,,,,,
293,20230204,埼玉,富士通,9,15,a,a,サーブ,25,吉田,0,2,3034,,,,,,
294,20230204,埼玉,富士通,9,15,a,*,レシーブ失敗,4,米村,1,2,3034,,,,,,
295,20230204,埼玉,富士通,9,15,a,*,アタック,4,米村,1,2,3034,,,,,,
296,20230204,埼玉,富士通,9,15,a,a,アタック失敗,16,坂本,2,2,3034,,,,,,
297,20230204,埼玉,富士通,10,15,*,*,,,,2,2,3034,得点,,,,,
298,20230204,埼玉,富士通,10,15,*,*,,,,0,2,3034,,IN:25,藤巻,OUT:24,ジェイレン,
299,20230204,埼玉,富士通,10,15,*,*,,,,0,2,3034,,IN:15,鈴木,OUT:2,谷越,
300,20230204,埼玉,富士通,10,15,*,*,サーブ,4,米村,0,2,3034,,,,,,
301,20230204,埼玉,富士通,10,15,*,a,レシーブ成功(優),18,中前,1,2,3034,,,,,,
302,20230204,埼玉,富士通,10,15,*,a,アタック成功,28,持下,1,2,3034,,,,,,
303,20230204,埼玉,富士通,10,16,a,a,,,,1,2,3034,得点,,,,,
304,20230204,埼玉,富士通,10,16,a,a,サーブ,16,坂本,0,2,3034,,,,,,
305,20230204,埼玉,富士通,10,16,a,*,レシーブ成功(優),9,小森,1,2,3034,,,,,,
306,20230204,埼玉,富士通,10,16,a,*,アタック成功,9,小森,1,2,3034,,,,,,
307,20230204,埼玉,富士通,11,16,*,*,,,,1,2,3034,得点,,,,,
308,20230204,埼玉,富士通,11,16,*,*,サーブ,14,吉田(隼),0,2,3034,,,,,,
309,20230204,埼玉,富士通,11,16,*,a,レシーブ成功(良),11,澁谷,1,2,3034,,,,,,
310,20230204,埼玉,富士通,11,16,*,a,アタック,18,中前,1,2,3034,,,,,,
311,20230204,埼玉,富士通,11,16,*,*,アタック,9,小森,2,2,3034,,,,,,
312,20230204,埼玉,富士通,11,16,*,*,その他ミス,9,小森,3,2,3034,,,,,,
313,20230204,埼玉,富士通,11,17,a,a,,,,3,2,3034,得点,,,,,
314,20230204,埼玉,富士通,11,17,a,a,サーブ,18,中前,0,2,3034,,,,,,
315,20230204,埼玉,富士通,11,17,a,*,レシーブ失敗,9,小森,1,2,3034,,,,,,
316,20230204,埼玉,富士通,11,17,a,a,アタック成功,16,坂本,1,2,3034,,,,,,
317,20230204,埼玉,富士通,11,18,a,a,,,,1,2,3034,得点,,,,,
318,20230204,埼玉,富士通,11,18,a,*,,,,0,2,3034,,,,,,タイムアウト
319,20230204,埼玉,富士通,11,18,a,a,サーブミス,18,中前,0,2,3034,,,,,,
320,20230204,埼玉,富士通,12,18,*,*,,,,0,2,3034,得点,,,,,
321,20230204,埼玉,富士通,12,18,*,*,サーブミス,15,鈴木,0,2,3034,,,,,,
322,20230204,埼玉,富士通,12,19,a,a,,,,0,2,3034,得点,,,,,
323,20230204,埼玉,富士通,12,19,a,a,,,,0,2,3034,,IN:23,後藤,OUT:28,持下,
324,20230204,埼玉,富士通,12,19,a,a,サーブ,23,後藤,0,2,3034,,,,,,
325,20230204,埼玉,富士通,12,19,a,*,レシーブ成功(良),18,伊庭,1,2,3034,,,,,,
326,20230204,埼玉,富士通,12,19,a,*,アタック,13,小泉,1,2,3034,,,,,,
327,20230204,埼玉,富士通,12,19,a,*,アタック成功,9,小森,2,2,3034,,,,,,
328,20230204,埼玉,富士通,13,19,*,*,,,,2,2,3034,得点,,,,,
329,20230204,埼玉,富士通,13,19,*,a,,,,0,2,3034,,IN:28,持下,OUT:23,後藤,
330,20230204,埼玉,富士通,13,19,*,*,サーブミス,9,小森,0,2,3034,,,,,,
331,20230204,埼玉,富士通,13,20,a,a,,,,0,2,3034,得点,,,,,
332,20230204,埼玉,富士通,13,20,a,a,サーブ,5,中野,0,2,3034,,,,,,
333,20230204,埼玉,富士通,13,20,a,*,レシーブ成功(良),9,小森,1,2,3034,,,,,,
334,20230204,埼玉,富士通,13,20,a,*,アタック成功,15,鈴木,1,2,3034,,,,,,
335,20230204,埼玉,富士通,14,20,*,*,,,,1,2,3034,得点,,,,,
336,20230204,埼玉,富士通,14,20,*,*,サーブ,13,小泉,0,2,3034,,,,,,
337,20230204,埼玉,富士通,14,20,*,a,レシーブ成功(優),6,森,1,2,3034,,,,,,
338,20230204,埼玉,富士通,14,20,*,a,アタック,25,吉田,1,2,3034,,,,,,
339,20230204,埼玉,富士通,14,20,*,a,アタック,16,坂本,2,2,3034,,,,,,
340,20230204,埼玉,富士通,14,20,*,*,アタック,9,小森,3,2,3034,,,,,,
341,20230204,埼玉,富士通,14,20,*,a,ブロック成功,25,吉田,4,2,3034,,,,,,
342,20230204,埼玉,富士通,14,21,a,a,,,,4,2,3034,得点,,,,,
343,20230204,埼玉,富士通,14,21,a,a,サーブ,11,澁谷,0,2,3034,,,,,,
344,20230204,埼玉,富士通,14,21,a,*,レシーブ失敗,9,小森,1,2,3034,,,,,,
345,20230204,埼玉,富士通,14,21,a,*,アタック成功,4,米村,1,2,3034,,,,,,
346,20230204,埼玉,富士通,15,21,*,*,,,,1,2,3034,得点,,,,,
347,20230204,埼玉,富士通,15,21,*,*,サーブ,25,藤巻,0,2,3034,,,,,,
348,20230204,埼玉,富士通,15,21,*,a,レシーブ成功(優),6,森,1,2,3034,,,,,,
349,20230204,埼玉,富士通,15,21,*,a,アタック成功,18,中前,1,2,3034,,,,,,
350,20230204,埼玉,富士通,15,22,a,a,,,,1,2,3034,得点,,,,,
351,20230204,埼玉,富士通,15,22,a,a,サーブ,25,吉田,0,2,3034,,,,,,
352,20230204,埼玉,富士通,15,22,a,*,レシーブ成功(良),9,小森,1,2,3034,,,,,,
353,20230204,埼玉,富士通,15,22,a,*,アタック,15,鈴木,1,2,3034,,,,,,
354,20230204,埼玉,富士通,15,22,a,*,アタック,4,米村,2,2,3034,,,,,,
355,20230204,埼玉,富士通,15,22,a,a,アタック成功,28,持下,3,2,3034,,,,,,
356,20230204,埼玉,富士通,15,23,a,a,,,,3,2,3034,得点,,,,,
357,20230204,埼玉,富士通,15,23,a,a,サーブ,25,吉田,0,2,3034,,,,,,
358,20230204,埼玉,富士通,15,23,a,*,レシーブ成功(優),9,小森,1,2,3034,,,,,,
359,20230204,埼玉,富士通,15,23,a,*,アタック成功,4,米村,1,2,3034,,,,,,
360,20230204,埼玉,富士通,16,23,*,*,,,,1,2,3034,得点,,,,,
361,20230204,埼玉,富士通,16,23,*,*,,,,0,2,3034,,IN:11,阿部,OUT:4,米村,
362,20230204,埼玉,富士通,16,23,*,*,サーブミス,11,阿部,0,2,3034,,,,,,
363,20230204,埼玉,富士通,16,24,a,a,,,,0,2,3034,得点,,,,,
364,20230204,埼玉,富士通,16,24,a,*,,,,0,2,3034,,IN:4,米村,OUT:11,阿部,
365,20230204,埼玉,富士通,16,24,a,a,,,,0,2,3034,,IN:1,西澤,OUT:5,中野,
366,20230204,埼玉,富士通,16,24,a,a,サーブ,16,坂本,0,2,3034,,,,,,
367,20230204,埼玉,富士通,16,24,a,*,レシーブ成功(優),18,伊庭,1,2,3034,,,,,,
368,20230204,埼玉,富士通,16,24,a,*,アタック成功,14,吉田(隼),1,2,3034,,,,,,
369,20230204,埼玉,富士通,17,24,*,*,,,,1,2,3034,得点,,,,,
370,20230204,埼玉,富士通,17,24,*,a,,,,0,2,3034,,IN:5,中野,OUT:1,西澤,
371,20230204,埼玉,富士通,17,24,*,*,サーブ,14,吉田(隼),0,2,3034,,,,,,
372,20230204,埼玉,富士通,17,24,*,a,レシーブ成功(優),6,森,1,2,3034,,,,,,
373,20230204,埼玉,富士通,17,24,*,a,アタック,18,中前,1,2,3034,,,,,,
374,20230204,埼玉,富士通,17,24,*,*,アタック成功,15,鈴木,2,2,3034,,,,,,
375,20230204,埼玉,富士通,18,24,*,*,,,,2,2,3034,得点,,,,,
376,20230204,埼玉,富士通,18,24,*,*,サーブ,14,吉田(隼),0,2,3034,,,,,,
377,20230204,埼玉,富士通,18,24,*,a,レシーブ成功(優),11,澁谷,1,2,3034,,,,,,
378,20230204,埼玉,富士通,18,24,*,a,アタック成功,28,持下,1,2,3034,,,,,,
379,20230204,埼玉,富士通,18,25,a,a,,,,1,2,3034,得点,,,,,
380,20230204,埼玉,富士通,0,0,*,*,サーブ,9,小森,0,3,3034,,,,,,
381,20230204,埼玉,富士通,0,0,*,a,レシーブ成功(良),11,澁谷,1,3,3034,,,,,,
382,20230204,埼玉,富士通,0,0,*,a,アタック成功,25,吉田,1,3,3034,,,,,,
383,20230204,埼玉,富士通,0,1,a,a,,,,1,3,3034,得点,,,,,
384,20230204,埼玉,富士通,0,1,a,a,サーブ,11,澁谷,0,3,3034,,,,,,
385,20230204,埼玉,富士通,0,1,a,*,レシーブ成功(良),18,伊庭,1,3,3034,,,,,,
386,20230204,埼玉,富士通,0,1,a,*,アタック成功,13,小泉,1,3,3034,,,,,,
387,20230204,埼玉,富士通,1,1,*,*,,,,1,3,3034,得点,,,,,
388,20230204,埼玉,富士通,1,1,*,*,サーブ,13,小泉,0,3,3034,,,,,,
389,20230204,埼玉,富士通,1,1,*,a,レシーブ成功(優),6,森,1,3,3034,,,,,,
390,20230204,埼玉,富士通,1,1,*,a,アタック失敗,16,坂本,1,3,3034,,,,,,
391,20230204,埼玉,富士通,2,1,*,*,,,,1,3,3034,得点,,,,,
392,20230204,埼玉,富士通,2,1,*,*,サーブ,13,小泉,0,3,3034,,,,,,
393,20230204,埼玉,富士通,2,1,*,a,レシーブ成功(優),6,森,1,3,3034,,,,,,
394,20230204,埼玉,富士通,2,1,*,a,アタック,16,坂本,1,3,3034,,,,,,
395,20230204,埼玉,富士通,2,1,*,*,ブロック成功,20,陳,2,3,3034,,,,,,
396,20230204,埼玉,富士通,3,1,*,*,,,,2,3,3034,得点,,,,,
397,20230204,埼玉,富士通,3,1,*,*,サーブ,13,小泉,0,3,3034,,,,,,
398,20230204,埼玉,富士通,3,1,*,a,レシーブ失敗,18,中前,1,3,3034,,,,,,
399,20230204,埼玉,富士通,3,1,*,*,アタック成功,20,陳,1,3,3034,,,,,,
400,20230204,埼玉,富士通,4,1,*,*,,,,1,3,3034,得点,,,,,
401,20230204,埼玉,富士通,4,1,*,a,,,,0,3,3034,,,,,,タイムアウト
402,20230204,埼玉,富士通,4,1,*,*,サーブ,13,小泉,0,3,3034,,,,,,
403,20230204,埼玉,富士通,4,1,*,a,レシーブ失敗,18,中前,1,3,3034,,,,,,
404,20230204,埼玉,富士通,4,1,*,a,アタック,18,中前,1,3,3034,,,,,,
405,20230204,埼玉,富士通,4,1,*,*,ブロック成功,24,ジェイレン,2,3,3034,,,,,,
406,20230204,埼玉,富士通,5,1,*,*,,,,2,3,3034,得点,,,,,
407,20230204,埼玉,富士通,5,1,*,*,サーブ,13,小泉,0,3,3034,,,,,,
408,20230204,埼玉,富士通,5,1,*,a,レシーブ失敗,18,中前,1,3,3034,,,,,,
409,20230204,埼玉,富士通,5,1,*,a,アタック成功,18,中前,1,3,3034,,,,,,
410,20230204,埼玉,富士通,5,2,a,a,,,,1,3,3034,得点,,,,,
411,20230204,埼玉,富士通,5,2,a,a,サーブ,25,吉田,0,3,3034,,,,,,
412,20230204,埼玉,富士通,5,2,a,*,レシーブ成功(優),18,伊庭,1,3,3034,,,,,,
413,20230204,埼玉,富士通,5,2,a,*,アタック,3,奥田,1,3,3034,,,,,,
414,20230204,埼玉,富士通,5,2,a,a,アタック失敗,18,中前,2,3,3034,,,,,,
415,20230204,埼玉,富士通,6,2,*,*,,,,2,3,3034,得点,,,,,
416,20230204,埼玉,富士通,6,2,*,*,サーブ,24,ジェイレン,0,3,3034,,,,,,
417,20230204,埼玉,富士通,6,2,*,a,レシーブ失敗,11,澁谷,1,3,3034,,,,,,
418,20230204,埼玉,富士通,6,2,*,a,アタック成功,16,坂本,1,3,3034,,,,,,
419,20230204,埼玉,富士通,6,3,a,a,,,,1,3,3034,得点,,,,,
420,20230204,埼玉,富士通,6,3,a,a,サーブ,16,坂本,0,3,3034,,,,,,
421,20230204,埼玉,富士通,6,3,a,*,レシーブ成功(優),9,小森,1,3,3034,,,,,,
422,20230204,埼玉,富士通,6,3,a,*,アタック成功,20,陳,1,3,3034,,,,,,
423,20230204,埼玉,富士通,7,3,*,*,,,,1,3,3034,得点,,,,,
424,20230204,埼玉,富士通,7,3,*,*,サーブ,20,陳,0,3,3034,,,,,,
425,20230204,埼玉,富士通,7,3,*,a,レシーブ成功(優),18,中前,1,3,3034,,,,,,
426,20230204,埼玉,富士通,7,3,*,a,アタック成功,28,持下,1,3,3034,,,,,,
427,20230204,埼玉,富士通,7,4,a,a,,,,1,3,3034,得点,,,,,
428,20230204,埼玉,富士通,7,4,a,a,サーブ,18,中前,0,3,3034,,,,,,
429,20230204,埼玉,富士通,7,4,a,*,レシーブ成功(優),9,小森,1,3,3034,,,,,,
430,20230204,埼玉,富士通,7,4,a,*,アタック成功,24,ジェイレン,1,3,3034,,,,,,
431,20230204,埼玉,富士通,8,4,*,*,,,,1,3,3034,得点,,,,,
432,20230204,埼玉,富士通,8,4,*,*,サーブ,3,奥田,0,3,3034,,,,,,
433,20230204,埼玉,富士通,8,4,*,a,レシーブ成功(優),18,中前,1,3,3034,,,,,,
434,20230204,埼玉,富士通,8,4,*,a,アタック成功,28,持下,1,3,3034,,,,,,
435,20230204,埼玉,富士通,8,5,a,a,,,,1,3,3034,得点,,,,,
436,20230204,埼玉,富士通,8,5,a,a,サーブミス,28,持下,0,3,3034,,,,,,
437,20230204,埼玉,富士通,9,5,*,*,,,,0,3,3034,得点,,,,,
438,20230204,埼玉,富士通,9,5,*,*,サーブミス,2,谷越,0,3,3034,,,,,,
439,20230204,埼玉,富士通,9,6,a,a,,,,0,3,3034,得点,,,,,
440,20230204,埼玉,富士通,9,6,a,a,サーブ,5,中野,0,3,3034,,,,,,
441,20230204,埼玉,富士通,9,6,a,*,レシーブ成功(優),9,小森,1,3,3034,,,,,,
442,20230204,埼玉,富士通,9,6,a,*,アタック,13,小泉,1,3,3034,,,,,,
443,20230204,埼玉,富士通,9,6,a,a,アタック,11,澁谷,2,3,3034,,,,,,
444,20230204,埼玉,富士通,9,6,a,a,アタック成功,11,澁谷,3,3,3034,,,,,,
445,20230204,埼玉,富士通,9,7,a,a,,,,3,3,3034,得点,,,,,
446,20230204,埼玉,富士通,9,7,a,a,サーブミス,5,中野,0,3,3034,,,,,,
447,20230204,埼玉,富士通,10,7,*,*,,,,0,3,3034,得点,,,,,
448,20230204,埼玉,富士通,10,7,*,*,サーブミス,9,小森,0,3,3034,,,,,,
449,20230204,埼玉,富士通,10,8,a,a,,,,0,3,3034,得点,,,,,
450,20230204,埼玉,富士通,10,8,a,a,サーブミス,11,澁谷,0,3,3034,,,,,,
451,20230204,埼玉,富士通,11,8,*,*,,,,0,3,3034,得点,,,,,
452,20230204,埼玉,富士通,11,8,*,*,サーブ,13,小泉,0,3,3034,,,,,,
453,20230204,埼玉,富士通,11,8,*,a,レシーブ成功(優),6,森,1,3,3034,,,,,,
454,20230204,埼玉,富士通,11,8,*,a,アタック,25,吉田,1,3,3034,,,,,,
455,20230204,埼玉,富士通,11,8,*,a,アタック,16,坂本,2,3,3034,,,,,,
456,20230204,埼玉,富士通,11,8,*,*,アタック成功,20,陳,3,3,3034,,,,,,
457,20230204,埼玉,富士通,12,8,*,*,,,,3,3,3034,得点,,,,,
458,20230204,埼玉,富士通,12,8,*,*,,,,0,3,3034,,,,,,
459,20230204,埼玉,富士通,12,8,*,*,サーブ,13,小泉,0,3,3034,,,,,,
460,20230204,埼玉,富士通,12,8,*,a,レシーブ成功(優),11,澁谷,1,3,3034,,,,,,
461,20230204,埼玉,富士通,12,8,*,a,アタック成功,18,中前,1,3,3034,,,,,,
462,20230204,埼玉,富士通,12,9,a,a,,,,1,3,3034,得点,,,,,
463,20230204,埼玉,富士通,12,9,a,a,サーブ,25,吉田,0,3,3034,,,,,,
464,20230204,埼玉,富士通,12,9,a,*,レシーブ成功(優),18,伊庭,1,3,3034,,,,,,
465,20230204,埼玉,富士通,12,9,a,*,アタック,20,陳,1,3,3034,,,,,,
466,20230204,埼玉,富士通,12,9,a,*,アタック成功,20,陳,2,3,3034,,,,,,
467,20230204,埼玉,富士通,13,9,*,*,,,,2,3,3034,得点,,,,,
468,20230204,埼玉,富士通,13,9,*,*,サーブ,24,ジェイレン,0,3,3034,,,,,,
469,20230204,埼玉,富士通,13,9,*,a,レシーブ成功(優),6,森,1,3,3034,,,,,,
470,20230204,埼玉,富士通,13,9,*,a,アタック,16,坂本,1,3,3034,,,,,,
471,20230204,埼玉,富士通,13,9,*,a,アタック,18,中前,2,3,3034,,,,,,
472,20230204,埼玉,富士通,13,9,*,*,アタック,24,ジェイレン,3,3,3034,,,,,,
473,20230204,埼玉,富士通,13,9,*,a,ブロック成功,18,中前,4,3,3034,,,,,,
474,20230204,埼玉,富士通,13,10,a,a,,,,4,3,3034,得点,,,,,
475,20230204,埼玉,富士通,13,10,a,a,サーブ,16,坂本,0,3,3034,,,,,,
476,20230204,埼玉,富士通,13,10,a,*,レシーブ失敗,18,伊庭,1,3,3034,,,,,,
477,20230204,埼玉,富士通,13,10,a,*,アタック成功,20,陳,1,3,3034,,,,,,
478,20230204,埼玉,富士通,14,10,*,*,,,,1,3,3034,得点,,,,,
479,20230204,埼玉,富士通,14,10,*,*,サーブ,20,陳,0,3,3034,,,,,,
480,20230204,埼玉,富士通,14,10,*,a,レシーブ成功(良),6,森,1,3,3034,,,,,,
481,20230204,埼玉,富士通,14,10,*,a,アタック,5,中野,1,3,3034,,,,,,
482,20230204,埼玉,富士通,14,10,*,*,ブロック成功,9,小森,2,3,3034,,,,,,
483,20230204,埼玉,富士通,15,10,*,*,,,,2,3,3034,得点,,,,,
484,20230204,埼玉,富士通,15,10,*,*,サーブ,20,陳,0,3,3034,,,,,,
485,20230204,埼玉,富士通,15,10,*,a,レシーブ失敗,6,森,1,3,3034,,,,,,
486,20230204,埼玉,富士通,15,10,*,*,アタック成功,20,陳,1,3,3034,,,,,,
487,20230204,埼玉,富士通,16,10,*,*,,,,1,3,3034,得点,,,,,
488,20230204,埼玉,富士通,16,10,*,*,,,,0,3,3034,,IN:25,藤巻,OUT:24,ジェイレン,
489,20230204,埼玉,富士通,16,10,*,*,,,,0,3,3034,,IN:15,鈴木,OUT:2,谷越,
490,20230204,埼玉,富士通,16,10,*,*,サーブ,20,陳,0,3,3034,,,,,,
491,20230204,埼玉,富士通,16,10,*,a,レシーブ失敗,11,澁谷,1,3,3034,,,,,,
492,20230204,埼玉,富士通,16,10,*,a,アタック,18,中前,1,3,3034,,,,,,
493,20230204,埼玉,富士通,16,10,*,*,アタック,20,陳,2,3,3034,,,,,,
494,20230204,埼玉,富士通,16,10,*,a,アタック,18,中前,3,3,3034,,,,,,
495,20230204,埼玉,富士通,16,10,*,*,アタック,9,小森,4,3,3034,,,,,,
496,20230204,埼玉,富士通,16,10,*,a,アタック成功,28,持下,5,3,3034,,,,,,
497,20230204,埼玉,富士通,16,11,a,a,,,,5,3,3034,得点,,,,,
498,20230204,埼玉,富士通,16,11,a,a,サーブ,18,中前,0,3,3034,,,,,,
499,20230204,埼玉,富士通,16,11,a,*,レシーブ失敗,18,伊庭,1,3,3034,,,,,,
500,20230204,埼玉,富士通,16,11,a,*,アタック,9,小森,1,3,3034,,,,,,
501,20230204,埼玉,富士通,16,11,a,a,アタック成功,16,坂本,2,3,3034,,,,,,
502,20230204,埼玉,富士通,16,12,a,a,,,,2,3,3034,得点,,,,,
503,20230204,埼玉,富士通,16,12,a,a,サーブミス,18,中前,0,3,3034,,,,,,
504,20230204,埼玉,富士通,17,12,*,*,,,,0,3,3034,得点,,,,,
505,20230204,埼玉,富士通,17,12,*,*,サーブ,3,奥田,0,3,3034,,,,,,
506,20230204,埼玉,富士通,17,12,*,a,レシーブ成功(良),18,中前,1,3,3034,,,,,,
507,20230204,埼玉,富士通,17,12,*,a,アタック成功,11,澁谷,1,3,3034,,,,,,
508,20230204,埼玉,富士通,17,13,a,a,,,,1,3,3034,得点,,,,,
509,20230204,埼玉,富士通,17,13,a,a,,,,0,3,3034,,IN:23,後藤,OUT:28,持下,
510,20230204,埼玉,富士通,17,13,a,a,サーブ,23,後藤,0,3,3034,,,,,,
511,20230204,埼玉,富士通,17,13,a,*,レシーブ失敗,20,陳,1,3,3034,,,,,,
512,20230204,埼玉,富士通,17,13,a,*,アタック成功,9,小森,1,3,3034,,,,,,
513,20230204,埼玉,富士通,18,13,*,*,,,,1,3,3034,得点,,,,,
514,20230204,埼玉,富士通,18,13,*,a,,,,0,3,3034,,IN:28,持下,OUT:23,後藤,
515,20230204,埼玉,富士通,18,13,*,*,,,,0,3,3034,,IN:2,谷越,OUT:15,鈴木,
516,20230204,埼玉,富士通,18,13,*,*,,,,0,3,3034,,IN:24,ジェイレン,OUT:25,藤巻,
517,20230204,埼玉,富士通,18,13,*,*,サーブ,2,谷越,0,3,3034,,,,,,
518,20230204,埼玉,富士通,18,13,*,a,レシーブ成功(優),11,澁谷,1,3,3034,,,,,,
519,20230204,埼玉,富士通,18,13,*,a,アタック,11,澁谷,1,3,3034,,,,,,
520,20230204,埼玉,富士通,18,13,*,*,ブロック成功,24,ジェイレン,2,3,3034,,,,,,
521,20230204,埼玉,富士通,19,13,*,*,,,,2,3,3034,得点,,,,,
522,20230204,埼玉,富士通,19,13,*,*,サーブ,2,谷越,0,3,3034,,,,,,
523,20230204,埼玉,富士通,19,13,*,a,レシーブ成功(良),18,中前,1,3,3034,,,,,,
524,20230204,埼玉,富士通,19,13,*,a,アタック成功,16,坂本,1,3,3034,,,,,,
525,20230204,埼玉,富士通,19,14,a,a,,,,1,3,3034,得点,,,,,
526,20230204,埼玉,富士通,19,14,a,a,サーブ,5,中野,0,3,3034,,,,,,
527,20230204,埼玉,富士通,19,14,a,*,レシーブ成功(良),9,小森,1,3,3034,,,,,,
528,20230204,埼玉,富士通,19,14,a,*,アタック成功,9,小森,1,3,3034,,,,,,
529,20230204,埼玉,富士通,20,14,*,*,,,,1,3,3034,得点,,,,,
530,20230204,埼玉,富士通,20,14,*,*,サーブ,9,小森,0,3,3034,,,,,,
531,20230204,埼玉,富士通,20,14,*,a,レシーブ成功(優),6,森,1,3,3034,,,,,,
532,20230204,埼玉,富士通,20,14,*,a,アタック,16,坂本,1,3,3034,,,,,,
533,20230204,埼玉,富士通,20,14,*,*,アタック成功,20,陳,2,3,3034,,,,,,
534,20230204,埼玉,富士通,21,14,*,*,,,,2,3,3034,得点,,,,,
535,20230204,埼玉,富士通,21,14,*,*,サーブ,9,小森,0,3,3034,,,,,,
536,20230204,埼玉,富士通,21,14,*,a,レシーブ成功(良),6,森,1,3,3034,,,,,,
537,20230204,埼玉,富士通,21,14,*,a,アタック成功,11,澁谷,1,3,3034,,,,,,
538,20230204,埼玉,富士通,21,15,a,a,,,,1,3,3034,得点,,,,,
539,20230204,埼玉,富士通,21,15,a,a,サーブ,11,澁谷,0,3,3034,,,,,,
540,20230204,埼玉,富士通,21,15,a,*,レシーブ成功(良),9,小森,1,3,3034,,,,,,
541,20230204,埼玉,富士通,21,15,a,*,アタック成功,20,陳,1,3,3034,,,,,,
542,20230204,埼玉,富士通,22,15,*,*,,,,1,3,3034,得点,,,,,
543,20230204,埼玉,富士通,22,15,*,*,,,,0,3,3034,,IN:11,阿部,OUT:13,小泉,
544,20230204,埼玉,富士通,22,15,*,*,サーブ,11,阿部,0,3,3034,,,,,,
545,20230204,埼玉,富士通,22,15,*,a,レシーブ成功(良),18,中前,1,3,3034,,,,,,
546,20230204,埼玉,富士通,22,15,*,a,アタック,25,吉田,1,3,3034,,,,,,
547,20230204,埼玉,富士通,22,15,*,*,アタック,20,陳,2,3,3034,,,,,,
548,20230204,埼玉,富士通,22,15,*,a,アタック,25,吉田,3,3,3034,,,,,,
549,20230204,埼玉,富士通,22,15,*,*,アタック,24,ジェイレン,4,3,3034,,,,,,
550,20230204,埼玉,富士通,22,15,*,*,アタック,20,陳,5,3,3034,,,,,,
551,20230204,埼玉,富士通,22,15,*,a,アタック,5,中野,6,3,3034,,,,,,
552,20230204,埼玉,富士通,22,15,*,a,アタック成功,25,吉田,7,3,3034,,,,,,
553,20230204,埼玉,富士通,22,16,a,a,,,,7,3,3034,得点,,,,,
554,20230204,埼玉,富士通,22,16,a,*,,,,0,3,3034,,IN:13,小泉,OUT:11,阿部,
555,20230204,埼玉,富士通,22,16,a,a,サーブ,25,吉田,0,3,3034,,,,,,
556,20230204,埼玉,富士通,22,16,a,*,レシーブ成功(優),9,小森,1,3,3034,,,,,,
557,20230204,埼玉,富士通,22,16,a,*,アタック成功,24,ジェイレン,1,3,3034,,,,,,
558,20230204,埼玉,富士通,23,16,*,*,,,,1,3,3034,得点,,,,,
559,20230204,埼玉,富士通,23,16,*,*,サーブ,24,ジェイレン,0,3,3034,,,,,,
560,20230204,埼玉,富士通,23,16,*,a,レシーブ成功(良),11,澁谷,1,3,3034,,,,,,
561,20230204,埼玉,富士通,23,16,*,a,その他ミス,5,中野,1,3,3034,,,,,,
562,20230204,埼玉,富士通,24,16,*,*,,,,1,3,3034,得点,,,,,
563,20230204,埼玉,富士通,24,16,*,*,サーブ,24,ジェイレン,0,3,3034,,,,,,
564,20230204,埼玉,富士通,24,16,*,a,レシーブ成功(良),6,森,1,3,3034,,,,,,
565,20230204,埼玉,富士通,24,16,*,a,アタック,18,中前,1,3,3034,,,,,,
566,20230204,埼玉,富士通,24,16,*,*,アタック成功,24,ジェイレン,2,3,3034,,,,,,
567,20230204,埼玉,富士通,25,16,*,*,,,,2,3,3034,得点,,,,,
568,20230204,埼玉,富士通,0,0,*,a,サーブ,5,中野,0,4,3034,,,,,,
569,20230204,埼玉,富士通,0,0,*,*,レシーブ成功(優),9,小森,1,4,3034,,,,,,
570,20230204,埼玉,富士通,0,0,*,*,アタック,9,小森,1,4,3034,,,,,,
571,20230204,埼玉,富士通,0,0,*,a,ブロック成功,11,澁谷,2,4,3034,,,,,,
572,20230204,埼玉,富士通,0,1,a,a,,,,2,4,3034,得点,,,,,
573,20230204,埼玉,富士通,0,1,a,a,サーブ,5,中野,0,4,3034,,,,,,
574,20230204,埼玉,富士通,0,1,a,*,レシーブ成功(良),9,小森,1,4,3034,,,,,,
575,20230204,埼玉,富士通,0,1,a,*,アタック失敗,24,ジェイレン,1,4,3034,,,,,,
576,20230204,埼玉,富士通,0,2,a,a,,,,1,4,3034,得点,,,,,
577,20230204,埼玉,富士通,0,2,a,a,サーブ,5,中野,0,4,3034,,,,,,
578,20230204,埼玉,富士通,0,2,a,*,レシーブ失敗,9,小森,1,4,3034,,,,,,
579,20230204,埼玉,富士通,0,2,a,a,アタック成功,16,坂本,1,4,3034,,,,,,
580,20230204,埼玉,富士通,0,3,a,a,,,,1,4,3034,得点,,,,,
581,20230204,埼玉,富士通,0,3,a,a,サーブミス,5,中野,0,4,3034,,,,,,
582,20230204,埼玉,富士通,1,3,*,*,,,,0,4,3034,得点,,,,,
583,20230204,埼玉,富士通,1,3,*,*,サーブ,9,小森,0,4,3034,,,,,,
584,20230204,埼玉,富士通,1,3,*,a,レシーブ失敗,11,澁谷,1,4,3034,,,,,,
585,20230204,埼玉,富士通,1,3,*,a,アタック,11,澁谷,1,4,3034,,,,,,
586,20230204,埼玉,富士通,1,3,*,*,アタック,24,ジェイレン,2,4,3034,,,,,,
587,20230204,埼玉,富士通,1,3,*,a,アタック成功,16,坂本,3,4,3034,,,,,,
588,20230204,埼玉,富士通,1,4,a,a,,,,3,4,3034,得点,,,,,
589,20230204,埼玉,富士通,1,4,a,a,サーブ,11,澁谷,0,4,3034,,,,,,
590,20230204,埼玉,富士通,1,4,a,*,レシーブ成功(良),9,小森,1,4,3034,,,,,,
591,20230204,埼玉,富士通,1,4,a,*,アタック成功,20,陳,1,4,3034,,,,,,
592,20230204,埼玉,富士通,2,4,*,*,,,,1,4,3034,得点,,,,,
593,20230204,埼玉,富士通,2,4,*,*,サーブ,13,小泉,0,4,3034,,,,,,
594,20230204,埼玉,富士通,2,4,*,a,レシーブ成功(優),6,森,1,4,3034,,,,,,
595,20230204,埼玉,富士通,2,4,*,a,アタック,18,中前,1,4,3034,,,,,,
596,20230204,埼玉,富士通,2,4,*,a,アタック成功,11,澁谷,2,4,3034,,,,,,
597,20230204,埼玉,富士通,2,5,a,a,,,,2,4,3034,得点,,,,,
598,20230204,埼玉,富士通,2,5,a,a,サーブミス,25,吉田,0,4,3034,,,,,,
599,20230204,埼玉,富士通,3,5,*,*,,,,0,4,3034,得点,,,,,
600,20230204,埼玉,富士通,3,5,*,*,サーブ,24,ジェイレン,0,4,3034,,,,,,
601,20230204,埼玉,富士通,3,5,*,a,レシーブ成功(良),11,澁谷,1,4,3034,,,,,,
602,20230204,埼玉,富士通,3,5,*,a,アタック成功,28,持下,1,4,3034,,,,,,
603,20230204,埼玉,富士通,3,6,a,a,,,,1,4,3034,得点,,,,,
604,20230204,埼玉,富士通,3,6,a,a,サーブ,16,坂本,0,4,3034,,,,,,
605,20230204,埼玉,富士通,3,6,a,*,レシーブ成功(良),18,伊庭,1,4,3034,,,,,,
606,20230204,埼玉,富士通,3,6,a,*,アタック,2,谷越,1,4,3034,,,,,,
607,20230204,埼玉,富士通,3,6,a,a,アタック成功,18,中前,2,4,3034,,,,,,
608,20230204,埼玉,富士通,3,7,a,a,,,,2,4,3034,得点,,,,,
609,20230204,埼玉,富士通,3,7,a,a,サーブ,16,坂本,0,4,3034,,,,,,
610,20230204,埼玉,富士通,3,7,a,*,レシーブ成功(優),20,陳,1,4,3034,,,,,,
611,20230204,埼玉,富士通,3,7,a,*,アタック成功,24,ジェイレン,1,4,3034,,,,,,
612,20230204,埼玉,富士通,4,7,*,*,,,,1,4,3034,得点,,,,,
613,20230204,埼玉,富士通,4,7,*,*,サーブ,20,陳,0,4,3034,,,,,,
614,20230204,埼玉,富士通,4,7,*,a,レシーブ成功(良),11,澁谷,1,4,3034,,,,,,
615,20230204,埼玉,富士通,4,7,*,a,アタック,18,中前,1,4,3034,,,,,,
616,20230204,埼玉,富士通,4,7,*,*,ブロック成功,3,奥田,2,4,3034,,,,,,
617,20230204,埼玉,富士通,5,7,*,*,,,,2,4,3034,得点,,,,,
618,20230204,埼玉,富士通,5,7,*,*,サーブ,20,陳,0,4,3034,,,,,,
619,20230204,埼玉,富士通,5,7,*,a,レシーブ失敗,18,中前,1,4,3034,,,,,,
620,20230204,埼玉,富士通,5,7,*,a,アタック,18,中前,1,4,3034,,,,,,
621,20230204,埼玉,富士通,5,7,*,*,アタック,9,小森,2,4,3034,,,,,,
622,20230204,埼玉,富士通,5,7,*,a,アタック,16,坂本,3,4,3034,,,,,,
623,20230204,埼玉,富士通,5,7,*,a,アタック成功,28,持下,4,4,3034,,,,,,
624,20230204,埼玉,富士通,5,8,a,a,,,,4,4,3034,得点,,,,,
625,20230204,埼玉,富士通,5,8,a,a,サーブ,18,中前,0,4,3034,,,,,,
626,20230204,埼玉,富士通,5,8,a,*,レシーブ成功(良),18,伊庭,1,4,3034,,,,,,
627,20230204,埼玉,富士通,5,8,a,*,アタック成功,9,小森,1,4,3034,,,,,,
628,20230204,埼玉,富士通,6,8,*,*,,,,1,4,3034,得点,,,,,
629,20230204,埼玉,富士通,6,8,*,*,サーブ,3,奥田,0,4,3034,,,,,,
630,20230204,埼玉,富士通,6,8,*,a,レシーブ成功(優),6,森,1,4,3034,,,,,,
631,20230204,埼玉,富士通,6,8,*,a,アタック成功,11,澁谷,1,4,3034,,,,,,
632,20230204,埼玉,富士通,6,9,a,a,,,,1,4,3034,得点,,,,,
633,20230204,埼玉,富士通,6,9,a,a,サーブ,28,持下,0,4,3034,,,,,,
634,20230204,埼玉,富士通,6,9,a,*,レシーブ成功(優),9,小森,1,4,3034,,,,,,
635,20230204,埼玉,富士通,6,9,a,*,アタック成功,9,小森,1,4,3034,,,,,,
636,20230204,埼玉,富士通,7,9,*,*,,,,1,4,3034,得点,,,,,
637,20230204,埼玉,富士通,7,9,*,*,サーブミス,2,谷越,0,4,3034,,,,,,
638,20230204,埼玉,富士通,7,10,a,a,,,,0,4,3034,得点,,,,,
639,20230204,埼玉,富士通,7,10,a,a,サーブ,5,中野,0,4,3034,,,,,,
640,20230204,埼玉,富士通,7,10,a,*,レシーブ失敗,9,小森,1,4,3034,,,,,,
641,20230204,埼玉,富士通,7,10,a,*,アタック成功,9,小森,1,4,3034,,,,,,
642,20230204,埼玉,富士通,8,10,*,*,,,,1,4,3034,得点,,,,,
643,20230204,埼玉,富士通,8,10,*,*,サーブ,9,小森,0,4,3034,,,,,,
644,20230204,埼玉,富士通,8,10,*,a,レシーブ失敗,6,森,1,4,3034,,,,,,
645,20230204,埼玉,富士通,8,10,*,a,アタック,16,坂本,1,4,3034,,,,,,
646,20230204,埼玉,富士通,8,10,*,*,アタック,24,ジェイレン,2,4,3034,,,,,,
647,20230204,埼玉,富士通,8,10,*,*,アタック成功,20,陳,3,4,3034,,,,,,
648,20230204,埼玉,富士通,9,10,*,*,,,,3,4,3034,得点,,,,,
649,20230204,埼玉,富士通,9,10,*,*,サーブ,9,小森,0,4,3034,,,,,,
650,20230204,埼玉,富士通,9,10,*,a,レシーブ成功(優),6,森,1,4,3034,,,,,,
651,20230204,埼玉,富士通,9,10,*,a,アタック成功,11,澁谷,1,4,3034,,,,,,
652,20230204,埼玉,富士通,9,11,a,a,,,,1,4,3034,得点,,,,,
653,20230204,埼玉,富士通,9,11,a,a,サーブ,11,澁谷,0,4,3034,,,,,,
654,20230204,埼玉,富士通,9,11,a,*,レシーブ成功(優),20,陳,1,4,3034,,,,,,
655,20230204,埼玉,富士通,9,11,a,*,アタック,20,陳,1,4,3034,,,,,,
656,20230204,埼玉,富士通,9,11,a,a,アタック,11,澁谷,2,4,3034,,,,,,
657,20230204,埼玉,富士通,9,11,a,a,アタック,16,坂本,3,4,3034,,,,,,
658,20230204,埼玉,富士通,9,11,a,a,アタック失敗,25,吉田,4,4,3034,,,,,,
659,20230204,埼玉,富士通,10,11,*,*,,,,4,4,3034,得点,,,,,
660,20230204,埼玉,富士通,10,11,*,*,サーブ,13,小泉,0,4,3034,,,,,,
661,20230204,埼玉,富士通,10,11,*,a,レシーブ失敗,18,中前,1,4,3034,,,,,,
662,20230204,埼玉,富士通,10,11,*,a,アタック,18,中前,1,4,3034,,,,,,
663,20230204,埼玉,富士通,10,11,*,*,ブロック成功,24,ジェイレン,2,4,3034,,,,,,
664,20230204,埼玉,富士通,11,11,*,*,,,,2,4,3034,得点,,,,,
665,20230204,埼玉,富士通,11,11,*,*,サーブ,13,小泉,0,4,3034,,,,,,
666,20230204,埼玉,富士通,11,11,*,a,レシーブ成功(優),18,中前,1,4,3034,,,,,,
667,20230204,埼玉,富士通,11,11,*,a,アタック成功,16,坂本,1,4,3034,,,,,,
668,20230204,埼玉,富士通,11,12,a,a,,,,1,4,3034,得点,,,,,
669,20230204,埼玉,富士通,11,12,a,a,,,,0,4,3034,,,,,,
670,20230204,埼玉,富士通,11,12,a,a,サーブミス,25,吉田,0,4,3034,,,,,,
671,20230204,埼玉,富士通,12,12,*,*,,,,0,4,3034,得点,,,,,
672,20230204,埼玉,富士通,12,12,*,*,サーブ,24,ジェイレン,0,4,3034,,,,,,
673,20230204,埼玉,富士通,12,12,*,a,レシーブ成功(優),6,森,1,4,3034,,,,,,
674,20230204,埼玉,富士通,12,12,*,a,アタック成功,16,坂本,1,4,3034,,,,,,
675,20230204,埼玉,富士通,12,13,a,a,,,,1,4,3034,得点,,,,,
676,20230204,埼玉,富士通,12,13,a,a,サーブミス,16,坂本,0,4,3034,,,,,,
677,20230204,埼玉,富士通,13,13,*,*,,,,0,4,3034,得点,,,,,
678,20230204,埼玉,富士通,13,13,*,*,サーブミス,20,陳,0,4,3034,,,,,,
679,20230204,埼玉,富士通,13,14,a,a,,,,0,4,3034,得点,,,,,
680,20230204,埼玉,富士通,13,14,a,a,サーブ,18,中前,0,4,3034,,,,,,
681,20230204,埼玉,富士通,13,14,a,*,レシーブ成功(良),9,小森,1,4,3034,,,,,,
682,20230204,埼玉,富士通,13,14,a,*,アタック成功,20,陳,1,4,3034,,,,,,
683,20230204,埼玉,富士通,14,14,*,*,,,,1,4,3034,得点,,,,,
684,20230204,埼玉,富士通,14,14,*,*,,,,0,4,3034,,IN:11,阿部,OUT:3,奥田,
685,20230204,埼玉,富士通,14,14,*,*,サーブ,11,阿部,0,4,3034,,,,,,
686,20230204,埼玉,富士通,14,14,*,a,レシーブ成功(良),6,森,1,4,3034,,,,,,
687,20230204,埼玉,富士通,14,14,*,a,アタック,16,坂本,1,4,3034,,,,,,
688,20230204,埼玉,富士通,14,14,*,*,ブロック成功,9,小森,2,4,3034,,,,,,
689,20230204,埼玉,富士通,15,14,*,*,,,,2,4,3034,得点,,,,,
690,20230204,埼玉,富士通,15,14,*,*,サーブ,11,阿部,0,4,3034,,,,,,
691,20230204,埼玉,富士通,15,14,*,a,レシーブ成功(良),18,中前,1,4,3034,,,,,,
692,20230204,埼玉,富士通,15,14,*,a,アタック成功,11,澁谷,1,4,3034,,,,,,
693,20230204,埼玉,富士通,15,15,a,a,,,,1,4,3034,得点,,,,,
694,20230204,埼玉,富士通,15,15,a,*,,,,0,4,3034,,IN:3,奥田,OUT:11,阿部,
695,20230204,埼玉,富士通,15,15,a,a,,,,0,4,3034,,IN:24,平井,OUT:28,持下,
696,20230204,埼玉,富士通,15,15,a,a,サーブ,24,平井,0,4,3034,,,,,,
697,20230204,埼玉,富士通,15,15,a,*,レシーブ成功(優),9,小森,1,4,3034,,,,,,
698,20230204,埼玉,富士通,15,15,a,*,アタック成功,9,小森,1,4,3034,,,,,,
699,20230204,埼玉,富士通,16,15,*,*,,,,1,4,3034,得点,,,,,
700,20230204,埼玉,富士通,16,15,*,a,,,,0,4,3034,,IN:28,持下,OUT:24,平井,
701,20230204,埼玉,富士通,16,15,*,*,サーブ,2,谷越,0,4,3034,,,,,,
702,20230204,埼玉,富士通,16,15,*,a,レシーブ失敗,18,中前,1,4,3034,,,,,,
703,20230204,埼玉,富士通,16,15,*,a,アタック,11,澁谷,1,4,3034,,,,,,
704,20230204,埼玉,富士通,16,15,*,a,アタック,25,吉田,2,4,3034,,,,,,
705,20230204,埼玉,富士通,16,15,*,a,アタック,11,澁谷,3,4,3034,,,,,,
706,20230204,埼玉,富士通,16,15,*,a,アタック,11,澁谷,4,4,3034,,,,,,
707,20230204,埼玉,富士通,16,15,*,a,アタック失敗,18,中前,5,4,3034,,,,,,
708,20230204,埼玉,富士通,17,15,*,*,,,,5,4,3034,得点,,,,,
709,20230204,埼玉,富士通,17,15,*,a,,,,0,4,3034,,,,,,タイムアウト
710,20230204,埼玉,富士通,17,15,*,*,サーブ,2,谷越,0,4,3034,,,,,,
711,20230204,埼玉,富士通,17,15,*,a,レシーブ成功(良),18,中前,1,4,3034,,,,,,
712,20230204,埼玉,富士通,17,15,*,a,アタック,25,吉田,1,4,3034,,,,,,
713,20230204,埼玉,富士通,17,15,*,*,アタック成功,24,ジェイレン,2,4,3034,,,,,,
714,20230204,埼玉,富士通,18,15,*,*,,,,2,4,3034,得点,,,,,
715,20230204,埼玉,富士通,18,15,*,*,サーブ,2,谷越,0,4,3034,,,,,,
716,20230204,埼玉,富士通,18,15,*,a,レシーブ成功(優),11,澁谷,1,4,3034,,,,,,
717,20230204,埼玉,富士通,18,15,*,a,アタック成功,11,澁谷,1,4,3034,,,,,,
718,20230204,埼玉,富士通,18,16,a,a,,,,1,4,3034,得点,,,,,
719,20230204,埼玉,富士通,18,16,a,a,サーブ,5,中野,0,4,3034,,,,,,
720,20230204,埼玉,富士通,18,16,a,*,レシーブ成功(優),9,小森,1,4,3034,,,,,,
721,20230204,埼玉,富士通,18,16,a,*,アタック成功,9,小森,1,4,3034,,,,,,
722,20230204,埼玉,富士通,19,16,*,*,,,,1,4,3034,得点,,,,,
723,20230204,埼玉,富士通,19,16,*,*,サーブ,9,小森,0,4,3034,,,,,,
724,20230204,埼玉,富士通,19,16,*,a,レシーブ成功(良),11,澁谷,1,4,3034,,,,,,
725,20230204,埼玉,富士通,19,16,*,a,アタック,16,坂本,1,4,3034,,,,,,
726,20230204,埼玉,富士通,19,16,*,*,ブロック成功,24,ジェイレン,2,4,3034,,,,,,
727,20230204,埼玉,富士通,20,16,*,*,,,,2,4,3034,得点,,,,,
728,20230204,埼玉,富士通,20,16,*,a,,,,0,4,3034,,,,,,タイムアウト
729,20230204,埼玉,富士通,20,16,*,*,サーブ,9,小森,0,4,3034,,,,,,
730,20230204,埼玉,富士通,20,16,*,a,レシーブ成功(良),6,森,1,4,3034,,,,,,
731,20230204,埼玉,富士通,20,16,*,a,アタック,11,澁谷,1,4,3034,,,,,,
732,20230204,埼玉,富士通,20,16,*,*,ブロック成功,20,陳,2,4,3034,,,,,,
733,20230204,埼玉,富士通,21,16,*,*,,,,2,4,3034,得点,,,,,
734,20230204,埼玉,富士通,21,16,*,*,サーブミス,9,小森,0,4,3034,,,,,,
735,20230204,埼玉,富士通,21,17,a,a,,,,0,4,3034,得点,,,,,
736,20230204,埼玉,富士通,21,17,a,a,サーブ,11,澁谷,0,4,3034,,,,,,
737,20230204,埼玉,富士通,21,17,a,*,レシーブ成功(優),18,伊庭,1,4,3034,,,,,,
738,20230204,埼玉,富士通,21,17,a,*,アタック成功,20,陳,1,4,3034,,,,,,
739,20230204,埼玉,富士通,22,17,*,*,,,,1,4,3034,得点,,,,,
740,20230204,埼玉,富士通,22,17,*,*,サーブ,13,小泉,0,4,3034,,,,,,
741,20230204,埼玉,富士通,22,17,*,a,レシーブ失敗,18,中前,1,4,3034,,,,,,
742,20230204,埼玉,富士通,22,17,*,a,アタック,16,坂本,1,4,3034,,,,,,
743,20230204,埼玉,富士通,22,17,*,*,アタック,24,ジェイレン,2,4,3034,,,,,,
744,20230204,埼玉,富士通,22,17,*,a,アタック,18,中前,3,4,3034,,,,,,
745,20230204,埼玉,富士通,22,17,*,*,アタック成功,24,ジェイレン,4,4,3034,,,,,,
746,20230204,埼玉,富士通,23,17,*,*,,,,4,4,3034,得点,,,,,
747,20230204,埼玉,富士通,23,17,*,*,サーブミス,13,小泉,0,4,3034,,,,,,
748,20230204,埼玉,富士通,23,18,a,a,,,,0,4,3034,得点,,,,,
749,20230204,埼玉,富士通,23,18,a,a,,,,0,4,3034,,IN:22,橋,OUT:25,吉田,
750,20230204,埼玉,富士通,23,18,a,a,サーブミス,22,橋,0,4,3034,,,,,,
751,20230204,埼玉,富士通,24,18,*,*,,,,0,4,3034,得点,,,,,
752,20230204,埼玉,富士通,24,18,*,a,,,,0,4,3034,,IN:25,吉田,OUT:22,橋,
753,20230204,埼玉,富士通,24,18,*,*,サーブ,24,ジェイレン,0,4,3034,,,,,,
754,20230204,埼玉,富士通,24,18,*,a,レシーブ失敗,11,澁谷,1,4,3034,,,,,,
755,20230204,埼玉,富士通,24,18,*,a,アタック,18,中前,1,4,3034,,,,,,
756,20230204,埼玉,富士通,24,18,*,*,アタック成功,24,ジェイレン,2,4,3034,,,,,,
757,20230204,埼玉,富士通,25,18,*,*,,,,2,4,3034,得点,,,,,
