,date,home_team,away_team,home_point,away_point,serve_right,team,skill,player_num,player_name,trainsition,set,url_id,point,timeout,in_player_num,in_player_name,out_player_num,out_player_name,challange
0,20230211,アランマーレ,大野石油,0,0,*,a,サービスエース,3,川口,0,1,3179,,,,,,,
1,20230211,アランマーレ,大野石油,0,0,*,*,レシーブ失敗,5,佐藤,0,1,3179,,,,,,,
2,20230211,アランマーレ,大野石油,0,1,a,a,,,,0,1,3179,得点,,,,,,
3,20230211,アランマーレ,大野石油,0,1,a,a,サーブ,3,川口,0,1,3179,,,,,,,
4,20230211,アランマーレ,大野石油,0,1,a,*,レシーブ成功(良),14,鈴木(音),1,1,3179,,,,,,,
5,20230211,アランマーレ,大野石油,0,1,a,*,アタック,16,柳下,1,1,3179,,,,,,,
6,20230211,アランマーレ,大野石油,0,1,a,*,アタック成功,16,柳下,2,1,3179,,,,,,,
7,20230211,アランマーレ,大野石油,1,1,*,*,,,,2,1,3179,得点,,,,,,
8,20230211,アランマーレ,大野石油,1,1,*,*,サーブ,11,末永,0,1,3179,,,,,,,
9,20230211,アランマーレ,大野石油,1,1,*,a,レシーブ成功(優),10,岡田,1,1,3179,,,,,,,
10,20230211,アランマーレ,大野石油,1,1,*,a,アタック,12,入江,1,1,3179,,,,,,,
11,20230211,アランマーレ,大野石油,1,1,*,a,アタック,1,新谷,2,1,3179,,,,,,,
12,20230211,アランマーレ,大野石油,1,1,*,a,アタック,4,浜崎,3,1,3179,,,,,,,
13,20230211,アランマーレ,大野石油,1,1,*,*,アタック成功,16,柳下,4,1,3179,,,,,,,
14,20230211,アランマーレ,大野石油,2,1,*,*,,,,4,1,3179,得点,,,,,,
15,20230211,アランマーレ,大野石油,2,1,*,*,サーブ,11,末永,0,1,3179,,,,,,,
16,20230211,アランマーレ,大野石油,2,1,*,a,レシーブ成功(良),12,入江,1,1,3179,,,,,,,
17,20230211,アランマーレ,大野石油,2,1,*,a,アタック,12,入江,1,1,3179,,,,,,,
18,20230211,アランマーレ,大野石油,2,1,*,*,アタック成功,16,柳下,2,1,3179,,,,,,,
19,20230211,アランマーレ,大野石油,3,1,*,*,,,,2,1,3179,得点,,,,,,
20,20230211,アランマーレ,大野石油,3,1,*,*,サーブ,11,末永,0,1,3179,,,,,,,
21,20230211,アランマーレ,大野石油,3,1,*,a,レシーブ成功(優),12,入江,1,1,3179,,,,,,,
22,20230211,アランマーレ,大野石油,3,1,*,a,アタック,1,新谷,1,1,3179,,,,,,,
23,20230211,アランマーレ,大野石油,3,1,*,*,アタック,7,大貫,2,1,3179,,,,,,,
24,20230211,アランマーレ,大野石油,3,1,*,a,アタック成功,12,入江,3,1,3179,,,,,,,
25,20230211,アランマーレ,大野石油,3,2,a,a,,,,3,1,3179,得点,,,,,,
26,20230211,アランマーレ,大野石油,3,2,a,a,サーブ,1,新谷,0,1,3179,,,,,,,
27,20230211,アランマーレ,大野石油,3,2,a,*,レシーブ成功(優),4,小澤,1,1,3179,,,,,,,
28,20230211,アランマーレ,大野石油,3,2,a,*,アタック成功,16,柳下,1,1,3179,,,,,,,
29,20230211,アランマーレ,大野石油,4,2,*,*,,,,1,1,3179,得点,,,,,,
30,20230211,アランマーレ,大野石油,4,2,*,*,サーブ,9,加藤(優),0,1,3179,,,,,,,
31,20230211,アランマーレ,大野石油,4,2,*,a,レシーブ失敗,16,和田,1,1,3179,,,,,,,
32,20230211,アランマーレ,大野石油,4,2,*,a,アタック成功,12,入江,1,1,3179,,,,,,,
33,20230211,アランマーレ,大野石油,4,3,a,a,,,,1,1,3179,得点,,,,,,
34,20230211,アランマーレ,大野石油,4,3,a,a,サーブ,4,浜崎,0,1,3179,,,,,,,
35,20230211,アランマーレ,大野石油,4,3,a,*,レシーブ失敗,5,佐藤,1,1,3179,,,,,,,
36,20230211,アランマーレ,大野石油,4,3,a,a,アタック,16,和田,1,1,3179,,,,,,,
37,20230211,アランマーレ,大野石油,4,3,a,a,アタック成功,12,入江,2,1,3179,,,,,,,
38,20230211,アランマーレ,大野石油,4,4,a,a,,,,2,1,3179,得点,,,,,,
39,20230211,アランマーレ,大野石油,4,4,a,a,サーブ,4,浜崎,0,1,3179,,,,,,,
40,20230211,アランマーレ,大野石油,4,4,a,*,レシーブ成功(優),4,小澤,1,1,3179,,,,,,,
41,20230211,アランマーレ,大野石油,4,4,a,*,アタック,7,大貫,1,1,3179,,,,,,,
42,20230211,アランマーレ,大野石油,4,4,a,a,アタック成功,12,入江,2,1,3179,,,,,,,
43,20230211,アランマーレ,大野石油,4,5,a,a,,,,2,1,3179,得点,,,,,,
44,20230211,アランマーレ,大野石油,4,5,a,a,サーブ,4,浜崎,0,1,3179,,,,,,,
45,20230211,アランマーレ,大野石油,4,5,a,*,レシーブ成功(優),14,鈴木(音),1,1,3179,,,,,,,
46,20230211,アランマーレ,大野石油,4,5,a,*,アタック成功,7,大貫,1,1,3179,,,,,,,
47,20230211,アランマーレ,大野石油,5,5,*,*,,,,1,1,3179,得点,,,,,,
48,20230211,アランマーレ,大野石油,5,5,*,*,サーブ,16,柳下,0,1,3179,,,,,,,
49,20230211,アランマーレ,大野石油,5,5,*,a,レシーブ失敗,3,川口,1,1,3179,,,,,,,
50,20230211,アランマーレ,大野石油,5,5,*,a,アタック,12,入江,1,1,3179,,,,,,,
51,20230211,アランマーレ,大野石油,5,5,*,*,アタック,4,小澤,2,1,3179,,,,,,,
52,20230211,アランマーレ,大野石油,5,5,*,a,アタック,12,入江,3,1,3179,,,,,,,
53,20230211,アランマーレ,大野石油,5,5,*,*,アタック,14,鈴木(音),4,1,3179,,,,,,,
54,20230211,アランマーレ,大野石油,5,5,*,a,アタック,16,和田,5,1,3179,,,,,,,
55,20230211,アランマーレ,大野石油,5,5,*,*,アタック成功,14,鈴木(音),6,1,3179,,,,,,,
56,20230211,アランマーレ,大野石油,6,5,*,*,,,,6,1,3179,得点,,,,,,
57,20230211,アランマーレ,大野石油,6,5,*,*,サーブ,16,柳下,0,1,3179,,,,,,,
58,20230211,アランマーレ,大野石油,6,5,*,a,レシーブ成功(良),16,和田,1,1,3179,,,,,,,
59,20230211,アランマーレ,大野石油,6,5,*,a,アタック,12,入江,1,1,3179,,,,,,,
60,20230211,アランマーレ,大野石油,6,5,*,*,アタック,4,小澤,2,1,3179,,,,,,,
61,20230211,アランマーレ,大野石油,6,5,*,a,アタック成功,12,入江,3,1,3179,,,,,,,
62,20230211,アランマーレ,大野石油,6,6,a,a,,,,3,1,3179,得点,,,,,,
63,20230211,アランマーレ,大野石油,6,6,a,a,サーブ,12,入江,0,1,3179,,,,,,,
64,20230211,アランマーレ,大野石油,6,6,a,*,レシーブ失敗,4,小澤,1,1,3179,,,,,,,
65,20230211,アランマーレ,大野石油,6,6,a,*,アタック成功,14,鈴木(音),1,1,3179,,,,,,,
66,20230211,アランマーレ,大野石油,7,6,*,*,,,,1,1,3179,得点,,,,,,
67,20230211,アランマーレ,大野石油,7,6,*,*,サーブ,7,大貫,0,1,3179,,,,,,,
68,20230211,アランマーレ,大野石油,7,6,*,a,レシーブ成功(優),12,入江,1,1,3179,,,,,,,
69,20230211,アランマーレ,大野石油,7,6,*,a,アタック,3,川口,1,1,3179,,,,,,,
70,20230211,アランマーレ,大野石油,7,6,*,*,アタック,4,小澤,2,1,3179,,,,,,,
71,20230211,アランマーレ,大野石油,7,6,*,a,アタック成功,3,川口,3,1,3179,,,,,,,
72,20230211,アランマーレ,大野石油,7,7,a,a,,,,3,1,3179,得点,,,,,,
73,20230211,アランマーレ,大野石油,7,7,a,a,サーブ,16,和田,0,1,3179,,,,,,,
74,20230211,アランマーレ,大野石油,7,7,a,*,レシーブ成功(良),14,鈴木(音),1,1,3179,,,,,,,
75,20230211,アランマーレ,大野石油,7,7,a,*,アタック,14,鈴木(音),1,1,3179,,,,,,,
76,20230211,アランマーレ,大野石油,7,7,a,*,アタック,11,末永,2,1,3179,,,,,,,
77,20230211,アランマーレ,大野石油,7,7,a,a,アタック,3,川口,3,1,3179,,,,,,,
78,20230211,アランマーレ,大野石油,7,7,a,*,アタック,11,末永,4,1,3179,,,,,,,
79,20230211,アランマーレ,大野石油,7,7,a,a,アタック成功,3,川口,5,1,3179,,,,,,,
80,20230211,アランマーレ,大野石油,7,8,a,a,,,,5,1,3179,得点,,,,,,
81,20230211,アランマーレ,大野石油,7,8,a,a,サーブ,16,和田,0,1,3179,,,,,,,
82,20230211,アランマーレ,大野石油,7,8,a,*,レシーブ成功(優),16,柳下,1,1,3179,,,,,,,
83,20230211,アランマーレ,大野石油,7,8,a,*,アタック成功,14,鈴木(音),1,1,3179,,,,,,,
84,20230211,アランマーレ,大野石油,8,8,*,*,,,,1,1,3179,得点,,,,,,
85,20230211,アランマーレ,大野石油,8,8,*,*,サーブ,4,小澤,0,1,3179,,,,,,,
86,20230211,アランマーレ,大野石油,8,8,*,a,レシーブ成功(良),12,入江,1,1,3179,,,,,,,
87,20230211,アランマーレ,大野石油,8,8,*,a,アタック,3,川口,1,1,3179,,,,,,,
88,20230211,アランマーレ,大野石油,8,8,*,*,アタック,11,末永,2,1,3179,,,,,,,
89,20230211,アランマーレ,大野石油,8,8,*,*,アタック,14,鈴木(音),3,1,3179,,,,,,,
90,20230211,アランマーレ,大野石油,8,8,*,a,アタック成功,3,川口,4,1,3179,,,,,,,
91,20230211,アランマーレ,大野石油,8,9,a,a,,,,4,1,3179,得点,,,,,,
92,20230211,アランマーレ,大野石油,8,9,a,a,サーブミス,6,向井,0,1,3179,,,,,,,
93,20230211,アランマーレ,大野石油,9,9,*,*,,,,0,1,3179,得点,,,,,,
94,20230211,アランマーレ,大野石油,9,9,*,*,サーブ,14,鈴木(音),0,1,3179,,,,,,,
95,20230211,アランマーレ,大野石油,9,9,*,a,レシーブ失敗,4,浜崎,1,1,3179,,,,,,,
96,20230211,アランマーレ,大野石油,9,9,*,a,アタック,4,浜崎,1,1,3179,,,,,,,
97,20230211,アランマーレ,大野石油,9,9,*,*,アタック成功,16,柳下,2,1,3179,,,,,,,
98,20230211,アランマーレ,大野石油,10,9,*,*,,,,2,1,3179,得点,,,,,,
99,20230211,アランマーレ,大野石油,10,9,*,*,サーブ,14,鈴木(音),0,1,3179,,,,,,,
100,20230211,アランマーレ,大野石油,10,9,*,a,レシーブ失敗,4,浜崎,1,1,3179,,,,,,,
101,20230211,アランマーレ,大野石油,10,9,*,a,アタック,4,浜崎,1,1,3179,,,,,,,
102,20230211,アランマーレ,大野石油,10,9,*,*,アタック成功,11,末永,2,1,3179,,,,,,,
103,20230211,アランマーレ,大野石油,11,9,*,*,,,,2,1,3179,得点,,,,,,
104,20230211,アランマーレ,大野石油,11,9,*,*,サーブ,14,鈴木(音),0,1,3179,,,,,,,
105,20230211,アランマーレ,大野石油,11,9,*,a,レシーブ失敗,12,入江,1,1,3179,,,,,,,
106,20230211,アランマーレ,大野石油,11,9,*,a,アタック,3,川口,1,1,3179,,,,,,,
107,20230211,アランマーレ,大野石油,11,9,*,*,アタック,16,柳下,2,1,3179,,,,,,,
108,20230211,アランマーレ,大野石油,11,9,*,a,アタック,3,川口,3,1,3179,,,,,,,
109,20230211,アランマーレ,大野石油,11,9,*,a,アタック,4,浜崎,4,1,3179,,,,,,,
110,20230211,アランマーレ,大野石油,11,9,*,*,アタック,11,末永,5,1,3179,,,,,,,
111,20230211,アランマーレ,大野石油,11,9,*,a,アタック失敗,4,浜崎,6,1,3179,,,,,,,
112,20230211,アランマーレ,大野石油,12,9,*,*,,,,6,1,3179,得点,,,,,,
113,20230211,アランマーレ,大野石油,12,9,*,*,,,,0,1,3179,,,,,,,
114,20230211,アランマーレ,大野石油,12,9,*,*,サーブ,14,鈴木(音),0,1,3179,,,,,,,
115,20230211,アランマーレ,大野石油,12,9,*,a,レシーブ成功(優),12,入江,1,1,3179,,,,,,,
116,20230211,アランマーレ,大野石油,12,9,*,a,アタック成功,3,川口,1,1,3179,,,,,,,
117,20230211,アランマーレ,大野石油,12,10,a,a,,,,1,1,3179,得点,,,,,,
118,20230211,アランマーレ,大野石油,12,10,a,a,サーブ,3,川口,0,1,3179,,,,,,,
119,20230211,アランマーレ,大野石油,12,10,a,*,レシーブ成功(優),14,鈴木(音),1,1,3179,,,,,,,
120,20230211,アランマーレ,大野石油,12,10,a,*,アタック,11,末永,1,1,3179,,,,,,,
121,20230211,アランマーレ,大野石油,12,10,a,a,ブロック成功,12,入江,2,1,3179,,,,,,,
122,20230211,アランマーレ,大野石油,12,11,a,a,,,,2,1,3179,得点,,,,,,
123,20230211,アランマーレ,大野石油,12,11,a,a,サーブ,3,川口,0,1,3179,,,,,,,
124,20230211,アランマーレ,大野石油,12,11,a,*,レシーブ成功(良),5,佐藤,1,1,3179,,,,,,,
125,20230211,アランマーレ,大野石油,12,11,a,*,アタック,16,柳下,1,1,3179,,,,,,,
126,20230211,アランマーレ,大野石油,12,11,a,a,アタック,12,入江,2,1,3179,,,,,,,
127,20230211,アランマーレ,大野石油,12,11,a,*,アタック,11,末永,3,1,3179,,,,,,,
128,20230211,アランマーレ,大野石油,12,11,a,*,アタック成功,11,末永,4,1,3179,,,,,,,
129,20230211,アランマーレ,大野石油,13,11,*,*,,,,4,1,3179,得点,,,,,,
130,20230211,アランマーレ,大野石油,13,11,*,*,サーブ,11,末永,0,1,3179,,,,,,,
131,20230211,アランマーレ,大野石油,13,11,*,a,レシーブ成功(優),10,岡田,1,1,3179,,,,,,,
132,20230211,アランマーレ,大野石油,13,11,*,a,アタック,4,浜崎,1,1,3179,,,,,,,
133,20230211,アランマーレ,大野石油,13,11,*,a,アタック成功,1,新谷,2,1,3179,,,,,,,
134,20230211,アランマーレ,大野石油,13,12,a,a,,,,2,1,3179,得点,,,,,,
135,20230211,アランマーレ,大野石油,13,12,a,a,サーブ,1,新谷,0,1,3179,,,,,,,
136,20230211,アランマーレ,大野石油,13,12,a,*,レシーブ成功(優),14,鈴木(音),1,1,3179,,,,,,,
137,20230211,アランマーレ,大野石油,13,12,a,*,アタック失敗,16,柳下,1,1,3179,,,,,,,
138,20230211,アランマーレ,大野石油,13,13,a,a,,,,1,1,3179,得点,,,,,,
139,20230211,アランマーレ,大野石油,13,13,a,a,サーブ,1,新谷,0,1,3179,,,,,,,
140,20230211,アランマーレ,大野石油,13,13,a,*,レシーブ成功(優),4,小澤,1,1,3179,,,,,,,
141,20230211,アランマーレ,大野石油,13,13,a,*,アタック成功,16,柳下,1,1,3179,,,,,,,
142,20230211,アランマーレ,大野石油,14,13,*,*,,,,1,1,3179,得点,,,,,,
143,20230211,アランマーレ,大野石油,14,13,*,*,サーブ,9,加藤(優),0,1,3179,,,,,,,
144,20230211,アランマーレ,大野石油,14,13,*,a,レシーブ成功(良),12,入江,1,1,3179,,,,,,,
145,20230211,アランマーレ,大野石油,14,13,*,a,アタック,12,入江,1,1,3179,,,,,,,
146,20230211,アランマーレ,大野石油,14,13,*,*,アタック,16,柳下,2,1,3179,,,,,,,
147,20230211,アランマーレ,大野石油,14,13,*,*,アタック,16,柳下,3,1,3179,,,,,,,
148,20230211,アランマーレ,大野石油,14,13,*,a,アタック,16,和田,4,1,3179,,,,,,,
149,20230211,アランマーレ,大野石油,14,13,*,*,アタック,4,小澤,5,1,3179,,,,,,,
150,20230211,アランマーレ,大野石油,14,13,*,a,アタック,4,浜崎,6,1,3179,,,,,,,
151,20230211,アランマーレ,大野石油,14,13,*,*,アタック,16,柳下,7,1,3179,,,,,,,
152,20230211,アランマーレ,大野石油,14,13,*,*,アタック,4,小澤,8,1,3179,,,,,,,
153,20230211,アランマーレ,大野石油,14,13,*,a,アタック,12,入江,9,1,3179,,,,,,,
154,20230211,アランマーレ,大野石油,14,13,*,*,アタック成功,7,大貫,10,1,3179,,,,,,,
155,20230211,アランマーレ,大野石油,15,13,*,*,,,,10,1,3179,得点,,,,,,
156,20230211,アランマーレ,大野石油,15,13,*,a,,,,0,1,3179,,タイムアウト,,,,,
157,20230211,アランマーレ,大野石油,15,13,*,*,サーブ,9,加藤(優),0,1,3179,,,,,,,
158,20230211,アランマーレ,大野石油,15,13,*,*,その他ミス,4,小澤,1,1,3179,,,,,,,
159,20230211,アランマーレ,大野石油,15,14,a,a,,,,1,1,3179,得点,,,,,,
160,20230211,アランマーレ,大野石油,15,14,a,a,サーブ,4,浜崎,0,1,3179,,,,,,,
161,20230211,アランマーレ,大野石油,15,14,a,*,レシーブ失敗,14,鈴木(音),1,1,3179,,,,,,,
162,20230211,アランマーレ,大野石油,15,14,a,a,アタック,12,入江,1,1,3179,,,,,,,
163,20230211,アランマーレ,大野石油,15,14,a,*,アタック,16,柳下,2,1,3179,,,,,,,
164,20230211,アランマーレ,大野石油,15,14,a,a,アタック成功,12,入江,3,1,3179,,,,,,,
165,20230211,アランマーレ,大野石油,15,15,a,a,,,,3,1,3179,得点,,,,,,
166,20230211,アランマーレ,大野石油,15,15,a,a,サーブ,4,浜崎,0,1,3179,,,,,,,
167,20230211,アランマーレ,大野石油,15,15,a,*,レシーブ成功(優),4,小澤,1,1,3179,,,,,,,
168,20230211,アランマーレ,大野石油,15,15,a,*,アタック,4,小澤,1,1,3179,,,,,,,
169,20230211,アランマーレ,大野石油,15,15,a,a,アタック失敗,16,和田,2,1,3179,,,,,,,
170,20230211,アランマーレ,大野石油,16,15,*,*,,,,2,1,3179,得点,,,,,,
171,20230211,アランマーレ,大野石油,16,15,*,*,サービスエース,16,柳下,0,1,3179,,,,,,,
172,20230211,アランマーレ,大野石油,16,15,*,a,レシーブ失敗,12,入江,0,1,3179,,,,,,,
173,20230211,アランマーレ,大野石油,17,15,*,*,,,,0,1,3179,得点,,,,,,
174,20230211,アランマーレ,大野石油,17,15,*,*,サーブ,16,柳下,0,1,3179,,,,,,,
175,20230211,アランマーレ,大野石油,17,15,*,a,レシーブ成功(良),3,川口,1,1,3179,,,,,,,
176,20230211,アランマーレ,大野石油,17,15,*,a,アタック成功,12,入江,1,1,3179,,,,,,,
177,20230211,アランマーレ,大野石油,17,16,a,a,,,,1,1,3179,得点,,,,,,
178,20230211,アランマーレ,大野石油,17,16,a,a,,,,0,1,3179,,,IN:11,中條,OUT:12,入江,
179,20230211,アランマーレ,大野石油,17,16,a,a,サーブ,11,中條,0,1,3179,,,,,,,
180,20230211,アランマーレ,大野石油,17,16,a,*,レシーブ失敗,5,佐藤,1,1,3179,,,,,,,
181,20230211,アランマーレ,大野石油,17,16,a,a,アタック成功,16,和田,1,1,3179,,,,,,,
182,20230211,アランマーレ,大野石油,17,17,a,a,,,,1,1,3179,得点,,,,,,
183,20230211,アランマーレ,大野石油,17,17,a,a,サーブ,11,中條,0,1,3179,,,,,,,
184,20230211,アランマーレ,大野石油,17,17,a,*,レシーブ成功(優),16,柳下,1,1,3179,,,,,,,
185,20230211,アランマーレ,大野石油,17,17,a,*,アタック,7,大貫,1,1,3179,,,,,,,
186,20230211,アランマーレ,大野石油,17,17,a,a,アタック,3,川口,2,1,3179,,,,,,,
187,20230211,アランマーレ,大野石油,17,17,a,a,アタック,3,川口,3,1,3179,,,,,,,
188,20230211,アランマーレ,大野石油,17,17,a,a,アタック成功,3,川口,4,1,3179,,,,,,,
189,20230211,アランマーレ,大野石油,17,18,a,a,,,,4,1,3179,得点,,,,,,
190,20230211,アランマーレ,大野石油,17,18,a,*,,,,0,1,3179,,タイムアウト,,,,,
191,20230211,アランマーレ,大野石油,17,18,a,a,サーブ,11,中條,0,1,3179,,,,,,,
192,20230211,アランマーレ,大野石油,17,18,a,*,レシーブ失敗,16,柳下,1,1,3179,,,,,,,
193,20230211,アランマーレ,大野石油,17,18,a,*,アタック,4,小澤,1,1,3179,,,,,,,
194,20230211,アランマーレ,大野石油,17,18,a,a,ブロック成功,3,川口,2,1,3179,,,,,,,
195,20230211,アランマーレ,大野石油,17,19,a,a,,,,2,1,3179,得点,,,,,,
196,20230211,アランマーレ,大野石油,17,19,a,a,サーブ,11,中條,0,1,3179,,,,,,,
197,20230211,アランマーレ,大野石油,17,19,a,*,レシーブ成功(優),16,柳下,1,1,3179,,,,,,,
198,20230211,アランマーレ,大野石油,17,19,a,*,アタック,14,鈴木(音),1,1,3179,,,,,,,
199,20230211,アランマーレ,大野石油,17,19,a,a,ブロック成功,16,和田,2,1,3179,,,,,,,
200,20230211,アランマーレ,大野石油,17,20,a,a,,,,2,1,3179,得点,,,,,,
201,20230211,アランマーレ,大野石油,17,20,a,a,サーブ,11,中條,0,1,3179,,,,,,,
202,20230211,アランマーレ,大野石油,17,20,a,*,レシーブ成功(優),14,鈴木(音),1,1,3179,,,,,,,
203,20230211,アランマーレ,大野石油,17,20,a,*,アタック,4,小澤,1,1,3179,,,,,,,
204,20230211,アランマーレ,大野石油,17,20,a,*,アタック成功,14,鈴木(音),2,1,3179,,,,,,,
205,20230211,アランマーレ,大野石油,18,20,*,*,,,,2,1,3179,得点,,,,,,
206,20230211,アランマーレ,大野石油,18,20,*,*,,,,0,1,3179,,,IN:2,小松,OUT:7,大貫,
207,20230211,アランマーレ,大野石油,18,20,*,*,サーブ,2,小松,0,1,3179,,,,,,,
208,20230211,アランマーレ,大野石油,18,20,*,a,レシーブ失敗,4,浜崎,1,1,3179,,,,,,,
209,20230211,アランマーレ,大野石油,18,20,*,*,アタック成功,14,鈴木(音),1,1,3179,,,,,,,
210,20230211,アランマーレ,大野石油,19,20,*,*,,,,1,1,3179,得点,,,,,,
211,20230211,アランマーレ,大野石油,19,20,*,*,サーブ,2,小松,0,1,3179,,,,,,,
212,20230211,アランマーレ,大野石油,19,20,*,a,レシーブ失敗,11,中條,1,1,3179,,,,,,,
213,20230211,アランマーレ,大野石油,19,20,*,a,アタック,16,和田,1,1,3179,,,,,,,
214,20230211,アランマーレ,大野石油,19,20,*,*,アタック,14,鈴木(音),2,1,3179,,,,,,,
215,20230211,アランマーレ,大野石油,19,20,*,a,アタック,3,川口,3,1,3179,,,,,,,
216,20230211,アランマーレ,大野石油,19,20,*,*,アタック,4,小澤,4,1,3179,,,,,,,
217,20230211,アランマーレ,大野石油,19,20,*,a,アタック,3,川口,5,1,3179,,,,,,,
218,20230211,アランマーレ,大野石油,19,20,*,*,アタック,4,小澤,6,1,3179,,,,,,,
219,20230211,アランマーレ,大野石油,19,20,*,*,アタック,11,末永,7,1,3179,,,,,,,
220,20230211,アランマーレ,大野石油,19,20,*,*,アタック成功,14,鈴木(音),8,1,3179,,,,,,,
221,20230211,アランマーレ,大野石油,20,20,*,*,,,,8,1,3179,得点,,,,,,
222,20230211,アランマーレ,大野石油,20,20,*,a,,,,0,1,3179,,タイムアウト,,,,,
223,20230211,アランマーレ,大野石油,20,20,*,*,サーブ,2,小松,0,1,3179,,,,,,,
224,20230211,アランマーレ,大野石油,20,20,*,a,レシーブ失敗,10,岡田,1,1,3179,,,,,,,
225,20230211,アランマーレ,大野石油,20,20,*,a,アタック,3,川口,1,1,3179,,,,,,,
226,20230211,アランマーレ,大野石油,20,20,*,*,アタック,14,鈴木(音),2,1,3179,,,,,,,
227,20230211,アランマーレ,大野石油,20,20,*,a,アタック失敗,16,和田,3,1,3179,,,,,,,
228,20230211,アランマーレ,大野石油,21,20,*,*,,,,3,1,3179,得点,,,,,,
229,20230211,アランマーレ,大野石油,21,20,*,*,サーブ,2,小松,0,1,3179,,,,,,,
230,20230211,アランマーレ,大野石油,21,20,*,a,レシーブ成功(良),11,中條,1,1,3179,,,,,,,
231,20230211,アランマーレ,大野石油,21,20,*,a,アタック成功,3,川口,1,1,3179,,,,,,,
232,20230211,アランマーレ,大野石油,21,21,a,a,,,,1,1,3179,得点,,,,,,
233,20230211,アランマーレ,大野石油,21,21,a,*,,,,0,1,3179,,,IN:7,大貫,OUT:2,小松,
234,20230211,アランマーレ,大野石油,21,21,a,a,サーブ,16,和田,0,1,3179,,,,,,,
235,20230211,アランマーレ,大野石油,21,21,a,*,レシーブ成功(優),16,柳下,1,1,3179,,,,,,,
236,20230211,アランマーレ,大野石油,21,21,a,*,アタック成功,11,末永,1,1,3179,,,,,,,
237,20230211,アランマーレ,大野石油,22,21,*,*,,,,1,1,3179,得点,,,,,,
238,20230211,アランマーレ,大野石油,22,21,*,*,サーブ,4,小澤,0,1,3179,,,,,,,
239,20230211,アランマーレ,大野石油,22,21,*,a,レシーブ成功(優),3,川口,1,1,3179,,,,,,,
240,20230211,アランマーレ,大野石油,22,21,*,a,アタック,1,新谷,1,1,3179,,,,,,,
241,20230211,アランマーレ,大野石油,22,21,*,*,アタック失敗,11,末永,2,1,3179,,,,,,,
242,20230211,アランマーレ,大野石油,22,22,a,a,,,,2,1,3179,得点,,,,,,
243,20230211,アランマーレ,大野石油,22,22,a,a,サーブ,6,向井,0,1,3179,,,,,,,
244,20230211,アランマーレ,大野石油,22,22,a,*,レシーブ成功(優),16,柳下,1,1,3179,,,,,,,
245,20230211,アランマーレ,大野石油,22,22,a,*,アタック,14,鈴木(音),1,1,3179,,,,,,,
246,20230211,アランマーレ,大野石油,22,22,a,a,アタック,3,川口,2,1,3179,,,,,,,
247,20230211,アランマーレ,大野石油,22,22,a,*,アタック成功,11,末永,3,1,3179,,,,,,,
248,20230211,アランマーレ,大野石油,23,22,*,*,,,,3,1,3179,得点,,,,,,
249,20230211,アランマーレ,大野石油,23,22,*,*,,,,0,1,3179,,,IN:6,清和,OUT:14,鈴木(音),
250,20230211,アランマーレ,大野石油,23,22,*,*,サーブ,6,清和,0,1,3179,,,,,,,
251,20230211,アランマーレ,大野石油,23,22,*,a,レシーブ失敗,6,向井,1,1,3179,,,,,,,
252,20230211,アランマーレ,大野石油,23,22,*,a,アタック成功,3,川口,1,1,3179,,,,,,,
253,20230211,アランマーレ,大野石油,23,23,a,a,,,,1,1,3179,得点,,,,,,
254,20230211,アランマーレ,大野石油,23,23,a,a,,,,0,1,3179,,,IN:12,入江,OUT:11,中條,
255,20230211,アランマーレ,大野石油,23,23,a,a,,,,0,1,3179,,,IN:14,大谷,OUT:3,川口,
256,20230211,アランマーレ,大野石油,23,23,a,a,サーブ,14,大谷,0,1,3179,,,,,,,
257,20230211,アランマーレ,大野石油,23,23,a,*,レシーブ成功(良),4,小澤,1,1,3179,,,,,,,
258,20230211,アランマーレ,大野石油,23,23,a,*,アタック成功,16,柳下,1,1,3179,,,,,,,
259,20230211,アランマーレ,大野石油,24,23,*,*,,,,1,1,3179,得点,,,,,,
260,20230211,アランマーレ,大野石油,24,23,*,*,サーブ,11,末永,0,1,3179,,,,,,,
261,20230211,アランマーレ,大野石油,24,23,*,a,レシーブ成功(優),10,岡田,1,1,3179,,,,,,,
262,20230211,アランマーレ,大野石油,24,23,*,a,アタック,12,入江,1,1,3179,,,,,,,
263,20230211,アランマーレ,大野石油,24,23,*,a,アタック,4,浜崎,2,1,3179,,,,,,,
264,20230211,アランマーレ,大野石油,24,23,*,*,アタック,16,柳下,3,1,3179,,,,,,,
265,20230211,アランマーレ,大野石油,24,23,*,a,アタック,12,入江,4,1,3179,,,,,,,
266,20230211,アランマーレ,大野石油,24,23,*,*,アタック,16,柳下,5,1,3179,,,,,,,
267,20230211,アランマーレ,大野石油,24,23,*,a,アタック,12,入江,6,1,3179,,,,,,,
268,20230211,アランマーレ,大野石油,24,23,*,*,アタック,16,柳下,7,1,3179,,,,,,,
269,20230211,アランマーレ,大野石油,24,23,*,a,アタック,12,入江,8,1,3179,,,,,,,
270,20230211,アランマーレ,大野石油,24,23,*,*,アタック,7,大貫,9,1,3179,,,,,,,
271,20230211,アランマーレ,大野石油,24,23,*,a,アタック成功,4,浜崎,10,1,3179,,,,,,,
272,20230211,アランマーレ,大野石油,24,24,a,a,,,,10,1,3179,得点,,,,,,
273,20230211,アランマーレ,大野石油,24,24,a,a,サーブ,1,新谷,0,1,3179,,,,,,,
274,20230211,アランマーレ,大野石油,24,24,a,*,レシーブ失敗,4,小澤,1,1,3179,,,,,,,
275,20230211,アランマーレ,大野石油,24,24,a,*,アタック失敗,16,柳下,1,1,3179,,,,,,,
276,20230211,アランマーレ,大野石油,24,25,a,a,,,,1,1,3179,得点,,,,,,
277,20230211,アランマーレ,大野石油,24,25,a,a,サーブ,1,新谷,0,1,3179,,,,,,,
278,20230211,アランマーレ,大野石油,24,25,a,*,レシーブ成功(優),4,小澤,1,1,3179,,,,,,,
279,20230211,アランマーレ,大野石油,24,25,a,*,アタック,16,柳下,1,1,3179,,,,,,,
280,20230211,アランマーレ,大野石油,24,25,a,a,アタック,12,入江,2,1,3179,,,,,,,
281,20230211,アランマーレ,大野石油,24,25,a,*,その他ミス,6,清和,3,1,3179,,,,,,,
282,20230211,アランマーレ,大野石油,24,26,a,a,,,,3,1,3179,得点,,,,,,
283,20230211,アランマーレ,大野石油,0,0,*,*,サーブ,16,柳下,0,2,3179,,,,,,,
284,20230211,アランマーレ,大野石油,0,0,*,a,レシーブ成功(良),10,岡田,1,2,3179,,,,,,,
285,20230211,アランマーレ,大野石油,0,0,*,a,アタック,12,入江,1,2,3179,,,,,,,
286,20230211,アランマーレ,大野石油,0,0,*,a,アタック,4,浜崎,2,2,3179,,,,,,,
287,20230211,アランマーレ,大野石油,0,0,*,*,アタック,7,大貫,3,2,3179,,,,,,,
288,20230211,アランマーレ,大野石油,0,0,*,a,アタック,12,入江,4,2,3179,,,,,,,
289,20230211,アランマーレ,大野石油,0,0,*,*,アタック,14,鈴木(音),5,2,3179,,,,,,,
290,20230211,アランマーレ,大野石油,0,0,*,a,アタック,12,入江,6,2,3179,,,,,,,
291,20230211,アランマーレ,大野石油,0,0,*,*,アタック,4,小澤,7,2,3179,,,,,,,
292,20230211,アランマーレ,大野石油,0,0,*,a,アタック成功,4,浜崎,8,2,3179,,,,,,,
293,20230211,アランマーレ,大野石油,0,1,a,a,,,,8,2,3179,得点,,,,,,
294,20230211,アランマーレ,大野石油,0,1,a,a,サーブ,1,新谷,0,2,3179,,,,,,,
295,20230211,アランマーレ,大野石油,0,1,a,*,レシーブ成功(優),16,柳下,1,2,3179,,,,,,,
296,20230211,アランマーレ,大野石油,0,1,a,*,アタック,7,大貫,1,2,3179,,,,,,,
297,20230211,アランマーレ,大野石油,0,1,a,a,アタック,12,入江,2,2,3179,,,,,,,
298,20230211,アランマーレ,大野石油,0,1,a,*,アタック成功,14,鈴木(音),3,2,3179,,,,,,,
299,20230211,アランマーレ,大野石油,1,1,*,*,,,,3,2,3179,得点,,,,,,
300,20230211,アランマーレ,大野石油,1,1,*,*,サーブ,7,大貫,0,2,3179,,,,,,,
301,20230211,アランマーレ,大野石油,1,1,*,a,レシーブ成功(優),3,川口,1,2,3179,,,,,,,
302,20230211,アランマーレ,大野石油,1,1,*,a,アタック成功,4,浜崎,1,2,3179,,,,,,,
303,20230211,アランマーレ,大野石油,1,2,a,a,,,,1,2,3179,得点,,,,,,
304,20230211,アランマーレ,大野石油,1,2,a,a,サーブ,4,浜崎,0,2,3179,,,,,,,
305,20230211,アランマーレ,大野石油,1,2,a,*,レシーブ成功(良),16,柳下,1,2,3179,,,,,,,
306,20230211,アランマーレ,大野石油,1,2,a,*,アタック,11,末永,1,2,3179,,,,,,,
307,20230211,アランマーレ,大野石油,1,2,a,a,アタック,16,和田,2,2,3179,,,,,,,
308,20230211,アランマーレ,大野石油,1,2,a,*,アタック,11,末永,3,2,3179,,,,,,,
309,20230211,アランマーレ,大野石油,1,2,a,a,アタック,16,和田,4,2,3179,,,,,,,
310,20230211,アランマーレ,大野石油,1,2,a,*,アタック,14,鈴木(音),5,2,3179,,,,,,,
311,20230211,アランマーレ,大野石油,1,2,a,*,アタック成功,11,末永,6,2,3179,,,,,,,
312,20230211,アランマーレ,大野石油,2,2,*,*,,,,6,2,3179,得点,,,,,,
313,20230211,アランマーレ,大野石油,2,2,*,*,サーブ,4,小澤,0,2,3179,,,,,,,
314,20230211,アランマーレ,大野石油,2,2,*,a,レシーブ失敗,16,和田,1,2,3179,,,,,,,
315,20230211,アランマーレ,大野石油,2,2,*,a,アタック,12,入江,1,2,3179,,,,,,,
316,20230211,アランマーレ,大野石油,2,2,*,*,アタック,11,末永,2,2,3179,,,,,,,
317,20230211,アランマーレ,大野石油,2,2,*,a,アタック成功,12,入江,3,2,3179,,,,,,,
318,20230211,アランマーレ,大野石油,2,3,a,a,,,,3,2,3179,得点,,,,,,
319,20230211,アランマーレ,大野石油,2,3,a,a,サーブ,12,入江,0,2,3179,,,,,,,
320,20230211,アランマーレ,大野石油,2,3,a,*,レシーブ成功(優),16,柳下,1,2,3179,,,,,,,
321,20230211,アランマーレ,大野石油,2,3,a,*,アタック,11,末永,1,2,3179,,,,,,,
322,20230211,アランマーレ,大野石油,2,3,a,*,アタック,11,末永,2,2,3179,,,,,,,
323,20230211,アランマーレ,大野石油,2,3,a,*,アタック,14,鈴木(音),3,2,3179,,,,,,,
324,20230211,アランマーレ,大野石油,2,3,a,a,アタック,16,和田,4,2,3179,,,,,,,
325,20230211,アランマーレ,大野石油,2,3,a,*,アタック,14,鈴木(音),5,2,3179,,,,,,,
326,20230211,アランマーレ,大野石油,2,3,a,*,アタック,11,末永,6,2,3179,,,,,,,
327,20230211,アランマーレ,大野石油,2,3,a,*,アタック,14,鈴木(音),7,2,3179,,,,,,,
328,20230211,アランマーレ,大野石油,2,3,a,a,アタック,3,川口,8,2,3179,,,,,,,
329,20230211,アランマーレ,大野石油,2,3,a,*,アタック成功,11,末永,9,2,3179,,,,,,,
330,20230211,アランマーレ,大野石油,3,3,*,*,,,,9,2,3179,得点,,,,,,
331,20230211,アランマーレ,大野石油,3,3,*,*,サーブ,14,鈴木(音),0,2,3179,,,,,,,
332,20230211,アランマーレ,大野石油,3,3,*,a,レシーブ成功(良),12,入江,1,2,3179,,,,,,,
333,20230211,アランマーレ,大野石油,3,3,*,a,アタック成功,3,川口,1,2,3179,,,,,,,
334,20230211,アランマーレ,大野石油,3,4,a,a,,,,1,2,3179,得点,,,,,,
335,20230211,アランマーレ,大野石油,3,4,a,a,サーブ,16,和田,0,2,3179,,,,,,,
336,20230211,アランマーレ,大野石油,3,4,a,*,レシーブ成功(優),14,鈴木(音),1,2,3179,,,,,,,
337,20230211,アランマーレ,大野石油,3,4,a,*,アタック,11,末永,1,2,3179,,,,,,,
338,20230211,アランマーレ,大野石油,3,4,a,a,アタック,3,川口,2,2,3179,,,,,,,
339,20230211,アランマーレ,大野石油,3,4,a,*,アタック,11,末永,3,2,3179,,,,,,,
340,20230211,アランマーレ,大野石油,3,4,a,a,アタック成功,3,川口,4,2,3179,,,,,,,
341,20230211,アランマーレ,大野石油,3,5,a,a,,,,4,2,3179,得点,,,,,,
342,20230211,アランマーレ,大野石油,3,5,a,a,サーブ,16,和田,0,2,3179,,,,,,,
343,20230211,アランマーレ,大野石油,3,5,a,*,レシーブ成功(優),14,鈴木(音),1,2,3179,,,,,,,
344,20230211,アランマーレ,大野石油,3,5,a,*,アタック,16,柳下,1,2,3179,,,,,,,
345,20230211,アランマーレ,大野石油,3,5,a,*,アタック,16,柳下,2,2,3179,,,,,,,
346,20230211,アランマーレ,大野石油,3,5,a,a,アタック,1,新谷,3,2,3179,,,,,,,
347,20230211,アランマーレ,大野石油,3,5,a,*,アタック,16,柳下,4,2,3179,,,,,,,
348,20230211,アランマーレ,大野石油,3,5,a,a,アタック,1,新谷,5,2,3179,,,,,,,
349,20230211,アランマーレ,大野石油,3,5,a,*,アタック,11,末永,6,2,3179,,,,,,,
350,20230211,アランマーレ,大野石油,3,5,a,a,アタック,3,川口,7,2,3179,,,,,,,
351,20230211,アランマーレ,大野石油,3,5,a,a,アタック,1,新谷,8,2,3179,,,,,,,
352,20230211,アランマーレ,大野石油,3,5,a,a,アタック成功,3,川口,9,2,3179,,,,,,,
353,20230211,アランマーレ,大野石油,3,6,a,a,,,,9,2,3179,得点,,,,,,
354,20230211,アランマーレ,大野石油,3,6,a,a,サーブ,16,和田,0,2,3179,,,,,,,
355,20230211,アランマーレ,大野石油,3,6,a,*,レシーブ失敗,4,小澤,1,2,3179,,,,,,,
356,20230211,アランマーレ,大野石油,3,6,a,*,アタック,16,柳下,1,2,3179,,,,,,,
357,20230211,アランマーレ,大野石油,3,6,a,a,アタック,3,川口,2,2,3179,,,,,,,
358,20230211,アランマーレ,大野石油,3,6,a,*,アタック成功,9,加藤(優),3,2,3179,,,,,,,
359,20230211,アランマーレ,大野石油,4,6,*,*,,,,3,2,3179,得点,,,,,,
360,20230211,アランマーレ,大野石油,4,6,*,*,,,,0,2,3179,,,IN:6,清和,OUT:11,末永,
361,20230211,アランマーレ,大野石油,4,6,*,*,サーブ,6,清和,0,2,3179,,,,,,,
362,20230211,アランマーレ,大野石油,4,6,*,a,レシーブ成功(優),12,入江,1,2,3179,,,,,,,
363,20230211,アランマーレ,大野石油,4,6,*,a,アタック成功,3,川口,1,2,3179,,,,,,,
364,20230211,アランマーレ,大野石油,4,7,a,a,,,,1,2,3179,得点,,,,,,
365,20230211,アランマーレ,大野石油,4,7,a,a,サーブ,6,向井,0,2,3179,,,,,,,
366,20230211,アランマーレ,大野石油,4,7,a,*,レシーブ失敗,4,小澤,1,2,3179,,,,,,,
367,20230211,アランマーレ,大野石油,4,7,a,a,アタック,1,新谷,1,2,3179,,,,,,,
368,20230211,アランマーレ,大野石油,4,7,a,*,アタック失敗,16,柳下,2,2,3179,,,,,,,
369,20230211,アランマーレ,大野石油,4,8,a,a,,,,2,2,3179,得点,,,,,,
370,20230211,アランマーレ,大野石油,4,8,a,*,,,,0,2,3179,,タイムアウト,,,,,
371,20230211,アランマーレ,大野石油,4,8,a,a,サーブ,6,向井,0,2,3179,,,,,,,
372,20230211,アランマーレ,大野石油,4,8,a,*,レシーブ成功(優),14,鈴木(音),1,2,3179,,,,,,,
373,20230211,アランマーレ,大野石油,4,8,a,*,アタック成功,9,加藤(優),1,2,3179,,,,,,,
374,20230211,アランマーレ,大野石油,5,8,*,*,,,,1,2,3179,得点,,,,,,
375,20230211,アランマーレ,大野石油,5,8,*,*,サーブ,9,加藤(優),0,2,3179,,,,,,,
376,20230211,アランマーレ,大野石油,5,8,*,a,レシーブ成功(良),10,岡田,1,2,3179,,,,,,,
377,20230211,アランマーレ,大野石油,5,8,*,a,アタック成功,4,浜崎,1,2,3179,,,,,,,
378,20230211,アランマーレ,大野石油,5,9,a,a,,,,1,2,3179,得点,,,,,,
379,20230211,アランマーレ,大野石油,5,9,a,a,,,,0,2,3179,,,IN:14,大谷,OUT:3,川口,
380,20230211,アランマーレ,大野石油,5,9,a,a,サーブ,14,大谷,0,2,3179,,,,,,,
381,20230211,アランマーレ,大野石油,5,9,a,*,レシーブ成功(良),14,鈴木(音),1,2,3179,,,,,,,
382,20230211,アランマーレ,大野石油,5,9,a,*,アタック成功,16,柳下,1,2,3179,,,,,,,
383,20230211,アランマーレ,大野石油,6,9,*,*,,,,1,2,3179,得点,,,,,,
384,20230211,アランマーレ,大野石油,6,9,*,*,サーブ,16,柳下,0,2,3179,,,,,,,
385,20230211,アランマーレ,大野石油,6,9,*,a,レシーブ成功(優),12,入江,1,2,3179,,,,,,,
386,20230211,アランマーレ,大野石油,6,9,*,a,アタック成功,12,入江,1,2,3179,,,,,,,
387,20230211,アランマーレ,大野石油,6,10,a,a,,,,1,2,3179,得点,,,,,,
388,20230211,アランマーレ,大野石油,6,10,a,a,サーブ,1,新谷,0,2,3179,,,,,,,
389,20230211,アランマーレ,大野石油,6,10,a,*,レシーブ成功(優),16,柳下,1,2,3179,,,,,,,
390,20230211,アランマーレ,大野石油,6,10,a,*,アタック成功,14,鈴木(音),1,2,3179,,,,,,,
391,20230211,アランマーレ,大野石油,7,10,*,*,,,,1,2,3179,得点,,,,,,
392,20230211,アランマーレ,大野石油,7,10,*,*,,,,0,2,3179,,,IN:11,末永,OUT:6,清和,
393,20230211,アランマーレ,大野石油,7,10,*,*,サーブ,7,大貫,0,2,3179,,,,,,,
394,20230211,アランマーレ,大野石油,7,10,*,a,レシーブ成功(優),12,入江,1,2,3179,,,,,,,
395,20230211,アランマーレ,大野石油,7,10,*,a,アタック,4,浜崎,1,2,3179,,,,,,,
396,20230211,アランマーレ,大野石油,7,10,*,*,アタック,11,末永,2,2,3179,,,,,,,
397,20230211,アランマーレ,大野石油,7,10,*,a,アタック,4,浜崎,3,2,3179,,,,,,,
398,20230211,アランマーレ,大野石油,7,10,*,*,アタック,14,鈴木(音),4,2,3179,,,,,,,
399,20230211,アランマーレ,大野石油,7,10,*,a,アタック,12,入江,5,2,3179,,,,,,,
400,20230211,アランマーレ,大野石油,7,10,*,*,アタック,11,末永,6,2,3179,,,,,,,
401,20230211,アランマーレ,大野石油,7,10,*,*,アタック成功,14,鈴木(音),7,2,3179,,,,,,,
402,20230211,アランマーレ,大野石油,8,10,*,*,,,,7,2,3179,得点,,,,,,
403,20230211,アランマーレ,大野石油,8,10,*,*,サーブ,7,大貫,0,2,3179,,,,,,,
404,20230211,アランマーレ,大野石油,8,10,*,a,レシーブ成功(優),12,入江,1,2,3179,,,,,,,
405,20230211,アランマーレ,大野石油,8,10,*,a,アタック,12,入江,1,2,3179,,,,,,,
406,20230211,アランマーレ,大野石油,8,10,*,*,アタック,4,小澤,2,2,3179,,,,,,,
407,20230211,アランマーレ,大野石油,8,10,*,*,アタック成功,11,末永,3,2,3179,,,,,,,
408,20230211,アランマーレ,大野石油,9,10,*,*,,,,3,2,3179,得点,,,,,,
409,20230211,アランマーレ,大野石油,9,10,*,a,,,,0,2,3179,,タイムアウト,,,,,
410,20230211,アランマーレ,大野石油,9,10,*,*,サーブ,7,大貫,0,2,3179,,,,,,,
411,20230211,アランマーレ,大野石油,9,10,*,a,レシーブ成功(優),12,入江,1,2,3179,,,,,,,
412,20230211,アランマーレ,大野石油,9,10,*,a,アタック,4,浜崎,1,2,3179,,,,,,,
413,20230211,アランマーレ,大野石油,9,10,*,*,ブロック成功,14,鈴木(音),2,2,3179,,,,,,,
414,20230211,アランマーレ,大野石油,10,10,*,*,,,,2,2,3179,得点,,,,,,
415,20230211,アランマーレ,大野石油,10,10,*,*,サーブ,7,大貫,0,2,3179,,,,,,,
416,20230211,アランマーレ,大野石油,10,10,*,a,レシーブ成功(優),10,岡田,1,2,3179,,,,,,,
417,20230211,アランマーレ,大野石油,10,10,*,a,アタック,12,入江,1,2,3179,,,,,,,
418,20230211,アランマーレ,大野石油,10,10,*,*,アタック成功,11,末永,2,2,3179,,,,,,,
419,20230211,アランマーレ,大野石油,11,10,*,*,,,,2,2,3179,得点,,,,,,
420,20230211,アランマーレ,大野石油,11,10,*,*,サーブ,7,大貫,0,2,3179,,,,,,,
421,20230211,アランマーレ,大野石油,11,10,*,a,レシーブ成功(優),14,大谷,1,2,3179,,,,,,,
422,20230211,アランマーレ,大野石油,11,10,*,a,アタック,12,入江,1,2,3179,,,,,,,
423,20230211,アランマーレ,大野石油,11,10,*,*,ブロック成功,4,小澤,2,2,3179,,,,,,,
424,20230211,アランマーレ,大野石油,12,10,*,*,,,,2,2,3179,得点,,,,,,
425,20230211,アランマーレ,大野石油,12,10,*,*,,,,0,2,3179,,,,,,,
426,20230211,アランマーレ,大野石油,12,10,*,*,サーブ,7,大貫,0,2,3179,,,,,,,
427,20230211,アランマーレ,大野石油,12,10,*,a,レシーブ成功(優),12,入江,1,2,3179,,,,,,,
428,20230211,アランマーレ,大野石油,12,10,*,a,アタック,12,入江,1,2,3179,,,,,,,
429,20230211,アランマーレ,大野石油,12,10,*,*,アタック成功,4,小澤,2,2,3179,,,,,,,
430,20230211,アランマーレ,大野石油,13,10,*,*,,,,2,2,3179,得点,,,,,,
431,20230211,アランマーレ,大野石油,13,10,*,*,サーブ,7,大貫,0,2,3179,,,,,,,
432,20230211,アランマーレ,大野石油,13,10,*,a,レシーブ成功(優),14,大谷,1,2,3179,,,,,,,
433,20230211,アランマーレ,大野石油,13,10,*,a,アタック,4,浜崎,1,2,3179,,,,,,,
434,20230211,アランマーレ,大野石油,13,10,*,*,アタック成功,14,鈴木(音),2,2,3179,,,,,,,
435,20230211,アランマーレ,大野石油,14,10,*,*,,,,2,2,3179,得点,,,,,,
436,20230211,アランマーレ,大野石油,14,10,*,*,サーブ,7,大貫,0,2,3179,,,,,,,
437,20230211,アランマーレ,大野石油,14,10,*,a,レシーブ成功(良),12,入江,1,2,3179,,,,,,,
438,20230211,アランマーレ,大野石油,14,10,*,a,アタック,12,入江,1,2,3179,,,,,,,
439,20230211,アランマーレ,大野石油,14,10,*,*,アタック,14,鈴木(音),2,2,3179,,,,,,,
440,20230211,アランマーレ,大野石油,14,10,*,a,アタック,12,入江,3,2,3179,,,,,,,
441,20230211,アランマーレ,大野石油,14,10,*,*,その他ミス,4,小澤,4,2,3179,,,,,,,
442,20230211,アランマーレ,大野石油,14,11,a,a,,,,4,2,3179,得点,,,,,,
443,20230211,アランマーレ,大野石油,14,11,a,a,,,,0,2,3179,,,IN:17,川上,OUT:4,浜崎,
444,20230211,アランマーレ,大野石油,14,11,a,a,,,,0,2,3179,,,IN:7,萩原,OUT:6,向井,
445,20230211,アランマーレ,大野石油,14,11,a,a,サーブ,17,川上,0,2,3179,,,,,,,
446,20230211,アランマーレ,大野石油,14,11,a,*,レシーブ成功(優),14,鈴木(音),1,2,3179,,,,,,,
447,20230211,アランマーレ,大野石油,14,11,a,*,アタック,11,末永,1,2,3179,,,,,,,
448,20230211,アランマーレ,大野石油,14,11,a,*,アタック成功,14,鈴木(音),2,2,3179,,,,,,,
449,20230211,アランマーレ,大野石油,15,11,*,*,,,,2,2,3179,得点,,,,,,
450,20230211,アランマーレ,大野石油,15,11,*,*,サーブ,4,小澤,0,2,3179,,,,,,,
451,20230211,アランマーレ,大野石油,15,11,*,a,レシーブ成功(優),10,岡田,1,2,3179,,,,,,,
452,20230211,アランマーレ,大野石油,15,11,*,a,アタック成功,12,入江,1,2,3179,,,,,,,
453,20230211,アランマーレ,大野石油,15,12,a,a,,,,1,2,3179,得点,,,,,,
454,20230211,アランマーレ,大野石油,15,12,a,a,,,,0,2,3179,,,IN:3,川口,OUT:14,大谷,
455,20230211,アランマーレ,大野石油,15,12,a,a,サーブ,12,入江,0,2,3179,,,,,,,
456,20230211,アランマーレ,大野石油,15,12,a,*,レシーブ成功(優),16,柳下,1,2,3179,,,,,,,
457,20230211,アランマーレ,大野石油,15,12,a,a,アタック成功,16,和田,1,2,3179,,,,,,,
458,20230211,アランマーレ,大野石油,15,13,a,a,,,,1,2,3179,得点,,,,,,
459,20230211,アランマーレ,大野石油,15,13,a,a,サーブ,12,入江,0,2,3179,,,,,,,
460,20230211,アランマーレ,大野石油,15,13,a,*,レシーブ失敗,5,佐藤,1,2,3179,,,,,,,
461,20230211,アランマーレ,大野石油,15,13,a,*,アタック,11,末永,1,2,3179,,,,,,,
462,20230211,アランマーレ,大野石油,15,13,a,*,アタック成功,14,鈴木(音),2,2,3179,,,,,,,
463,20230211,アランマーレ,大野石油,16,13,*,*,,,,2,2,3179,得点,,,,,,
464,20230211,アランマーレ,大野石油,16,13,*,*,サーブ,14,鈴木(音),0,2,3179,,,,,,,
465,20230211,アランマーレ,大野石油,16,13,*,a,レシーブ失敗,12,入江,1,2,3179,,,,,,,
466,20230211,アランマーレ,大野石油,16,13,*,a,アタック,3,川口,1,2,3179,,,,,,,
467,20230211,アランマーレ,大野石油,16,13,*,*,アタック成功,11,末永,2,2,3179,,,,,,,
468,20230211,アランマーレ,大野石油,17,13,*,*,,,,2,2,3179,得点,,,,,,
469,20230211,アランマーレ,大野石油,17,13,*,*,サーブ,14,鈴木(音),0,2,3179,,,,,,,
470,20230211,アランマーレ,大野石油,17,13,*,a,レシーブ成功(優),12,入江,1,2,3179,,,,,,,
471,20230211,アランマーレ,大野石油,17,13,*,a,アタック成功,3,川口,1,2,3179,,,,,,,
472,20230211,アランマーレ,大野石油,17,14,a,a,,,,1,2,3179,得点,,,,,,
473,20230211,アランマーレ,大野石油,17,14,a,a,サーブ,16,和田,0,2,3179,,,,,,,
474,20230211,アランマーレ,大野石油,17,14,a,*,レシーブ成功(優),14,鈴木(音),1,2,3179,,,,,,,
475,20230211,アランマーレ,大野石油,17,14,a,*,アタック,16,柳下,1,2,3179,,,,,,,
476,20230211,アランマーレ,大野石油,17,14,a,*,アタック,11,末永,2,2,3179,,,,,,,
477,20230211,アランマーレ,大野石油,17,14,a,*,アタック,11,末永,3,2,3179,,,,,,,
478,20230211,アランマーレ,大野石油,17,14,a,*,アタック,16,柳下,4,2,3179,,,,,,,
479,20230211,アランマーレ,大野石油,17,14,a,a,アタック,3,川口,5,2,3179,,,,,,,
480,20230211,アランマーレ,大野石油,17,14,a,*,アタック,16,柳下,6,2,3179,,,,,,,
481,20230211,アランマーレ,大野石油,17,14,a,a,アタック,1,新谷,7,2,3179,,,,,,,
482,20230211,アランマーレ,大野石油,17,14,a,*,アタック成功,11,末永,8,2,3179,,,,,,,
483,20230211,アランマーレ,大野石油,18,14,*,*,,,,8,2,3179,得点,,,,,,
484,20230211,アランマーレ,大野石油,18,14,*,*,サーブ,11,末永,0,2,3179,,,,,,,
485,20230211,アランマーレ,大野石油,18,14,*,a,レシーブ失敗,3,川口,1,2,3179,,,,,,,
486,20230211,アランマーレ,大野石油,18,14,*,a,アタック成功,3,川口,1,2,3179,,,,,,,
487,20230211,アランマーレ,大野石油,18,15,a,a,,,,1,2,3179,得点,,,,,,
488,20230211,アランマーレ,大野石油,18,15,a,a,,,,0,2,3179,,,IN:6,向井,OUT:7,萩原,
489,20230211,アランマーレ,大野石油,18,15,a,a,,,,0,2,3179,,,IN:4,浜崎,OUT:17,川上,
490,20230211,アランマーレ,大野石油,18,15,a,a,サーブ,6,向井,0,2,3179,,,,,,,
491,20230211,アランマーレ,大野石油,18,15,a,*,レシーブ成功(優),14,鈴木(音),1,2,3179,,,,,,,
492,20230211,アランマーレ,大野石油,18,15,a,*,アタック成功,16,柳下,1,2,3179,,,,,,,
493,20230211,アランマーレ,大野石油,19,15,*,*,,,,1,2,3179,得点,,,,,,
494,20230211,アランマーレ,大野石油,19,15,*,*,サーブ,9,加藤(優),0,2,3179,,,,,,,
495,20230211,アランマーレ,大野石油,19,15,*,a,レシーブ失敗,3,川口,1,2,3179,,,,,,,
496,20230211,アランマーレ,大野石油,19,15,*,a,アタック,4,浜崎,1,2,3179,,,,,,,
497,20230211,アランマーレ,大野石油,19,15,*,*,ブロック成功,7,大貫,2,2,3179,,,,,,,
498,20230211,アランマーレ,大野石油,20,15,*,*,,,,2,2,3179,得点,,,,,,
499,20230211,アランマーレ,大野石油,20,15,*,*,サーブ,9,加藤(優),0,2,3179,,,,,,,
500,20230211,アランマーレ,大野石油,20,15,*,a,レシーブ成功(優),3,川口,1,2,3179,,,,,,,
501,20230211,アランマーレ,大野石油,20,15,*,a,アタック,3,川口,1,2,3179,,,,,,,
502,20230211,アランマーレ,大野石油,20,15,*,*,アタック,16,柳下,2,2,3179,,,,,,,
503,20230211,アランマーレ,大野石油,20,15,*,a,アタック,1,新谷,3,2,3179,,,,,,,
504,20230211,アランマーレ,大野石油,20,15,*,a,アタック,1,新谷,4,2,3179,,,,,,,
505,20230211,アランマーレ,大野石油,20,15,*,*,アタック成功,16,柳下,5,2,3179,,,,,,,
506,20230211,アランマーレ,大野石油,21,15,*,*,,,,5,2,3179,得点,,,,,,
507,20230211,アランマーレ,大野石油,21,15,*,a,,,,0,2,3179,,タイムアウト,,,,,
508,20230211,アランマーレ,大野石油,21,15,*,*,サーブ,9,加藤(優),0,2,3179,,,,,,,
509,20230211,アランマーレ,大野石油,21,15,*,a,レシーブ成功(優),10,岡田,1,2,3179,,,,,,,
510,20230211,アランマーレ,大野石油,21,15,*,a,アタック成功,3,川口,1,2,3179,,,,,,,
511,20230211,アランマーレ,大野石油,21,16,a,a,,,,1,2,3179,得点,,,,,,
512,20230211,アランマーレ,大野石油,21,16,a,a,サーブ,3,川口,0,2,3179,,,,,,,
513,20230211,アランマーレ,大野石油,21,16,a,*,レシーブ成功(優),5,佐藤,1,2,3179,,,,,,,
514,20230211,アランマーレ,大野石油,21,16,a,*,アタック,16,柳下,1,2,3179,,,,,,,
515,20230211,アランマーレ,大野石油,21,16,a,*,アタック,7,大貫,2,2,3179,,,,,,,
516,20230211,アランマーレ,大野石油,21,16,a,*,アタック,7,大貫,3,2,3179,,,,,,,
517,20230211,アランマーレ,大野石油,21,16,a,*,アタック,4,小澤,4,2,3179,,,,,,,
518,20230211,アランマーレ,大野石油,21,16,a,*,アタック,4,小澤,5,2,3179,,,,,,,
519,20230211,アランマーレ,大野石油,21,16,a,*,アタック,16,柳下,6,2,3179,,,,,,,
520,20230211,アランマーレ,大野石油,21,16,a,a,アタック失敗,12,入江,7,2,3179,,,,,,,
521,20230211,アランマーレ,大野石油,22,16,*,*,,,,7,2,3179,得点,,,,,,
522,20230211,アランマーレ,大野石油,22,16,*,*,サーブ,16,柳下,0,2,3179,,,,,,,
523,20230211,アランマーレ,大野石油,22,16,*,a,レシーブ失敗,12,入江,1,2,3179,,,,,,,
524,20230211,アランマーレ,大野石油,22,16,*,a,アタック,12,入江,1,2,3179,,,,,,,
525,20230211,アランマーレ,大野石油,22,16,*,*,アタック,7,大貫,2,2,3179,,,,,,,
526,20230211,アランマーレ,大野石油,22,16,*,a,アタック,4,浜崎,3,2,3179,,,,,,,
527,20230211,アランマーレ,大野石油,22,16,*,*,ブロック成功,7,大貫,4,2,3179,,,,,,,
528,20230211,アランマーレ,大野石油,23,16,*,*,,,,4,2,3179,得点,,,,,,
529,20230211,アランマーレ,大野石油,23,16,*,*,サーブ,16,柳下,0,2,3179,,,,,,,
530,20230211,アランマーレ,大野石油,23,16,*,a,レシーブ成功(優),12,入江,1,2,3179,,,,,,,
531,20230211,アランマーレ,大野石油,23,16,*,a,アタック,1,新谷,1,2,3179,,,,,,,
532,20230211,アランマーレ,大野石油,23,16,*,*,アタック,14,鈴木(音),2,2,3179,,,,,,,
533,20230211,アランマーレ,大野石油,23,16,*,a,アタック,12,入江,3,2,3179,,,,,,,
534,20230211,アランマーレ,大野石油,23,16,*,*,アタック,14,鈴木(音),4,2,3179,,,,,,,
535,20230211,アランマーレ,大野石油,23,16,*,a,アタック,12,入江,5,2,3179,,,,,,,
536,20230211,アランマーレ,大野石油,23,16,*,a,アタック,12,入江,6,2,3179,,,,,,,
537,20230211,アランマーレ,大野石油,23,16,*,a,アタック,12,入江,7,2,3179,,,,,,,
538,20230211,アランマーレ,大野石油,23,16,*,a,アタック,1,新谷,8,2,3179,,,,,,,
539,20230211,アランマーレ,大野石油,23,16,*,*,ブロック成功,4,小澤,9,2,3179,,,,,,,
540,20230211,アランマーレ,大野石油,24,16,*,*,,,,9,2,3179,得点,,,,,,
541,20230211,アランマーレ,大野石油,24,16,*,*,,,,0,2,3179,,,IN:12,江川,OUT:4,小澤,
542,20230211,アランマーレ,大野石油,24,16,*,*,サーブ,16,柳下,0,2,3179,,,,,,,
543,20230211,アランマーレ,大野石油,24,16,*,a,レシーブ失敗,12,入江,1,2,3179,,,,,,,
544,20230211,アランマーレ,大野石油,24,16,*,*,アタック成功,12,江川,1,2,3179,,,,,,,
545,20230211,アランマーレ,大野石油,25,16,*,*,,,,1,2,3179,得点,,,,,,
546,20230211,アランマーレ,大野石油,0,0,*,a,サーブ,3,川口,0,3,3179,,,,,,,
547,20230211,アランマーレ,大野石油,0,0,*,*,レシーブ成功(優),4,小澤,1,3,3179,,,,,,,
548,20230211,アランマーレ,大野石油,0,0,*,*,アタック成功,16,柳下,1,3,3179,,,,,,,
549,20230211,アランマーレ,大野石油,1,0,*,*,,,,1,3,3179,得点,,,,,,
550,20230211,アランマーレ,大野石油,1,0,*,*,サーブ,11,末永,0,3,3179,,,,,,,
551,20230211,アランマーレ,大野石油,1,0,*,a,レシーブ成功(良),12,入江,1,3,3179,,,,,,,
552,20230211,アランマーレ,大野石油,1,0,*,a,アタック成功,12,入江,1,3,3179,,,,,,,
553,20230211,アランマーレ,大野石油,1,1,a,a,,,,1,3,3179,得点,,,,,,
554,20230211,アランマーレ,大野石油,1,1,a,a,サーブ,1,新谷,0,3,3179,,,,,,,
555,20230211,アランマーレ,大野石油,1,1,a,*,レシーブ成功(優),14,鈴木(音),1,3,3179,,,,,,,
556,20230211,アランマーレ,大野石油,1,1,a,*,アタック,7,大貫,1,3,3179,,,,,,,
557,20230211,アランマーレ,大野石油,1,1,a,a,アタック,4,浜崎,2,3,3179,,,,,,,
558,20230211,アランマーレ,大野石油,1,1,a,*,アタック,16,柳下,3,3,3179,,,,,,,
559,20230211,アランマーレ,大野石油,1,1,a,*,アタック,16,柳下,4,3,3179,,,,,,,
560,20230211,アランマーレ,大野石油,1,1,a,*,アタック成功,7,大貫,5,3,3179,,,,,,,
561,20230211,アランマーレ,大野石油,2,1,*,*,,,,5,3,3179,得点,,,,,,
562,20230211,アランマーレ,大野石油,2,1,*,*,サーブ,9,加藤(優),0,3,3179,,,,,,,
563,20230211,アランマーレ,大野石油,2,1,*,a,レシーブ失敗,12,入江,1,3,3179,,,,,,,
564,20230211,アランマーレ,大野石油,2,1,*,a,アタック,12,入江,1,3,3179,,,,,,,
565,20230211,アランマーレ,大野石油,2,1,*,*,アタック,4,小澤,2,3,3179,,,,,,,
566,20230211,アランマーレ,大野石油,2,1,*,a,アタック成功,12,入江,3,3,3179,,,,,,,
567,20230211,アランマーレ,大野石油,2,2,a,a,,,,3,3,3179,得点,,,,,,
568,20230211,アランマーレ,大野石油,2,2,a,a,サーブ,4,浜崎,0,3,3179,,,,,,,
569,20230211,アランマーレ,大野石油,2,2,a,*,レシーブ失敗,4,小澤,1,3,3179,,,,,,,
570,20230211,アランマーレ,大野石油,2,2,a,a,アタック成功,16,和田,1,3,3179,,,,,,,
571,20230211,アランマーレ,大野石油,2,3,a,a,,,,1,3,3179,得点,,,,,,
572,20230211,アランマーレ,大野石油,2,3,a,a,サーブ,4,浜崎,0,3,3179,,,,,,,
573,20230211,アランマーレ,大野石油,2,3,a,*,レシーブ失敗,4,小澤,1,3,3179,,,,,,,
574,20230211,アランマーレ,大野石油,2,3,a,*,アタック,16,柳下,1,3,3179,,,,,,,
575,20230211,アランマーレ,大野石油,2,3,a,a,アタック,16,和田,2,3,3179,,,,,,,
576,20230211,アランマーレ,大野石油,2,3,a,*,アタック,16,柳下,3,3,3179,,,,,,,
577,20230211,アランマーレ,大野石油,2,3,a,a,アタック,12,入江,4,3,3179,,,,,,,
578,20230211,アランマーレ,大野石油,2,3,a,*,アタック失敗,7,大貫,5,3,3179,,,,,,,
579,20230211,アランマーレ,大野石油,2,4,a,a,,,,5,3,3179,得点,,,,,,
580,20230211,アランマーレ,大野石油,2,4,a,a,サーブ,4,浜崎,0,3,3179,,,,,,,
581,20230211,アランマーレ,大野石油,2,4,a,*,レシーブ成功(優),4,小澤,1,3,3179,,,,,,,
582,20230211,アランマーレ,大野石油,2,4,a,*,アタック,16,柳下,1,3,3179,,,,,,,
583,20230211,アランマーレ,大野石油,2,4,a,a,アタック成功,12,入江,2,3,3179,,,,,,,
584,20230211,アランマーレ,大野石油,2,5,a,a,,,,2,3,3179,得点,,,,,,
585,20230211,アランマーレ,大野石油,2,5,a,*,,,,0,3,3179,,タイムアウト,,,,,
586,20230211,アランマーレ,大野石油,2,5,a,a,サーブ,4,浜崎,0,3,3179,,,,,,,
587,20230211,アランマーレ,大野石油,2,5,a,*,レシーブ成功(優),14,鈴木(音),1,3,3179,,,,,,,
588,20230211,アランマーレ,大野石油,2,5,a,*,アタック,16,柳下,1,3,3179,,,,,,,
589,20230211,アランマーレ,大野石油,2,5,a,a,アタック,12,入江,2,3,3179,,,,,,,
590,20230211,アランマーレ,大野石油,2,5,a,*,アタック,16,柳下,3,3,3179,,,,,,,
591,20230211,アランマーレ,大野石油,2,5,a,*,アタック,7,大貫,4,3,3179,,,,,,,
592,20230211,アランマーレ,大野石油,2,5,a,a,アタック,12,入江,5,3,3179,,,,,,,
593,20230211,アランマーレ,大野石油,2,5,a,*,アタック,7,大貫,6,3,3179,,,,,,,
594,20230211,アランマーレ,大野石油,2,5,a,a,アタック,16,和田,7,3,3179,,,,,,,
595,20230211,アランマーレ,大野石油,2,5,a,a,アタック成功,12,入江,8,3,3179,,,,,,,
596,20230211,アランマーレ,大野石油,2,6,a,a,,,,8,3,3179,得点,,,,,,
597,20230211,アランマーレ,大野石油,2,6,a,a,サーブ,4,浜崎,0,3,3179,,,,,,,
598,20230211,アランマーレ,大野石油,2,6,a,*,レシーブ成功(優),14,鈴木(音),1,3,3179,,,,,,,
599,20230211,アランマーレ,大野石油,2,6,a,*,アタック,16,柳下,1,3,3179,,,,,,,
600,20230211,アランマーレ,大野石油,2,6,a,a,アタック,12,入江,2,3,3179,,,,,,,
601,20230211,アランマーレ,大野石油,2,6,a,*,アタック成功,16,柳下,3,3,3179,,,,,,,
602,20230211,アランマーレ,大野石油,3,6,*,*,,,,3,3,3179,得点,,,,,,
603,20230211,アランマーレ,大野石油,3,6,*,*,サーブ,16,柳下,0,3,3179,,,,,,,
604,20230211,アランマーレ,大野石油,3,6,*,a,レシーブ失敗,3,川口,1,3,3179,,,,,,,
605,20230211,アランマーレ,大野石油,3,6,*,a,アタック,12,入江,1,3,3179,,,,,,,
606,20230211,アランマーレ,大野石油,3,6,*,*,アタック成功,14,鈴木(音),2,3,3179,,,,,,,
607,20230211,アランマーレ,大野石油,4,6,*,*,,,,2,3,3179,得点,,,,,,
608,20230211,アランマーレ,大野石油,4,6,*,*,サーブ,16,柳下,0,3,3179,,,,,,,
609,20230211,アランマーレ,大野石油,4,6,*,a,レシーブ成功(良),12,入江,1,3,3179,,,,,,,
610,20230211,アランマーレ,大野石油,4,6,*,a,アタック失敗,12,入江,1,3,3179,,,,,,,
611,20230211,アランマーレ,大野石油,5,6,*,*,,,,1,3,3179,得点,,,,,,
612,20230211,アランマーレ,大野石油,5,6,*,*,サーブ,16,柳下,0,3,3179,,,,,,,
613,20230211,アランマーレ,大野石油,5,6,*,a,レシーブ成功(良),12,入江,1,3,3179,,,,,,,
614,20230211,アランマーレ,大野石油,5,6,*,a,アタック,16,和田,1,3,3179,,,,,,,
615,20230211,アランマーレ,大野石油,5,6,*,*,アタック,4,小澤,2,3,3179,,,,,,,
616,20230211,アランマーレ,大野石油,5,6,*,*,アタック,14,鈴木(音),3,3,3179,,,,,,,
617,20230211,アランマーレ,大野石油,5,6,*,*,その他ミス,7,大貫,4,3,3179,,,,,,,
618,20230211,アランマーレ,大野石油,5,7,a,a,,,,4,3,3179,得点,,,,,,
619,20230211,アランマーレ,大野石油,5,7,a,a,サーブ,12,入江,0,3,3179,,,,,,,
620,20230211,アランマーレ,大野石油,5,7,a,*,レシーブ成功(優),4,小澤,1,3,3179,,,,,,,
621,20230211,アランマーレ,大野石油,5,7,a,*,アタック成功,14,鈴木(音),1,3,3179,,,,,,,
622,20230211,アランマーレ,大野石油,6,7,*,*,,,,1,3,3179,得点,,,,,,
623,20230211,アランマーレ,大野石油,6,7,*,*,,,,0,3,3179,,,IN:2,小松,OUT:7,大貫,
624,20230211,アランマーレ,大野石油,6,7,*,*,サービスエース,2,小松,0,3,3179,,,,,,,
625,20230211,アランマーレ,大野石油,6,7,*,a,レシーブ失敗,12,入江,0,3,3179,,,,,,,
626,20230211,アランマーレ,大野石油,7,7,*,*,,,,0,3,3179,得点,,,,,,
627,20230211,アランマーレ,大野石油,7,7,*,*,サーブ,2,小松,0,3,3179,,,,,,,
628,20230211,アランマーレ,大野石油,7,7,*,a,レシーブ成功(優),10,岡田,1,3,3179,,,,,,,
629,20230211,アランマーレ,大野石油,7,7,*,a,アタック,16,和田,1,3,3179,,,,,,,
630,20230211,アランマーレ,大野石油,7,7,*,*,アタック,4,小澤,2,3,3179,,,,,,,
631,20230211,アランマーレ,大野石油,7,7,*,a,アタック成功,3,川口,3,3,3179,,,,,,,
632,20230211,アランマーレ,大野石油,7,8,a,a,,,,3,3,3179,得点,,,,,,
633,20230211,アランマーレ,大野石油,7,8,a,*,,,,0,3,3179,,,IN:7,大貫,OUT:2,小松,
634,20230211,アランマーレ,大野石油,7,8,a,a,サーブ,16,和田,0,3,3179,,,,,,,
635,20230211,アランマーレ,大野石油,7,8,a,*,レシーブ成功(優),16,柳下,1,3,3179,,,,,,,
636,20230211,アランマーレ,大野石油,7,8,a,*,アタック成功,14,鈴木(音),1,3,3179,,,,,,,
637,20230211,アランマーレ,大野石油,8,8,*,*,,,,1,3,3179,得点,,,,,,
638,20230211,アランマーレ,大野石油,8,8,*,*,サーブ,4,小澤,0,3,3179,,,,,,,
639,20230211,アランマーレ,大野石油,8,8,*,a,レシーブ失敗,12,入江,1,3,3179,,,,,,,
640,20230211,アランマーレ,大野石油,8,8,*,a,アタック成功,3,川口,1,3,3179,,,,,,,
641,20230211,アランマーレ,大野石油,8,9,a,a,,,,1,3,3179,得点,,,,,,
642,20230211,アランマーレ,大野石油,8,9,a,a,サーブ,6,向井,0,3,3179,,,,,,,
643,20230211,アランマーレ,大野石油,8,9,a,*,レシーブ成功(優),16,柳下,1,3,3179,,,,,,,
644,20230211,アランマーレ,大野石油,8,9,a,*,アタック,11,末永,1,3,3179,,,,,,,
645,20230211,アランマーレ,大野石油,8,9,a,a,アタック失敗,4,浜崎,2,3,3179,,,,,,,
646,20230211,アランマーレ,大野石油,9,9,*,*,,,,2,3,3179,得点,,,,,,
647,20230211,アランマーレ,大野石油,9,9,*,*,サーブ,14,鈴木(音),0,3,3179,,,,,,,
648,20230211,アランマーレ,大野石油,9,9,*,a,レシーブ成功(優),16,和田,1,3,3179,,,,,,,
649,20230211,アランマーレ,大野石油,9,9,*,*,アタック成功,11,末永,1,3,3179,,,,,,,
650,20230211,アランマーレ,大野石油,10,9,*,*,,,,1,3,3179,得点,,,,,,
651,20230211,アランマーレ,大野石油,10,9,*,*,サーブ,14,鈴木(音),0,3,3179,,,,,,,
652,20230211,アランマーレ,大野石油,10,9,*,a,レシーブ成功(良),12,入江,1,3,3179,,,,,,,
653,20230211,アランマーレ,大野石油,10,9,*,a,アタック,4,浜崎,1,3,3179,,,,,,,
654,20230211,アランマーレ,大野石油,10,9,*,*,アタック,11,末永,2,3,3179,,,,,,,
655,20230211,アランマーレ,大野石油,10,9,*,a,アタック失敗,3,川口,3,3,3179,,,,,,,
656,20230211,アランマーレ,大野石油,11,9,*,*,,,,3,3,3179,得点,,,,,,
657,20230211,アランマーレ,大野石油,11,9,*,a,,,,0,3,3179,,タイムアウト,,,,,
658,20230211,アランマーレ,大野石油,11,9,*,*,サーブ,14,鈴木(音),0,3,3179,,,,,,,
659,20230211,アランマーレ,大野石油,11,9,*,a,レシーブ成功(良),12,入江,1,3,3179,,,,,,,
660,20230211,アランマーレ,大野石油,11,9,*,a,アタック,4,浜崎,1,3,3179,,,,,,,
661,20230211,アランマーレ,大野石油,11,9,*,a,アタック,1,新谷,2,3,3179,,,,,,,
662,20230211,アランマーレ,大野石油,11,9,*,*,アタック,16,柳下,3,3,3179,,,,,,,
663,20230211,アランマーレ,大野石油,11,9,*,a,アタック,1,新谷,4,3,3179,,,,,,,
664,20230211,アランマーレ,大野石油,11,9,*,*,アタック成功,11,末永,5,3,3179,,,,,,,
665,20230211,アランマーレ,大野石油,12,9,*,*,,,,5,3,3179,得点,,,,,,
666,20230211,アランマーレ,大野石油,12,9,*,*,,,,0,3,3179,,,,,,,
667,20230211,アランマーレ,大野石油,12,9,*,*,サーブ,14,鈴木(音),0,3,3179,,,,,,,
668,20230211,アランマーレ,大野石油,12,9,*,a,レシーブ失敗,12,入江,1,3,3179,,,,,,,
669,20230211,アランマーレ,大野石油,12,9,*,a,アタック,4,浜崎,1,3,3179,,,,,,,
670,20230211,アランマーレ,大野石油,12,9,*,*,アタック,16,柳下,2,3,3179,,,,,,,
671,20230211,アランマーレ,大野石油,12,9,*,*,アタック,11,末永,3,3,3179,,,,,,,
672,20230211,アランマーレ,大野石油,12,9,*,*,アタック,11,末永,4,3,3179,,,,,,,
673,20230211,アランマーレ,大野石油,12,9,*,*,アタック,16,柳下,5,3,3179,,,,,,,
674,20230211,アランマーレ,大野石油,12,9,*,a,アタック成功,3,川口,6,3,3179,,,,,,,
675,20230211,アランマーレ,大野石油,12,10,a,a,,,,6,3,3179,得点,,,,,,
676,20230211,アランマーレ,大野石油,12,10,a,a,,,,0,3,3179,,,IN:11,中條,OUT:3,川口,
677,20230211,アランマーレ,大野石油,12,10,a,a,サーブ,11,中條,0,3,3179,,,,,,,
678,20230211,アランマーレ,大野石油,12,10,a,*,レシーブ成功(優),5,佐藤,1,3,3179,,,,,,,
679,20230211,アランマーレ,大野石油,12,10,a,*,アタック,16,柳下,1,3,3179,,,,,,,
680,20230211,アランマーレ,大野石油,12,10,a,a,アタック,12,入江,2,3,3179,,,,,,,
681,20230211,アランマーレ,大野石油,12,10,a,*,アタック,11,末永,3,3,3179,,,,,,,
682,20230211,アランマーレ,大野石油,12,10,a,*,アタック成功,16,柳下,4,3,3179,,,,,,,
683,20230211,アランマーレ,大野石油,13,10,*,*,,,,4,3,3179,得点,,,,,,
684,20230211,アランマーレ,大野石油,13,10,*,*,,,,0,3,3179,,,IN:6,清和,OUT:11,末永,
685,20230211,アランマーレ,大野石油,13,10,*,*,サーブ,6,清和,0,3,3179,,,,,,,
686,20230211,アランマーレ,大野石油,13,10,*,a,レシーブ失敗,12,入江,1,3,3179,,,,,,,
687,20230211,アランマーレ,大野石油,13,10,*,*,アタック,7,大貫,1,3,3179,,,,,,,
688,20230211,アランマーレ,大野石油,13,10,*,a,アタック成功,12,入江,2,3,3179,,,,,,,
689,20230211,アランマーレ,大野石油,13,11,a,a,,,,2,3,3179,得点,,,,,,
690,20230211,アランマーレ,大野石油,13,11,a,a,サーブ,1,新谷,0,3,3179,,,,,,,
691,20230211,アランマーレ,大野石油,13,11,a,*,レシーブ成功(優),14,鈴木(音),1,3,3179,,,,,,,
692,20230211,アランマーレ,大野石油,13,11,a,*,アタック,16,柳下,1,3,3179,,,,,,,
693,20230211,アランマーレ,大野石油,13,11,a,a,アタック成功,12,入江,2,3,3179,,,,,,,
694,20230211,アランマーレ,大野石油,13,12,a,a,,,,2,3,3179,得点,,,,,,
695,20230211,アランマーレ,大野石油,13,12,a,a,サーブ,1,新谷,0,3,3179,,,,,,,
696,20230211,アランマーレ,大野石油,13,12,a,*,レシーブ成功(優),14,鈴木(音),1,3,3179,,,,,,,
697,20230211,アランマーレ,大野石油,13,12,a,*,アタック成功,16,柳下,1,3,3179,,,,,,,
698,20230211,アランマーレ,大野石油,14,12,*,*,,,,1,3,3179,得点,,,,,,
699,20230211,アランマーレ,大野石油,14,12,*,*,サーブ,9,加藤(優),0,3,3179,,,,,,,
700,20230211,アランマーレ,大野石油,14,12,*,a,レシーブ成功(優),11,中條,1,3,3179,,,,,,,
701,20230211,アランマーレ,大野石油,14,12,*,a,アタック成功,12,入江,1,3,3179,,,,,,,
702,20230211,アランマーレ,大野石油,14,13,a,a,,,,1,3,3179,得点,,,,,,
703,20230211,アランマーレ,大野石油,14,13,a,a,サービスエース,4,浜崎,0,3,3179,,,,,,,
704,20230211,アランマーレ,大野石油,14,13,a,*,レシーブ失敗,4,小澤,0,3,3179,,,,,,,
705,20230211,アランマーレ,大野石油,14,14,a,a,,,,0,3,3179,得点,,,,,,
706,20230211,アランマーレ,大野石油,14,14,a,a,サーブ,4,浜崎,0,3,3179,,,,,,,
707,20230211,アランマーレ,大野石油,14,14,a,*,レシーブ失敗,4,小澤,1,3,3179,,,,,,,
708,20230211,アランマーレ,大野石油,14,14,a,*,アタック,16,柳下,1,3,3179,,,,,,,
709,20230211,アランマーレ,大野石油,14,14,a,a,アタック,12,入江,2,3,3179,,,,,,,
710,20230211,アランマーレ,大野石油,14,14,a,*,アタック,4,小澤,3,3,3179,,,,,,,
711,20230211,アランマーレ,大野石油,14,14,a,a,アタック,12,入江,4,3,3179,,,,,,,
712,20230211,アランマーレ,大野石油,14,14,a,*,アタック成功,16,柳下,5,3,3179,,,,,,,
713,20230211,アランマーレ,大野石油,15,14,*,*,,,,5,3,3179,得点,,,,,,
714,20230211,アランマーレ,大野石油,15,14,*,*,,,,0,3,3179,,,IN:12,江川,OUT:4,小澤,
715,20230211,アランマーレ,大野石油,15,14,*,*,サーブ,16,柳下,0,3,3179,,,,,,,
716,20230211,アランマーレ,大野石油,15,14,*,a,レシーブ成功(優),12,入江,1,3,3179,,,,,,,
717,20230211,アランマーレ,大野石油,15,14,*,a,アタック,16,和田,1,3,3179,,,,,,,
718,20230211,アランマーレ,大野石油,15,14,*,*,アタック,12,江川,2,3,3179,,,,,,,
719,20230211,アランマーレ,大野石油,15,14,*,a,アタック,12,入江,3,3,3179,,,,,,,
720,20230211,アランマーレ,大野石油,15,14,*,*,アタック,12,江川,4,3,3179,,,,,,,
721,20230211,アランマーレ,大野石油,15,14,*,a,アタック成功,12,入江,5,3,3179,,,,,,,
722,20230211,アランマーレ,大野石油,15,15,a,a,,,,5,3,3179,得点,,,,,,
723,20230211,アランマーレ,大野石油,15,15,a,a,,,,0,3,3179,,,IN:3,川口,OUT:11,中條,
724,20230211,アランマーレ,大野石油,15,15,a,a,サーブ,12,入江,0,3,3179,,,,,,,
725,20230211,アランマーレ,大野石油,15,15,a,*,レシーブ成功(優),6,清和,1,3,3179,,,,,,,
726,20230211,アランマーレ,大野石油,15,15,a,*,アタック,12,江川,1,3,3179,,,,,,,
727,20230211,アランマーレ,大野石油,15,15,a,a,ブロック成功,3,川口,2,3,3179,,,,,,,
728,20230211,アランマーレ,大野石油,15,16,a,a,,,,2,3,3179,得点,,,,,,
729,20230211,アランマーレ,大野石油,15,16,a,a,サーブ,12,入江,0,3,3179,,,,,,,
730,20230211,アランマーレ,大野石油,15,16,a,*,レシーブ成功(優),6,清和,1,3,3179,,,,,,,
731,20230211,アランマーレ,大野石油,15,16,a,*,アタック,12,江川,1,3,3179,,,,,,,
732,20230211,アランマーレ,大野石油,15,16,a,*,アタック,12,江川,2,3,3179,,,,,,,
733,20230211,アランマーレ,大野石油,15,16,a,a,アタック,3,川口,3,3,3179,,,,,,,
734,20230211,アランマーレ,大野石油,15,16,a,*,その他ミス,12,江川,4,3,3179,,,,,,,
735,20230211,アランマーレ,大野石油,15,17,a,a,,,,4,3,3179,得点,,,,,,
736,20230211,アランマーレ,大野石油,15,17,a,*,,,,0,3,3179,,,IN:4,小澤,OUT:12,江川,
737,20230211,アランマーレ,大野石油,15,17,a,a,サーブ,12,入江,0,3,3179,,,,,,,
738,20230211,アランマーレ,大野石油,15,17,a,*,レシーブ失敗,16,柳下,1,3,3179,,,,,,,
739,20230211,アランマーレ,大野石油,15,17,a,*,アタック,14,鈴木(音),1,3,3179,,,,,,,
740,20230211,アランマーレ,大野石油,15,17,a,a,アタック,3,川口,2,3,3179,,,,,,,
741,20230211,アランマーレ,大野石油,15,17,a,*,アタック成功,14,鈴木(音),3,3,3179,,,,,,,
742,20230211,アランマーレ,大野石油,16,17,*,*,,,,3,3,3179,得点,,,,,,
743,20230211,アランマーレ,大野石油,16,17,*,*,,,,0,3,3179,,,IN:11,末永,OUT:6,清和,
744,20230211,アランマーレ,大野石油,16,17,*,*,サーブ,7,大貫,0,3,3179,,,,,,,
745,20230211,アランマーレ,大野石油,16,17,*,a,レシーブ成功(良),12,入江,1,3,3179,,,,,,,
746,20230211,アランマーレ,大野石油,16,17,*,a,アタック,3,川口,1,3,3179,,,,,,,
747,20230211,アランマーレ,大野石油,16,17,*,a,アタック成功,3,川口,2,3,3179,,,,,,,
748,20230211,アランマーレ,大野石油,16,18,a,a,,,,2,3,3179,得点,,,,,,
749,20230211,アランマーレ,大野石油,16,18,a,a,サーブ,16,和田,0,3,3179,,,,,,,
750,20230211,アランマーレ,大野石油,16,18,a,*,レシーブ成功(優),16,柳下,1,3,3179,,,,,,,
751,20230211,アランマーレ,大野石油,16,18,a,*,アタック成功,14,鈴木(音),1,3,3179,,,,,,,
752,20230211,アランマーレ,大野石油,17,18,*,*,,,,1,3,3179,得点,,,,,,
753,20230211,アランマーレ,大野石油,17,18,*,*,サーブ,4,小澤,0,3,3179,,,,,,,
754,20230211,アランマーレ,大野石油,17,18,*,a,レシーブ失敗,12,入江,1,3,3179,,,,,,,
755,20230211,アランマーレ,大野石油,17,18,*,*,アタック,14,鈴木(音),1,3,3179,,,,,,,
756,20230211,アランマーレ,大野石油,17,18,*,*,アタック,14,鈴木(音),2,3,3179,,,,,,,
757,20230211,アランマーレ,大野石油,17,18,*,a,アタック成功,3,川口,3,3,3179,,,,,,,
758,20230211,アランマーレ,大野石油,17,19,a,a,,,,3,3,3179,得点,,,,,,
759,20230211,アランマーレ,大野石油,17,19,a,a,サーブ,6,向井,0,3,3179,,,,,,,
760,20230211,アランマーレ,大野石油,17,19,a,*,レシーブ成功(優),16,柳下,1,3,3179,,,,,,,
761,20230211,アランマーレ,大野石油,17,19,a,*,アタック,14,鈴木(音),1,3,3179,,,,,,,
762,20230211,アランマーレ,大野石油,17,19,a,a,アタック,3,川口,2,3,3179,,,,,,,
763,20230211,アランマーレ,大野石油,17,19,a,a,アタック,3,川口,3,3,3179,,,,,,,
764,20230211,アランマーレ,大野石油,17,19,a,*,アタック,11,末永,4,3,3179,,,,,,,
765,20230211,アランマーレ,大野石油,17,19,a,*,アタック成功,14,鈴木(音),5,3,3179,,,,,,,
766,20230211,アランマーレ,大野石油,18,19,*,*,,,,5,3,3179,得点,,,,,,
767,20230211,アランマーレ,大野石油,18,19,*,*,サーブ,14,鈴木(音),0,3,3179,,,,,,,
768,20230211,アランマーレ,大野石油,18,19,*,a,レシーブ成功(良),12,入江,1,3,3179,,,,,,,
769,20230211,アランマーレ,大野石油,18,19,*,a,アタック,4,浜崎,1,3,3179,,,,,,,
770,20230211,アランマーレ,大野石油,18,19,*,*,アタック,11,末永,2,3,3179,,,,,,,
771,20230211,アランマーレ,大野石油,18,19,*,a,アタック,1,新谷,3,3,3179,,,,,,,
772,20230211,アランマーレ,大野石油,18,19,*,*,アタック成功,11,末永,4,3,3179,,,,,,,
773,20230211,アランマーレ,大野石油,19,19,*,*,,,,4,3,3179,得点,,,,,,
774,20230211,アランマーレ,大野石油,19,19,*,*,サーブ,14,鈴木(音),0,3,3179,,,,,,,
775,20230211,アランマーレ,大野石油,19,19,*,a,レシーブ成功(優),12,入江,1,3,3179,,,,,,,
776,20230211,アランマーレ,大野石油,19,19,*,a,アタック,3,川口,1,3,3179,,,,,,,
777,20230211,アランマーレ,大野石油,19,19,*,a,アタック成功,3,川口,2,3,3179,,,,,,,
778,20230211,アランマーレ,大野石油,19,20,a,a,,,,2,3,3179,得点,,,,,,
779,20230211,アランマーレ,大野石油,19,20,a,*,,,,0,3,3179,,,IN:13,加藤(彩),OUT:14,鈴木(音),
780,20230211,アランマーレ,大野石油,19,20,a,a,サーブ,3,川口,0,3,3179,,,,,,,
781,20230211,アランマーレ,大野石油,19,20,a,*,レシーブ成功(優),13,加藤(彩),1,3,3179,,,,,,,
782,20230211,アランマーレ,大野石油,19,20,a,*,アタック成功,11,末永,1,3,3179,,,,,,,
783,20230211,アランマーレ,大野石油,20,20,*,*,,,,1,3,3179,得点,,,,,,
784,20230211,アランマーレ,大野石油,20,20,*,*,サーブ,11,末永,0,3,3179,,,,,,,
785,20230211,アランマーレ,大野石油,20,20,*,a,レシーブ失敗,10,岡田,1,3,3179,,,,,,,
786,20230211,アランマーレ,大野石油,20,20,*,*,アタック成功,9,加藤(優),1,3,3179,,,,,,,
787,20230211,アランマーレ,大野石油,21,20,*,*,,,,1,3,3179,得点,,,,,,
788,20230211,アランマーレ,大野石油,21,20,*,a,,,,0,3,3179,,タイムアウト,,,,,
789,20230211,アランマーレ,大野石油,21,20,*,*,サーブミス,11,末永,0,3,3179,,,,,,,
790,20230211,アランマーレ,大野石油,21,21,a,a,,,,0,3,3179,得点,,,,,,
791,20230211,アランマーレ,大野石油,21,21,a,a,サーブ,1,新谷,0,3,3179,,,,,,,
792,20230211,アランマーレ,大野石油,21,21,a,*,レシーブ失敗,4,小澤,1,3,3179,,,,,,,
793,20230211,アランマーレ,大野石油,21,21,a,*,アタック成功,9,加藤(優),1,3,3179,,,,,,,
794,20230211,アランマーレ,大野石油,22,21,*,*,,,,1,3,3179,得点,,,,,,
795,20230211,アランマーレ,大野石油,22,21,*,*,サーブ,9,加藤(優),0,3,3179,,,,,,,
796,20230211,アランマーレ,大野石油,22,21,*,a,レシーブ成功(良),12,入江,1,3,3179,,,,,,,
797,20230211,アランマーレ,大野石油,22,21,*,a,アタック,12,入江,1,3,3179,,,,,,,
798,20230211,アランマーレ,大野石油,22,21,*,*,アタック,16,柳下,2,3,3179,,,,,,,
799,20230211,アランマーレ,大野石油,22,21,*,a,アタック成功,4,浜崎,3,3,3179,,,,,,,
800,20230211,アランマーレ,大野石油,22,22,a,a,,,,3,3,3179,得点,,,,,,
801,20230211,アランマーレ,大野石油,22,22,a,a,サーブ,4,浜崎,0,3,3179,,,,,,,
802,20230211,アランマーレ,大野石油,22,22,a,*,レシーブ成功(優),13,加藤(彩),1,3,3179,,,,,,,
803,20230211,アランマーレ,大野石油,22,22,a,*,アタック,16,柳下,1,3,3179,,,,,,,
804,20230211,アランマーレ,大野石油,22,22,a,a,アタック成功,12,入江,2,3,3179,,,,,,,
805,20230211,アランマーレ,大野石油,22,23,a,a,,,,2,3,3179,得点,,,,,,
806,20230211,アランマーレ,大野石油,22,23,a,a,サーブ,4,浜崎,0,3,3179,,,,,,,
807,20230211,アランマーレ,大野石油,22,23,a,*,レシーブ成功(良),4,小澤,1,3,3179,,,,,,,
808,20230211,アランマーレ,大野石油,22,23,a,*,アタック,16,柳下,1,3,3179,,,,,,,
809,20230211,アランマーレ,大野石油,22,23,a,a,アタック,16,和田,2,3,3179,,,,,,,
810,20230211,アランマーレ,大野石油,22,23,a,*,アタック,16,柳下,3,3,3179,,,,,,,
811,20230211,アランマーレ,大野石油,22,23,a,a,アタック,12,入江,4,3,3179,,,,,,,
812,20230211,アランマーレ,大野石油,22,23,a,a,アタック,12,入江,5,3,3179,,,,,,,
813,20230211,アランマーレ,大野石油,22,23,a,*,アタック,4,小澤,6,3,3179,,,,,,,
814,20230211,アランマーレ,大野石油,22,23,a,*,アタック,16,柳下,7,3,3179,,,,,,,
815,20230211,アランマーレ,大野石油,22,23,a,*,アタック成功,16,柳下,8,3,3179,,,,,,,
816,20230211,アランマーレ,大野石油,23,23,*,*,,,,8,3,3179,得点,,,,,,
817,20230211,アランマーレ,大野石油,23,23,*,*,サーブ,16,柳下,0,3,3179,,,,,,,
818,20230211,アランマーレ,大野石油,23,23,*,a,レシーブ成功(優),3,川口,1,3,3179,,,,,,,
819,20230211,アランマーレ,大野石油,23,23,*,a,アタック成功,12,入江,1,3,3179,,,,,,,
820,20230211,アランマーレ,大野石油,23,24,a,a,,,,1,3,3179,得点,,,,,,
821,20230211,アランマーレ,大野石油,23,24,a,a,サーブ,12,入江,0,3,3179,,,,,,,
822,20230211,アランマーレ,大野石油,23,24,a,*,レシーブ成功(優),5,佐藤,1,3,3179,,,,,,,
823,20230211,アランマーレ,大野石油,23,24,a,*,アタック成功,7,大貫,1,3,3179,,,,,,,
824,20230211,アランマーレ,大野石油,24,24,*,*,,,,1,3,3179,得点,,,,,,
825,20230211,アランマーレ,大野石油,24,24,*,*,サーブ,7,大貫,0,3,3179,,,,,,,
826,20230211,アランマーレ,大野石油,24,24,*,a,レシーブ成功(優),10,岡田,1,3,3179,,,,,,,
827,20230211,アランマーレ,大野石油,24,24,*,a,アタック,3,川口,1,3,3179,,,,,,,
828,20230211,アランマーレ,大野石油,24,24,*,*,アタック失敗,11,末永,2,3,3179,,,,,,,
829,20230211,アランマーレ,大野石油,24,25,a,a,,,,2,3,3179,得点,,,,,,
830,20230211,アランマーレ,大野石油,24,25,a,a,サーブ,16,和田,0,3,3179,,,,,,,
831,20230211,アランマーレ,大野石油,24,25,a,*,レシーブ成功(優),5,佐藤,1,3,3179,,,,,,,
832,20230211,アランマーレ,大野石油,24,25,a,*,アタック成功,11,末永,1,3,3179,,,,,,,
833,20230211,アランマーレ,大野石油,25,25,*,*,,,,1,3,3179,得点,,,,,,
834,20230211,アランマーレ,大野石油,25,25,*,*,サーブ,4,小澤,0,3,3179,,,,,,,
835,20230211,アランマーレ,大野石油,25,25,*,a,レシーブ成功(良),12,入江,1,3,3179,,,,,,,
836,20230211,アランマーレ,大野石油,25,25,*,a,アタック,3,川口,1,3,3179,,,,,,,
837,20230211,アランマーレ,大野石油,25,25,*,*,アタック成功,13,加藤(彩),2,3,3179,,,,,,,
838,20230211,アランマーレ,大野石油,26,25,*,*,,,,2,3,3179,得点,,,,,,
839,20230211,アランマーレ,大野石油,26,25,*,*,サーブ,4,小澤,0,3,3179,,,,,,,
840,20230211,アランマーレ,大野石油,26,25,*,a,レシーブ成功(優),12,入江,1,3,3179,,,,,,,
841,20230211,アランマーレ,大野石油,26,25,*,a,アタック,3,川口,1,3,3179,,,,,,,
842,20230211,アランマーレ,大野石油,26,25,*,*,アタック,11,末永,2,3,3179,,,,,,,
843,20230211,アランマーレ,大野石油,26,25,*,a,アタック,3,川口,3,3,3179,,,,,,,
844,20230211,アランマーレ,大野石油,26,25,*,a,アタック成功,3,川口,4,3,3179,,,,,,,
845,20230211,アランマーレ,大野石油,26,26,a,a,,,,4,3,3179,得点,,,,,,
846,20230211,アランマーレ,大野石油,26,26,a,a,サーブ,6,向井,0,3,3179,,,,,,,
847,20230211,アランマーレ,大野石油,26,26,a,*,レシーブ失敗,4,小澤,1,3,3179,,,,,,,
848,20230211,アランマーレ,大野石油,26,26,a,*,アタック,11,末永,1,3,3179,,,,,,,
849,20230211,アランマーレ,大野石油,26,26,a,a,アタック成功,3,川口,2,3,3179,,,,,,,
850,20230211,アランマーレ,大野石油,26,27,a,a,,,,2,3,3179,得点,,,,,,
851,20230211,アランマーレ,大野石油,26,27,a,a,サーブ,6,向井,0,3,3179,,,,,,,
852,20230211,アランマーレ,大野石油,26,27,a,*,レシーブ成功(優),5,佐藤,1,3,3179,,,,,,,
853,20230211,アランマーレ,大野石油,26,27,a,*,アタック,11,末永,1,3,3179,,,,,,,
854,20230211,アランマーレ,大野石油,26,27,a,a,ブロック成功,3,川口,2,3,3179,,,,,,,
855,20230211,アランマーレ,大野石油,26,28,a,a,,,,2,3,3179,得点,,,,,,
856,20230211,アランマーレ,大野石油,0,0,*,*,サーブ,4,小澤,0,4,3179,,,,,,,
857,20230211,アランマーレ,大野石油,0,0,*,a,レシーブ失敗,4,浜崎,1,4,3179,,,,,,,
858,20230211,アランマーレ,大野石油,0,0,*,a,アタック,12,入江,1,4,3179,,,,,,,
859,20230211,アランマーレ,大野石油,0,0,*,*,アタック成功,16,柳下,2,4,3179,,,,,,,
860,20230211,アランマーレ,大野石油,1,0,*,*,,,,2,4,3179,得点,,,,,,
861,20230211,アランマーレ,大野石油,1,0,*,*,サーブ,4,小澤,0,4,3179,,,,,,,
862,20230211,アランマーレ,大野石油,1,0,*,a,レシーブ成功(優),10,岡田,1,4,3179,,,,,,,
863,20230211,アランマーレ,大野石油,1,0,*,a,アタック,1,新谷,1,4,3179,,,,,,,
864,20230211,アランマーレ,大野石油,1,0,*,*,アタック成功,9,加藤(優),2,4,3179,,,,,,,
865,20230211,アランマーレ,大野石油,2,0,*,*,,,,2,4,3179,得点,,,,,,
866,20230211,アランマーレ,大野石油,2,0,*,*,サーブ,4,小澤,0,4,3179,,,,,,,
867,20230211,アランマーレ,大野石油,2,0,*,a,レシーブ成功(優),10,岡田,1,4,3179,,,,,,,
868,20230211,アランマーレ,大野石油,2,0,*,a,アタック成功,12,入江,1,4,3179,,,,,,,
869,20230211,アランマーレ,大野石油,2,1,a,a,,,,1,4,3179,得点,,,,,,
870,20230211,アランマーレ,大野石油,2,1,a,a,サーブ,1,新谷,0,4,3179,,,,,,,
871,20230211,アランマーレ,大野石油,2,1,a,*,レシーブ失敗,13,加藤(彩),1,4,3179,,,,,,,
872,20230211,アランマーレ,大野石油,2,1,a,a,アタック成功,4,浜崎,1,4,3179,,,,,,,
873,20230211,アランマーレ,大野石油,2,2,a,a,,,,1,4,3179,得点,,,,,,
874,20230211,アランマーレ,大野石油,2,2,a,a,サーブ,1,新谷,0,4,3179,,,,,,,
875,20230211,アランマーレ,大野石油,2,2,a,*,レシーブ成功(優),13,加藤(彩),1,4,3179,,,,,,,
876,20230211,アランマーレ,大野石油,2,2,a,*,アタック,16,柳下,1,4,3179,,,,,,,
877,20230211,アランマーレ,大野石油,2,2,a,*,アタック,16,柳下,2,4,3179,,,,,,,
878,20230211,アランマーレ,大野石油,2,2,a,*,アタック,16,柳下,3,4,3179,,,,,,,
879,20230211,アランマーレ,大野石油,2,2,a,*,アタック,16,柳下,4,4,3179,,,,,,,
880,20230211,アランマーレ,大野石油,2,2,a,a,アタック,12,入江,5,4,3179,,,,,,,
881,20230211,アランマーレ,大野石油,2,2,a,a,アタック成功,12,入江,6,4,3179,,,,,,,
882,20230211,アランマーレ,大野石油,2,3,a,a,,,,6,4,3179,得点,,,,,,
883,20230211,アランマーレ,大野石油,2,3,a,a,サーブ,1,新谷,0,4,3179,,,,,,,
884,20230211,アランマーレ,大野石油,2,3,a,*,レシーブ成功(優),13,加藤(彩),1,4,3179,,,,,,,
885,20230211,アランマーレ,大野石油,2,3,a,*,アタック成功,11,末永,1,4,3179,,,,,,,
886,20230211,アランマーレ,大野石油,3,3,*,*,,,,1,4,3179,得点,,,,,,
887,20230211,アランマーレ,大野石油,3,3,*,*,サーブ,11,末永,0,4,3179,,,,,,,
888,20230211,アランマーレ,大野石油,3,3,*,a,レシーブ成功(優),3,川口,1,4,3179,,,,,,,
889,20230211,アランマーレ,大野石油,3,3,*,a,アタック成功,4,浜崎,1,4,3179,,,,,,,
890,20230211,アランマーレ,大野石油,3,4,a,a,,,,1,4,3179,得点,,,,,,
891,20230211,アランマーレ,大野石油,3,4,a,a,サーブ,4,浜崎,0,4,3179,,,,,,,
892,20230211,アランマーレ,大野石油,3,4,a,*,レシーブ成功(優),13,加藤(彩),1,4,3179,,,,,,,
893,20230211,アランマーレ,大野石油,3,4,a,*,アタック,3,宮田,1,4,3179,,,,,,,
894,20230211,アランマーレ,大野石油,3,4,a,a,アタック,16,和田,2,4,3179,,,,,,,
895,20230211,アランマーレ,大野石油,3,4,a,*,アタック,16,柳下,3,4,3179,,,,,,,
896,20230211,アランマーレ,大野石油,3,4,a,a,アタック,12,入江,4,4,3179,,,,,,,
897,20230211,アランマーレ,大野石油,3,4,a,a,アタック,16,和田,5,4,3179,,,,,,,
898,20230211,アランマーレ,大野石油,3,4,a,*,アタック失敗,3,宮田,6,4,3179,,,,,,,
899,20230211,アランマーレ,大野石油,3,5,a,a,,,,6,4,3179,得点,,,,,,
900,20230211,アランマーレ,大野石油,3,5,a,a,サーブ,4,浜崎,0,4,3179,,,,,,,
901,20230211,アランマーレ,大野石油,3,5,a,*,レシーブ成功(良),13,加藤(彩),1,4,3179,,,,,,,
902,20230211,アランマーレ,大野石油,3,5,a,*,アタック,16,柳下,1,4,3179,,,,,,,
903,20230211,アランマーレ,大野石油,3,5,a,a,アタック,16,和田,2,4,3179,,,,,,,
904,20230211,アランマーレ,大野石油,3,5,a,*,アタック成功,16,柳下,3,4,3179,,,,,,,
905,20230211,アランマーレ,大野石油,4,5,*,*,,,,3,4,3179,得点,,,,,,
906,20230211,アランマーレ,大野石油,4,5,*,*,サーブ,9,加藤(優),0,4,3179,,,,,,,
907,20230211,アランマーレ,大野石油,4,5,*,a,レシーブ成功(良),10,岡田,1,4,3179,,,,,,,
908,20230211,アランマーレ,大野石油,4,5,*,a,アタック,12,入江,1,4,3179,,,,,,,
909,20230211,アランマーレ,大野石油,4,5,*,*,アタック,3,宮田,2,4,3179,,,,,,,
910,20230211,アランマーレ,大野石油,4,5,*,a,アタック,12,入江,3,4,3179,,,,,,,
911,20230211,アランマーレ,大野石油,4,5,*,*,アタック,13,加藤(彩),4,4,3179,,,,,,,
912,20230211,アランマーレ,大野石油,4,5,*,*,アタック,3,宮田,5,4,3179,,,,,,,
913,20230211,アランマーレ,大野石油,4,5,*,a,アタック,12,入江,6,4,3179,,,,,,,
914,20230211,アランマーレ,大野石油,4,5,*,*,アタック,16,柳下,7,4,3179,,,,,,,
915,20230211,アランマーレ,大野石油,4,5,*,a,アタック成功,16,和田,8,4,3179,,,,,,,
916,20230211,アランマーレ,大野石油,4,6,a,a,,,,8,4,3179,得点,,,,,,
917,20230211,アランマーレ,大野石油,4,6,a,a,サーブ,12,入江,0,4,3179,,,,,,,
918,20230211,アランマーレ,大野石油,4,6,a,*,レシーブ失敗,13,加藤(彩),1,4,3179,,,,,,,
919,20230211,アランマーレ,大野石油,4,6,a,*,アタック,3,宮田,1,4,3179,,,,,,,
920,20230211,アランマーレ,大野石油,4,6,a,a,アタック,3,川口,2,4,3179,,,,,,,
921,20230211,アランマーレ,大野石油,4,6,a,*,アタック成功,13,加藤(彩),3,4,3179,,,,,,,
922,20230211,アランマーレ,大野石油,5,6,*,*,,,,3,4,3179,得点,,,,,,
923,20230211,アランマーレ,大野石油,5,6,*,*,サーブ,16,柳下,0,4,3179,,,,,,,
924,20230211,アランマーレ,大野石油,5,6,*,a,レシーブ成功(優),10,岡田,1,4,3179,,,,,,,
925,20230211,アランマーレ,大野石油,5,6,*,a,アタック成功,3,川口,1,4,3179,,,,,,,
926,20230211,アランマーレ,大野石油,5,7,a,a,,,,1,4,3179,得点,,,,,,
927,20230211,アランマーレ,大野石油,5,7,a,a,サーブ,16,和田,0,4,3179,,,,,,,
928,20230211,アランマーレ,大野石油,5,7,a,*,レシーブ成功(良),16,柳下,1,4,3179,,,,,,,
929,20230211,アランマーレ,大野石油,5,7,a,*,アタック成功,13,加藤(彩),1,4,3179,,,,,,,
930,20230211,アランマーレ,大野石油,6,7,*,*,,,,1,4,3179,得点,,,,,,
931,20230211,アランマーレ,大野石油,6,7,*,*,サーブ,3,宮田,0,4,3179,,,,,,,
932,20230211,アランマーレ,大野石油,6,7,*,a,レシーブ失敗,12,入江,1,4,3179,,,,,,,
933,20230211,アランマーレ,大野石油,6,7,*,a,アタック,1,新谷,1,4,3179,,,,,,,
934,20230211,アランマーレ,大野石油,6,7,*,*,アタック,13,加藤(彩),2,4,3179,,,,,,,
935,20230211,アランマーレ,大野石油,6,7,*,a,アタック,3,川口,3,4,3179,,,,,,,
936,20230211,アランマーレ,大野石油,6,7,*,*,アタック,4,小澤,4,4,3179,,,,,,,
937,20230211,アランマーレ,大野石油,6,7,*,*,アタック,11,末永,5,4,3179,,,,,,,
938,20230211,アランマーレ,大野石油,6,7,*,a,アタック成功,3,川口,6,4,3179,,,,,,,
939,20230211,アランマーレ,大野石油,6,8,a,a,,,,6,4,3179,得点,,,,,,
940,20230211,アランマーレ,大野石油,6,8,a,a,サーブ,6,向井,0,4,3179,,,,,,,
941,20230211,アランマーレ,大野石油,6,8,a,*,レシーブ成功(良),4,小澤,1,4,3179,,,,,,,
942,20230211,アランマーレ,大野石油,6,8,a,*,アタック,13,加藤(彩),1,4,3179,,,,,,,
943,20230211,アランマーレ,大野石油,6,8,a,a,アタック,1,新谷,2,4,3179,,,,,,,
944,20230211,アランマーレ,大野石油,6,8,a,*,アタック,11,末永,3,4,3179,,,,,,,
945,20230211,アランマーレ,大野石油,6,8,a,*,アタック,13,加藤(彩),4,4,3179,,,,,,,
946,20230211,アランマーレ,大野石油,6,8,a,a,アタック,3,川口,5,4,3179,,,,,,,
947,20230211,アランマーレ,大野石油,6,8,a,*,アタック成功,4,小澤,6,4,3179,,,,,,,
948,20230211,アランマーレ,大野石油,7,8,*,*,,,,6,4,3179,得点,,,,,,
949,20230211,アランマーレ,大野石油,7,8,*,*,サーブ,13,加藤(彩),0,4,3179,,,,,,,
950,20230211,アランマーレ,大野石油,7,8,*,a,レシーブ成功(優),12,入江,1,4,3179,,,,,,,
951,20230211,アランマーレ,大野石油,7,8,*,a,アタック,3,川口,1,4,3179,,,,,,,
952,20230211,アランマーレ,大野石油,7,8,*,*,アタック成功,11,末永,2,4,3179,,,,,,,
953,20230211,アランマーレ,大野石油,8,8,*,*,,,,2,4,3179,得点,,,,,,
954,20230211,アランマーレ,大野石油,8,8,*,*,サーブ,13,加藤(彩),0,4,3179,,,,,,,
955,20230211,アランマーレ,大野石油,8,8,*,a,レシーブ成功(優),10,岡田,1,4,3179,,,,,,,
956,20230211,アランマーレ,大野石油,8,8,*,a,アタック成功,4,浜崎,1,4,3179,,,,,,,
957,20230211,アランマーレ,大野石油,8,9,a,a,,,,1,4,3179,得点,,,,,,
958,20230211,アランマーレ,大野石油,8,9,a,a,サーブ,3,川口,0,4,3179,,,,,,,
959,20230211,アランマーレ,大野石油,8,9,a,*,レシーブ成功(優),5,佐藤,1,4,3179,,,,,,,
960,20230211,アランマーレ,大野石油,8,9,a,*,アタック成功,11,末永,1,4,3179,,,,,,,
961,20230211,アランマーレ,大野石油,9,9,*,*,,,,1,4,3179,得点,,,,,,
962,20230211,アランマーレ,大野石油,9,9,*,*,サーブ,4,小澤,0,4,3179,,,,,,,
963,20230211,アランマーレ,大野石油,9,9,*,a,レシーブ成功(優),10,岡田,1,4,3179,,,,,,,
964,20230211,アランマーレ,大野石油,9,9,*,a,アタック,12,入江,1,4,3179,,,,,,,
965,20230211,アランマーレ,大野石油,9,9,*,*,アタック,16,柳下,2,4,3179,,,,,,,
966,20230211,アランマーレ,大野石油,9,9,*,a,その他ミス,4,浜崎,3,4,3179,,,,,,,
967,20230211,アランマーレ,大野石油,10,9,*,*,,,,3,4,3179,得点,,,,,,
968,20230211,アランマーレ,大野石油,10,9,*,*,サービスエース,4,小澤,0,4,3179,,,,,,,
969,20230211,アランマーレ,大野石油,10,9,*,a,レシーブ失敗,3,川口,0,4,3179,,,,,,,
970,20230211,アランマーレ,大野石油,11,9,*,*,,,,0,4,3179,得点,,,,,,
971,20230211,アランマーレ,大野石油,11,9,*,*,サーブ,4,小澤,0,4,3179,,,,,,,
972,20230211,アランマーレ,大野石油,11,9,*,a,レシーブ成功(優),10,岡田,1,4,3179,,,,,,,
973,20230211,アランマーレ,大野石油,11,9,*,a,アタック成功,4,浜崎,1,4,3179,,,,,,,
974,20230211,アランマーレ,大野石油,11,10,a,a,,,,1,4,3179,得点,,,,,,
975,20230211,アランマーレ,大野石油,11,10,a,a,サーブ,1,新谷,0,4,3179,,,,,,,
976,20230211,アランマーレ,大野石油,11,10,a,*,レシーブ成功(良),4,小澤,1,4,3179,,,,,,,
977,20230211,アランマーレ,大野石油,11,10,a,*,アタック成功,16,柳下,1,4,3179,,,,,,,
978,20230211,アランマーレ,大野石油,12,10,*,*,,,,1,4,3179,得点,,,,,,
979,20230211,アランマーレ,大野石油,12,10,*,*,,,,0,4,3179,,,IN:6,清和,OUT:11,末永,
980,20230211,アランマーレ,大野石油,12,10,*,*,サーブ,6,清和,0,4,3179,,,,,,,
981,20230211,アランマーレ,大野石油,12,10,*,a,レシーブ成功(優),12,入江,1,4,3179,,,,,,,
982,20230211,アランマーレ,大野石油,12,10,*,a,アタック,12,入江,1,4,3179,,,,,,,
983,20230211,アランマーレ,大野石油,12,10,*,*,ブロック成功,9,加藤(優),2,4,3179,,,,,,,
984,20230211,アランマーレ,大野石油,13,10,*,*,,,,2,4,3179,得点,,,,,,
985,20230211,アランマーレ,大野石油,13,10,*,*,サーブ,6,清和,0,4,3179,,,,,,,
986,20230211,アランマーレ,大野石油,13,10,*,a,レシーブ失敗,3,川口,1,4,3179,,,,,,,
987,20230211,アランマーレ,大野石油,13,10,*,a,アタック,4,浜崎,1,4,3179,,,,,,,
988,20230211,アランマーレ,大野石油,13,10,*,*,アタック,3,宮田,2,4,3179,,,,,,,
989,20230211,アランマーレ,大野石油,13,10,*,a,アタック,12,入江,3,4,3179,,,,,,,
990,20230211,アランマーレ,大野石油,13,10,*,*,アタック,3,宮田,4,4,3179,,,,,,,
991,20230211,アランマーレ,大野石油,13,10,*,a,アタック成功,12,入江,5,4,3179,,,,,,,
992,20230211,アランマーレ,大野石油,13,11,a,a,,,,5,4,3179,得点,,,,,,
993,20230211,アランマーレ,大野石油,13,11,a,a,サービスエース,4,浜崎,0,4,3179,,,,,,,
994,20230211,アランマーレ,大野石油,13,11,a,*,レシーブ失敗,4,小澤,0,4,3179,,,,,,,
995,20230211,アランマーレ,大野石油,13,12,a,a,,,,0,4,3179,得点,,,,,,
996,20230211,アランマーレ,大野石油,13,12,a,a,サーブ,4,浜崎,0,4,3179,,,,,,,
997,20230211,アランマーレ,大野石油,13,12,a,*,レシーブ成功(優),16,柳下,1,4,3179,,,,,,,
998,20230211,アランマーレ,大野石油,13,12,a,*,アタック成功,16,柳下,1,4,3179,,,,,,,
999,20230211,アランマーレ,大野石油,14,12,*,*,,,,1,4,3179,得点,,,,,,
1000,20230211,アランマーレ,大野石油,14,12,*,*,サーブ,9,加藤(優),0,4,3179,,,,,,,
1001,20230211,アランマーレ,大野石油,14,12,*,a,レシーブ失敗,12,入江,1,4,3179,,,,,,,
1002,20230211,アランマーレ,大野石油,14,12,*,a,アタック成功,12,入江,1,4,3179,,,,,,,
1003,20230211,アランマーレ,大野石油,14,13,a,a,,,,1,4,3179,得点,,,,,,
1004,20230211,アランマーレ,大野石油,14,13,a,a,サーブ,12,入江,0,4,3179,,,,,,,
1005,20230211,アランマーレ,大野石油,14,13,a,*,レシーブ成功(優),6,清和,1,4,3179,,,,,,,
1006,20230211,アランマーレ,大野石油,14,13,a,*,アタック,3,宮田,1,4,3179,,,,,,,
1007,20230211,アランマーレ,大野石油,14,13,a,a,アタック,3,川口,2,4,3179,,,,,,,
1008,20230211,アランマーレ,大野石油,14,13,a,a,アタック成功,3,川口,3,4,3179,,,,,,,
1009,20230211,アランマーレ,大野石油,14,14,a,a,,,,3,4,3179,得点,,,,,,
1010,20230211,アランマーレ,大野石油,14,14,a,*,,,,0,4,3179,,タイムアウト,,,,,
1011,20230211,アランマーレ,大野石油,14,14,a,a,サーブ,12,入江,0,4,3179,,,,,,,
1012,20230211,アランマーレ,大野石油,14,14,a,*,レシーブ失敗,4,小澤,1,4,3179,,,,,,,
1013,20230211,アランマーレ,大野石油,14,14,a,*,アタック成功,13,加藤(彩),1,4,3179,,,,,,,
1014,20230211,アランマーレ,大野石油,15,14,*,*,,,,1,4,3179,得点,,,,,,
1015,20230211,アランマーレ,大野石油,15,14,*,*,サーブミス,16,柳下,0,4,3179,,,,,,,
1016,20230211,アランマーレ,大野石油,15,15,a,a,,,,0,4,3179,得点,,,,,,
1017,20230211,アランマーレ,大野石油,15,15,a,a,サーブ,16,和田,0,4,3179,,,,,,,
1018,20230211,アランマーレ,大野石油,15,15,a,*,レシーブ成功(優),16,柳下,1,4,3179,,,,,,,
1019,20230211,アランマーレ,大野石油,15,15,a,*,アタック成功,13,加藤(彩),1,4,3179,,,,,,,
1020,20230211,アランマーレ,大野石油,15,15,a,a,,,,1,4,3179,,,,,,,チャレンジ失敗
1021,20230211,アランマーレ,大野石油,16,15,*,*,,,,1,4,3179,得点,,,,,,
1022,20230211,アランマーレ,大野石油,16,15,*,*,,,,0,4,3179,,,IN:11,末永,OUT:6,清和,
1023,20230211,アランマーレ,大野石油,16,15,*,*,サーブ,3,宮田,0,4,3179,,,,,,,
1024,20230211,アランマーレ,大野石油,16,15,*,a,レシーブ成功(優),10,岡田,1,4,3179,,,,,,,
1025,20230211,アランマーレ,大野石油,16,15,*,a,アタック,1,新谷,1,4,3179,,,,,,,
1026,20230211,アランマーレ,大野石油,16,15,*,*,アタック,13,加藤(彩),2,4,3179,,,,,,,
1027,20230211,アランマーレ,大野石油,16,15,*,*,アタック,13,加藤(彩),3,4,3179,,,,,,,
1028,20230211,アランマーレ,大野石油,16,15,*,*,アタック,13,加藤(彩),4,4,3179,,,,,,,
1029,20230211,アランマーレ,大野石油,16,15,*,*,アタック,11,末永,5,4,3179,,,,,,,
1030,20230211,アランマーレ,大野石油,16,15,*,a,アタック,3,川口,6,4,3179,,,,,,,
1031,20230211,アランマーレ,大野石油,16,15,*,*,アタック,4,小澤,7,4,3179,,,,,,,
1032,20230211,アランマーレ,大野石油,16,15,*,a,アタック成功,3,川口,8,4,3179,,,,,,,
1033,20230211,アランマーレ,大野石油,16,16,a,a,,,,8,4,3179,得点,,,,,,
1034,20230211,アランマーレ,大野石油,16,16,a,a,サーブ,6,向井,0,4,3179,,,,,,,
1035,20230211,アランマーレ,大野石油,16,16,a,*,レシーブ成功(良),16,柳下,1,4,3179,,,,,,,
1036,20230211,アランマーレ,大野石油,16,16,a,*,アタック,13,加藤(彩),1,4,3179,,,,,,,
1037,20230211,アランマーレ,大野石油,16,16,a,a,アタック,4,浜崎,2,4,3179,,,,,,,
1038,20230211,アランマーレ,大野石油,16,16,a,*,アタック成功,13,加藤(彩),3,4,3179,,,,,,,
1039,20230211,アランマーレ,大野石油,17,16,*,*,,,,3,4,3179,得点,,,,,,
1040,20230211,アランマーレ,大野石油,17,16,*,*,サーブ,13,加藤(彩),0,4,3179,,,,,,,
1041,20230211,アランマーレ,大野石油,17,16,*,a,レシーブ成功(優),12,入江,1,4,3179,,,,,,,
1042,20230211,アランマーレ,大野石油,17,16,*,a,アタック成功,4,浜崎,1,4,3179,,,,,,,
1043,20230211,アランマーレ,大野石油,17,17,a,a,,,,1,4,3179,得点,,,,,,
1044,20230211,アランマーレ,大野石油,17,17,a,a,,,,0,4,3179,,,IN:11,中條,OUT:3,川口,
1045,20230211,アランマーレ,大野石油,17,17,a,a,サーブ,11,中條,0,4,3179,,,,,,,
1046,20230211,アランマーレ,大野石油,17,17,a,*,レシーブ失敗,4,小澤,1,4,3179,,,,,,,
1047,20230211,アランマーレ,大野石油,17,17,a,*,アタック,4,小澤,1,4,3179,,,,,,,
1048,20230211,アランマーレ,大野石油,17,17,a,*,アタック成功,11,末永,2,4,3179,,,,,,,
1049,20230211,アランマーレ,大野石油,18,17,*,*,,,,2,4,3179,得点,,,,,,
1050,20230211,アランマーレ,大野石油,18,17,*,*,サーブ,4,小澤,0,4,3179,,,,,,,
1051,20230211,アランマーレ,大野石油,18,17,*,a,レシーブ成功(優),10,岡田,1,4,3179,,,,,,,
1052,20230211,アランマーレ,大野石油,18,17,*,a,アタック,12,入江,1,4,3179,,,,,,,
1053,20230211,アランマーレ,大野石油,18,17,*,a,アタック成功,12,入江,2,4,3179,,,,,,,
1054,20230211,アランマーレ,大野石油,18,18,a,a,,,,2,4,3179,得点,,,,,,
1055,20230211,アランマーレ,大野石油,18,18,a,a,サーブ,1,新谷,0,4,3179,,,,,,,
1056,20230211,アランマーレ,大野石油,18,18,a,*,レシーブ成功(良),13,加藤(彩),1,4,3179,,,,,,,
1057,20230211,アランマーレ,大野石油,18,18,a,*,アタック,16,柳下,1,4,3179,,,,,,,
1058,20230211,アランマーレ,大野石油,18,18,a,*,アタック失敗,11,末永,2,4,3179,,,,,,,
1059,20230211,アランマーレ,大野石油,18,19,a,a,,,,2,4,3179,得点,,,,,,
1060,20230211,アランマーレ,大野石油,18,19,a,a,サーブ,1,新谷,0,4,3179,,,,,,,
1061,20230211,アランマーレ,大野石油,18,19,a,*,レシーブ成功(優),13,加藤(彩),1,4,3179,,,,,,,
1062,20230211,アランマーレ,大野石油,18,19,a,*,アタック,16,柳下,1,4,3179,,,,,,,
1063,20230211,アランマーレ,大野石油,18,19,a,a,アタック,12,入江,2,4,3179,,,,,,,
1064,20230211,アランマーレ,大野石油,18,19,a,*,アタック成功,16,柳下,3,4,3179,,,,,,,
1065,20230211,アランマーレ,大野石油,19,19,*,*,,,,3,4,3179,得点,,,,,,
1066,20230211,アランマーレ,大野石油,19,19,*,*,サーブ,11,末永,0,4,3179,,,,,,,
1067,20230211,アランマーレ,大野石油,19,19,*,a,レシーブ失敗,12,入江,1,4,3179,,,,,,,
1068,20230211,アランマーレ,大野石油,19,19,*,a,アタック,12,入江,1,4,3179,,,,,,,
1069,20230211,アランマーレ,大野石油,19,19,*,*,ブロック成功,3,宮田,2,4,3179,,,,,,,
1070,20230211,アランマーレ,大野石油,20,19,*,*,,,,2,4,3179,得点,,,,,,
1071,20230211,アランマーレ,大野石油,20,19,*,a,,,,0,4,3179,,タイムアウト,,,,,
1072,20230211,アランマーレ,大野石油,20,19,*,*,サーブ,11,末永,0,4,3179,,,,,,,
1073,20230211,アランマーレ,大野石油,20,19,*,a,レシーブ成功(優),12,入江,1,4,3179,,,,,,,
1074,20230211,アランマーレ,大野石油,20,19,*,a,アタック成功,12,入江,1,4,3179,,,,,,,
1075,20230211,アランマーレ,大野石油,20,20,a,a,,,,1,4,3179,得点,,,,,,
1076,20230211,アランマーレ,大野石油,20,20,a,a,サーブ,4,浜崎,0,4,3179,,,,,,,
1077,20230211,アランマーレ,大野石油,20,20,a,*,レシーブ成功(優),13,加藤(彩),1,4,3179,,,,,,,
1078,20230211,アランマーレ,大野石油,20,20,a,*,アタック,16,柳下,1,4,3179,,,,,,,
1079,20230211,アランマーレ,大野石油,20,20,a,*,アタック失敗,16,柳下,2,4,3179,,,,,,,
1080,20230211,アランマーレ,大野石油,20,21,a,a,,,,2,4,3179,得点,,,,,,
1081,20230211,アランマーレ,大野石油,20,21,a,a,サーブ,4,浜崎,0,4,3179,,,,,,,
1082,20230211,アランマーレ,大野石油,20,21,a,*,レシーブ失敗,16,柳下,1,4,3179,,,,,,,
1083,20230211,アランマーレ,大野石油,20,21,a,*,アタック,16,柳下,1,4,3179,,,,,,,
1084,20230211,アランマーレ,大野石油,20,21,a,a,アタック,12,入江,2,4,3179,,,,,,,
1085,20230211,アランマーレ,大野石油,20,21,a,*,アタック失敗,3,宮田,3,4,3179,,,,,,,
1086,20230211,アランマーレ,大野石油,20,22,a,a,,,,3,4,3179,得点,,,,,,
1087,20230211,アランマーレ,大野石油,20,22,a,a,サーブ,4,浜崎,0,4,3179,,,,,,,
1088,20230211,アランマーレ,大野石油,20,22,a,*,レシーブ成功(優),4,小澤,1,4,3179,,,,,,,
1089,20230211,アランマーレ,大野石油,20,22,a,*,アタック,16,柳下,1,4,3179,,,,,,,
1090,20230211,アランマーレ,大野石油,20,22,a,a,アタック成功,12,入江,2,4,3179,,,,,,,
1091,20230211,アランマーレ,大野石油,20,23,a,a,,,,2,4,3179,得点,,,,,,
1092,20230211,アランマーレ,大野石油,20,23,a,*,,,,0,4,3179,,タイムアウト,,,,,
1093,20230211,アランマーレ,大野石油,20,23,a,a,サーブ,4,浜崎,0,4,3179,,,,,,,
1094,20230211,アランマーレ,大野石油,20,23,a,*,レシーブ成功(良),4,小澤,1,4,3179,,,,,,,
1095,20230211,アランマーレ,大野石油,20,23,a,*,アタック,16,柳下,1,4,3179,,,,,,,
1096,20230211,アランマーレ,大野石油,20,23,a,a,アタック成功,12,入江,2,4,3179,,,,,,,
1097,20230211,アランマーレ,大野石油,20,24,a,a,,,,2,4,3179,得点,,,,,,
1098,20230211,アランマーレ,大野石油,20,24,a,a,サーブ,4,浜崎,0,4,3179,,,,,,,
1099,20230211,アランマーレ,大野石油,20,24,a,*,レシーブ成功(優),13,加藤(彩),1,4,3179,,,,,,,
1100,20230211,アランマーレ,大野石油,20,24,a,*,アタック成功,16,柳下,1,4,3179,,,,,,,
1101,20230211,アランマーレ,大野石油,21,24,*,*,,,,1,4,3179,得点,,,,,,
1102,20230211,アランマーレ,大野石油,21,24,*,*,サーブ,9,加藤(優),0,4,3179,,,,,,,
1103,20230211,アランマーレ,大野石油,21,24,*,a,レシーブ成功(優),11,中條,1,4,3179,,,,,,,
1104,20230211,アランマーレ,大野石油,21,24,*,a,アタック成功,12,入江,1,4,3179,,,,,,,
1105,20230211,アランマーレ,大野石油,21,25,a,a,,,,1,4,3179,得点,,,,,,
