,date,home_team,away_team,home_point,away_point,serve_right,team,skill,player_num,player_name,trainsition,set,url_id,point,in_player_num,in_player_name,out_player_num,out_player_name,timeout,challange
0,20230409,パナソニック,堺,0,0,*,*,サーブ,13,クビアク,0,1,3357,,,,,,,
1,20230409,パナソニック,堺,0,0,*,a,レシーブ成功(優),20,山本,1,1,3357,,,,,,,
2,20230409,パナソニック,堺,0,0,*,a,アタック成功,9,迫田,1,1,3357,,,,,,,
3,20230409,パナソニック,堺,0,1,a,a,,,,1,1,3357,得点,,,,,,
4,20230409,パナソニック,堺,0,1,a,a,サーブ,9,迫田,0,1,3357,,,,,,,
5,20230409,パナソニック,堺,0,1,a,*,レシーブ成功(優),13,クビアク,1,1,3357,,,,,,,
6,20230409,パナソニック,堺,0,1,a,*,アタック成功,8,仲本,1,1,3357,,,,,,,
7,20230409,パナソニック,堺,1,1,*,*,,,,1,1,3357,得点,,,,,,
8,20230409,パナソニック,堺,1,1,*,*,サーブ,23,エバデダン,0,1,3357,,,,,,,
9,20230409,パナソニック,堺,1,1,*,a,レシーブ成功(優),2,樋口,1,1,3357,,,,,,,
10,20230409,パナソニック,堺,1,1,*,a,アタック,21,竹元,1,1,3357,,,,,,,
11,20230409,パナソニック,堺,1,1,*,*,アタック成功,8,仲本,2,1,3357,,,,,,,
12,20230409,パナソニック,堺,2,1,*,*,,,,2,1,3357,得点,,,,,,
13,20230409,パナソニック,堺,2,1,*,*,サーブ,23,エバデダン,0,1,3357,,,,,,,
14,20230409,パナソニック,堺,2,1,*,a,レシーブ成功(優),9,迫田,1,1,3357,,,,,,,
15,20230409,パナソニック,堺,2,1,*,a,アタック成功,21,竹元,1,1,3357,,,,,,,
16,20230409,パナソニック,堺,2,2,a,a,,,,1,1,3357,得点,,,,,,
17,20230409,パナソニック,堺,2,2,a,a,サーブミス,21,竹元,0,1,3357,,,,,,,
18,20230409,パナソニック,堺,3,2,*,*,,,,0,1,3357,得点,,,,,,
19,20230409,パナソニック,堺,3,2,*,*,サーブ,1,清水,0,1,3357,,,,,,,
20,20230409,パナソニック,堺,3,2,*,a,レシーブ成功(優),9,迫田,1,1,3357,,,,,,,
21,20230409,パナソニック,堺,3,2,*,a,アタック,13,バーノン,1,1,3357,,,,,,,
22,20230409,パナソニック,堺,3,2,*,*,アタック,8,仲本,2,1,3357,,,,,,,
23,20230409,パナソニック,堺,3,2,*,*,アタック成功,13,クビアク,3,1,3357,,,,,,,
24,20230409,パナソニック,堺,4,2,*,*,,,,3,1,3357,得点,,,,,,
25,20230409,パナソニック,堺,4,2,*,*,サーブ,1,清水,0,1,3357,,,,,,,
26,20230409,パナソニック,堺,4,2,*,a,レシーブ成功(優),9,迫田,1,1,3357,,,,,,,
27,20230409,パナソニック,堺,4,2,*,a,アタック成功,7,出耒田,1,1,3357,,,,,,,
28,20230409,パナソニック,堺,4,3,a,a,,,,1,1,3357,得点,,,,,,
29,20230409,パナソニック,堺,4,3,a,a,サーブ,13,バーノン,0,1,3357,,,,,,,
30,20230409,パナソニック,堺,4,3,a,*,レシーブ失敗,13,クビアク,1,1,3357,,,,,,,
31,20230409,パナソニック,堺,4,3,a,a,アタック成功,9,迫田,1,1,3357,,,,,,,
32,20230409,パナソニック,堺,4,4,a,a,,,,1,1,3357,得点,,,,,,
33,20230409,パナソニック,堺,4,4,a,a,サーブ,13,バーノン,0,1,3357,,,,,,,
34,20230409,パナソニック,堺,4,4,a,*,レシーブ成功(良),13,クビアク,1,1,3357,,,,,,,
35,20230409,パナソニック,堺,4,4,a,*,アタック,1,清水,1,1,3357,,,,,,,
36,20230409,パナソニック,堺,4,4,a,a,その他ミス,7,出耒田,2,1,3357,,,,,,,
37,20230409,パナソニック,堺,5,4,*,*,,,,2,1,3357,得点,,,,,,
38,20230409,パナソニック,堺,5,4,*,*,サーブ,8,仲本,0,1,3357,,,,,,,
39,20230409,パナソニック,堺,5,4,*,a,レシーブ成功(優),9,迫田,1,1,3357,,,,,,,
40,20230409,パナソニック,堺,5,4,*,a,アタック成功,2,樋口,1,1,3357,,,,,,,
41,20230409,パナソニック,堺,5,5,a,a,,,,1,1,3357,得点,,,,,,
42,20230409,パナソニック,堺,5,5,a,a,サーブミス,2,樋口,0,1,3357,,,,,,,
43,20230409,パナソニック,堺,6,5,*,*,,,,0,1,3357,得点,,,,,,
44,20230409,パナソニック,堺,6,5,*,*,サーブ,10,山内,0,1,3357,,,,,,,
45,20230409,パナソニック,堺,6,5,*,a,レシーブ成功(優),2,樋口,1,1,3357,,,,,,,
46,20230409,パナソニック,堺,6,5,*,a,アタック失敗,7,出耒田,1,1,3357,,,,,,,
47,20230409,パナソニック,堺,7,5,*,*,,,,1,1,3357,得点,,,,,,
48,20230409,パナソニック,堺,7,5,*,*,サーブ,10,山内,0,1,3357,,,,,,,
49,20230409,パナソニック,堺,7,5,*,a,レシーブ失敗,2,樋口,1,1,3357,,,,,,,
50,20230409,パナソニック,堺,7,5,*,*,アタック,13,クビアク,1,1,3357,,,,,,,
51,20230409,パナソニック,堺,7,5,*,a,アタック成功,9,迫田,2,1,3357,,,,,,,
52,20230409,パナソニック,堺,7,6,a,a,,,,2,1,3357,得点,,,,,,
53,20230409,パナソニック,堺,7,6,a,a,サーブミス,7,出耒田,0,1,3357,,,,,,,
54,20230409,パナソニック,堺,8,6,*,*,,,,0,1,3357,得点,,,,,,
55,20230409,パナソニック,堺,8,6,*,*,サーブ,2,深津,0,1,3357,,,,,,,
56,20230409,パナソニック,堺,8,6,*,a,レシーブ成功(優),21,竹元,1,1,3357,,,,,,,
57,20230409,パナソニック,堺,8,6,*,a,アタック成功,13,バーノン,1,1,3357,,,,,,,
58,20230409,パナソニック,堺,8,7,a,a,,,,1,1,3357,得点,,,,,,
59,20230409,パナソニック,堺,8,7,a,a,サーブ,17,深津,0,1,3357,,,,,,,
60,20230409,パナソニック,堺,8,7,a,*,レシーブ成功(良),16,伊賀,1,1,3357,,,,,,,
61,20230409,パナソニック,堺,8,7,a,*,アタック成功,13,クビアク,1,1,3357,,,,,,,
62,20230409,パナソニック,堺,9,7,*,*,,,,1,1,3357,得点,,,,,,
63,20230409,パナソニック,堺,9,7,*,*,サーブミス,13,クビアク,0,1,3357,,,,,,,
64,20230409,パナソニック,堺,9,8,a,a,,,,0,1,3357,得点,,,,,,
65,20230409,パナソニック,堺,9,8,a,a,サーブ,9,迫田,0,1,3357,,,,,,,
66,20230409,パナソニック,堺,9,8,a,*,レシーブ失敗,16,伊賀,1,1,3357,,,,,,,
67,20230409,パナソニック,堺,9,8,a,*,アタック成功,1,清水,1,1,3357,,,,,,,
68,20230409,パナソニック,堺,10,8,*,*,,,,1,1,3357,得点,,,,,,
69,20230409,パナソニック,堺,10,8,*,*,サーブ,23,エバデダン,0,1,3357,,,,,,,
70,20230409,パナソニック,堺,10,8,*,a,レシーブ成功(優),9,迫田,1,1,3357,,,,,,,
71,20230409,パナソニック,堺,10,8,*,a,アタック成功,2,樋口,1,1,3357,,,,,,,
72,20230409,パナソニック,堺,10,9,a,a,,,,1,1,3357,得点,,,,,,
73,20230409,パナソニック,堺,10,9,a,a,サーブ,21,竹元,0,1,3357,,,,,,,
74,20230409,パナソニック,堺,10,9,a,*,レシーブ成功(優),8,仲本,1,1,3357,,,,,,,
75,20230409,パナソニック,堺,10,9,a,*,アタック成功,1,清水,1,1,3357,,,,,,,
76,20230409,パナソニック,堺,11,9,*,*,,,,1,1,3357,得点,,,,,,
77,20230409,パナソニック,堺,11,9,*,*,サーブ,1,清水,0,1,3357,,,,,,,
78,20230409,パナソニック,堺,11,9,*,a,レシーブ成功(優),9,迫田,1,1,3357,,,,,,,
79,20230409,パナソニック,堺,11,9,*,a,アタック成功,2,樋口,1,1,3357,,,,,,,
80,20230409,パナソニック,堺,11,10,a,a,,,,1,1,3357,得点,,,,,,
81,20230409,パナソニック,堺,11,10,a,a,サーブ,13,バーノン,0,1,3357,,,,,,,
82,20230409,パナソニック,堺,11,10,a,*,レシーブ失敗,13,クビアク,1,1,3357,,,,,,,
83,20230409,パナソニック,堺,11,10,a,a,アタック成功,2,樋口,1,1,3357,,,,,,,
84,20230409,パナソニック,堺,11,11,a,a,,,,1,1,3357,得点,,,,,,
85,20230409,パナソニック,堺,11,11,a,a,サーブミス,13,バーノン,0,1,3357,,,,,,,
86,20230409,パナソニック,堺,12,11,*,*,,,,0,1,3357,得点,,,,,,
87,20230409,パナソニック,堺,12,11,*,*,,,,0,1,3357,,,,,,,
88,20230409,パナソニック,堺,12,11,*,*,サーブ,8,仲本,0,1,3357,,,,,,,
89,20230409,パナソニック,堺,12,11,*,a,レシーブ成功(優),2,樋口,1,1,3357,,,,,,,
90,20230409,パナソニック,堺,12,11,*,a,アタック成功,7,出耒田,1,1,3357,,,,,,,
91,20230409,パナソニック,堺,12,12,a,a,,,,1,1,3357,得点,,,,,,
92,20230409,パナソニック,堺,12,12,a,a,サーブ,2,樋口,0,1,3357,,,,,,,
93,20230409,パナソニック,堺,12,12,a,*,レシーブ失敗,10,山内,1,1,3357,,,,,,,
94,20230409,パナソニック,堺,12,12,a,*,アタック成功,13,クビアク,1,1,3357,,,,,,,
95,20230409,パナソニック,堺,13,12,*,*,,,,1,1,3357,得点,,,,,,
96,20230409,パナソニック,堺,13,12,*,*,サーブ,10,山内,0,1,3357,,,,,,,
97,20230409,パナソニック,堺,13,12,*,a,レシーブ成功(良),2,樋口,1,1,3357,,,,,,,
98,20230409,パナソニック,堺,13,12,*,a,アタック,9,迫田,1,1,3357,,,,,,,
99,20230409,パナソニック,堺,13,12,*,*,アタック,13,クビアク,2,1,3357,,,,,,,
100,20230409,パナソニック,堺,13,12,*,a,アタック成功,9,迫田,3,1,3357,,,,,,,
101,20230409,パナソニック,堺,13,13,a,a,,,,3,1,3357,得点,,,,,,
102,20230409,パナソニック,堺,13,13,a,a,サーブ,7,出耒田,0,1,3357,,,,,,,
103,20230409,パナソニック,堺,13,13,a,*,レシーブ成功(優),8,仲本,1,1,3357,,,,,,,
104,20230409,パナソニック,堺,13,13,a,*,アタック成功,23,エバデダン,1,1,3357,,,,,,,
105,20230409,パナソニック,堺,14,13,*,*,,,,1,1,3357,得点,,,,,,
106,20230409,パナソニック,堺,14,13,*,*,サーブ,2,深津,0,1,3357,,,,,,,
107,20230409,パナソニック,堺,14,13,*,a,レシーブ成功(優),9,迫田,1,1,3357,,,,,,,
108,20230409,パナソニック,堺,14,13,*,a,アタック成功,13,バーノン,1,1,3357,,,,,,,
109,20230409,パナソニック,堺,14,14,a,a,,,,1,1,3357,得点,,,,,,
110,20230409,パナソニック,堺,14,14,a,a,サーブ,17,深津,0,1,3357,,,,,,,
111,20230409,パナソニック,堺,14,14,a,*,レシーブ成功(優),13,クビアク,1,1,3357,,,,,,,
112,20230409,パナソニック,堺,14,14,a,a,アタック,13,バーノン,1,1,3357,,,,,,,
113,20230409,パナソニック,堺,14,14,a,*,アタック失敗,13,クビアク,2,1,3357,,,,,,,
114,20230409,パナソニック,堺,14,15,a,a,,,,2,1,3357,得点,,,,,,
115,20230409,パナソニック,堺,14,15,a,a,サーブ,17,深津,0,1,3357,,,,,,,
116,20230409,パナソニック,堺,14,15,a,*,レシーブ成功(優),16,伊賀,1,1,3357,,,,,,,
117,20230409,パナソニック,堺,14,15,a,*,アタック成功,1,清水,1,1,3357,,,,,,,
118,20230409,パナソニック,堺,15,15,*,*,,,,1,1,3357,得点,,,,,,
119,20230409,パナソニック,堺,15,15,*,a,,,,0,1,3357,,IN:14,山口,OUT:17,深津,,
120,20230409,パナソニック,堺,15,15,*,*,サーブ,13,クビアク,0,1,3357,,,,,,,
121,20230409,パナソニック,堺,15,15,*,a,レシーブ成功(優),20,山本,1,1,3357,,,,,,,
122,20230409,パナソニック,堺,15,15,*,a,アタック成功,13,バーノン,1,1,3357,,,,,,,
123,20230409,パナソニック,堺,15,16,a,a,,,,1,1,3357,得点,,,,,,
124,20230409,パナソニック,堺,15,16,a,a,ノータッチエース,9,迫田,0,1,3357,,,,,,,
125,20230409,パナソニック,堺,15,17,a,a,,,,0,1,3357,得点,,,,,,
126,20230409,パナソニック,堺,15,17,a,*,,,,0,1,3357,,,,,,タイムアウト,
127,20230409,パナソニック,堺,15,17,a,a,サーブ,9,迫田,0,1,3357,,,,,,,
128,20230409,パナソニック,堺,15,17,a,*,レシーブ失敗,16,伊賀,1,1,3357,,,,,,,
129,20230409,パナソニック,堺,15,17,a,*,アタック成功,1,清水,1,1,3357,,,,,,,
130,20230409,パナソニック,堺,16,17,*,*,,,,1,1,3357,得点,,,,,,
131,20230409,パナソニック,堺,16,17,*,*,サーブ,23,エバデダン,0,1,3357,,,,,,,
132,20230409,パナソニック,堺,16,17,*,a,レシーブ成功(優),2,樋口,1,1,3357,,,,,,,
133,20230409,パナソニック,堺,16,17,*,a,アタック成功,2,樋口,1,1,3357,,,,,,,
134,20230409,パナソニック,堺,16,18,a,a,,,,1,1,3357,得点,,,,,,
135,20230409,パナソニック,堺,16,18,a,a,,,,0,1,3357,,IN:22,赤星,OUT:21,竹元,,
136,20230409,パナソニック,堺,16,18,a,a,サーブ,22,赤星,0,1,3357,,,,,,,
137,20230409,パナソニック,堺,16,18,a,*,レシーブ成功(優),16,伊賀,1,1,3357,,,,,,,
138,20230409,パナソニック,堺,16,18,a,*,アタック成功,13,クビアク,1,1,3357,,,,,,,
139,20230409,パナソニック,堺,17,18,*,*,,,,1,1,3357,得点,,,,,,
140,20230409,パナソニック,堺,17,18,*,a,,,,0,1,3357,,IN:21,竹元,OUT:22,赤星,,
141,20230409,パナソニック,堺,17,18,*,*,,,,0,1,3357,,IN:18,西山,OUT:2,深津,,
142,20230409,パナソニック,堺,17,18,*,*,サーブ,1,清水,0,1,3357,,,,,,,
143,20230409,パナソニック,堺,17,18,*,a,レシーブ成功(優),9,迫田,1,1,3357,,,,,,,
144,20230409,パナソニック,堺,17,18,*,a,アタック成功,13,バーノン,1,1,3357,,,,,,,
145,20230409,パナソニック,堺,17,19,a,a,,,,1,1,3357,得点,,,,,,
146,20230409,パナソニック,堺,17,19,a,a,,,,0,1,3357,,IN:17,深津,OUT:14,山口,,
147,20230409,パナソニック,堺,17,19,a,*,,,,0,1,3357,,IN:20,新,OUT:1,清水,,
148,20230409,パナソニック,堺,17,19,a,a,サーブ,13,バーノン,0,1,3357,,,,,,,
149,20230409,パナソニック,堺,17,19,a,*,レシーブ成功(優),13,クビアク,1,1,3357,,,,,,,
150,20230409,パナソニック,堺,17,19,a,*,アタック成功,18,西山,1,1,3357,,,,,,,
151,20230409,パナソニック,堺,18,19,*,*,,,,1,1,3357,得点,,,,,,
152,20230409,パナソニック,堺,18,19,*,*,サーブ,8,仲本,0,1,3357,,,,,,,
153,20230409,パナソニック,堺,18,19,*,a,レシーブ失敗,20,山本,1,1,3357,,,,,,,
154,20230409,パナソニック,堺,18,19,*,a,アタック成功,2,樋口,1,1,3357,,,,,,,
155,20230409,パナソニック,堺,18,20,a,a,,,,1,1,3357,得点,,,,,,
156,20230409,パナソニック,堺,18,20,a,a,サーブ,2,樋口,0,1,3357,,,,,,,
157,20230409,パナソニック,堺,18,20,a,*,レシーブ成功(優),13,クビアク,1,1,3357,,,,,,,
158,20230409,パナソニック,堺,18,20,a,*,アタック,13,クビアク,1,1,3357,,,,,,,
159,20230409,パナソニック,堺,18,20,a,a,その他ミス,7,出耒田,2,1,3357,,,,,,,
160,20230409,パナソニック,堺,19,20,*,*,,,,2,1,3357,得点,,,,,,
161,20230409,パナソニック,堺,19,20,*,*,サーブ,10,山内,0,1,3357,,,,,,,
162,20230409,パナソニック,堺,19,20,*,a,レシーブ成功(優),2,樋口,1,1,3357,,,,,,,
163,20230409,パナソニック,堺,19,20,*,a,アタック,7,出耒田,1,1,3357,,,,,,,
164,20230409,パナソニック,堺,19,20,*,a,その他ミス,17,深津,2,1,3357,,,,,,,
165,20230409,パナソニック,堺,20,20,*,*,,,,2,1,3357,得点,,,,,,
166,20230409,パナソニック,堺,20,20,*,*,サーブ,10,山内,0,1,3357,,,,,,,
167,20230409,パナソニック,堺,20,20,*,a,レシーブ成功(優),2,樋口,1,1,3357,,,,,,,
168,20230409,パナソニック,堺,20,20,*,a,アタック,9,迫田,1,1,3357,,,,,,,
169,20230409,パナソニック,堺,20,20,*,*,アタック成功,13,クビアク,2,1,3357,,,,,,,
170,20230409,パナソニック,堺,21,20,*,*,,,,2,1,3357,得点,,,,,,
171,20230409,パナソニック,堺,21,20,*,a,,,,0,1,3357,,,,,,タイムアウト,
172,20230409,パナソニック,堺,21,20,*,*,サーブ,10,山内,0,1,3357,,,,,,,
173,20230409,パナソニック,堺,21,20,*,a,レシーブ成功(優),20,山本,1,1,3357,,,,,,,
174,20230409,パナソニック,堺,21,20,*,a,アタック失敗,13,バーノン,1,1,3357,,,,,,,
175,20230409,パナソニック,堺,22,20,*,*,,,,1,1,3357,得点,,,,,,
176,20230409,パナソニック,堺,22,20,*,*,サーブ,10,山内,0,1,3357,,,,,,,
177,20230409,パナソニック,堺,22,20,*,a,レシーブ成功(良),20,山本,1,1,3357,,,,,,,
178,20230409,パナソニック,堺,22,20,*,a,アタック成功,9,迫田,1,1,3357,,,,,,,
179,20230409,パナソニック,堺,22,21,a,a,,,,1,1,3357,得点,,,,,,
180,20230409,パナソニック,堺,22,21,a,a,サーブ,7,出耒田,0,1,3357,,,,,,,
181,20230409,パナソニック,堺,22,21,a,*,レシーブ成功(優),8,仲本,1,1,3357,,,,,,,
182,20230409,パナソニック,堺,22,21,a,*,アタック成功,13,クビアク,1,1,3357,,,,,,,
183,20230409,パナソニック,堺,23,21,*,*,,,,1,1,3357,得点,,,,,,
184,20230409,パナソニック,堺,23,21,*,*,,,,0,1,3357,,IN:1,清水,OUT:20,新,,
185,20230409,パナソニック,堺,23,21,*,*,サーブ,18,西山,0,1,3357,,,,,,,
186,20230409,パナソニック,堺,23,21,*,a,レシーブ失敗,2,樋口,1,1,3357,,,,,,,
187,20230409,パナソニック,堺,23,21,*,a,アタック,9,迫田,1,1,3357,,,,,,,
188,20230409,パナソニック,堺,23,21,*,a,アタック成功,9,迫田,2,1,3357,,,,,,,
189,20230409,パナソニック,堺,23,22,a,a,,,,2,1,3357,得点,,,,,,
190,20230409,パナソニック,堺,23,22,a,*,,,,0,1,3357,,IN:2,深津,OUT:18,西山,,
191,20230409,パナソニック,堺,23,22,a,a,サーブ,17,深津,0,1,3357,,,,,,,
192,20230409,パナソニック,堺,23,22,a,*,レシーブ成功(優),13,クビアク,1,1,3357,,,,,,,
193,20230409,パナソニック,堺,23,22,a,*,アタック成功,23,エバデダン,1,1,3357,,,,,,,
194,20230409,パナソニック,堺,24,22,*,*,,,,1,1,3357,得点,,,,,,
195,20230409,パナソニック,堺,24,22,*,*,サーブミス,13,クビアク,0,1,3357,,,,,,,
196,20230409,パナソニック,堺,24,23,a,a,,,,0,1,3357,得点,,,,,,
197,20230409,パナソニック,堺,24,23,a,*,,,,0,1,3357,,,,,,タイムアウト,
198,20230409,パナソニック,堺,24,23,a,a,サービスエース,9,迫田,0,1,3357,,,,,,,
199,20230409,パナソニック,堺,24,23,a,*,レシーブ失敗,8,仲本,0,1,3357,,,,,,,
200,20230409,パナソニック,堺,24,24,a,a,,,,0,1,3357,得点,,,,,,
201,20230409,パナソニック,堺,24,24,a,a,サーブ,9,迫田,0,1,3357,,,,,,,
202,20230409,パナソニック,堺,24,24,a,*,レシーブ成功(優),13,クビアク,1,1,3357,,,,,,,
203,20230409,パナソニック,堺,24,24,a,*,アタック成功,1,清水,1,1,3357,,,,,,,
204,20230409,パナソニック,堺,25,24,*,*,,,,1,1,3357,得点,,,,,,
205,20230409,パナソニック,堺,25,24,*,*,サーブ,23,エバデダン,0,1,3357,,,,,,,
206,20230409,パナソニック,堺,25,24,*,a,レシーブ成功(優),9,迫田,1,1,3357,,,,,,,
207,20230409,パナソニック,堺,25,24,*,a,アタック,13,バーノン,1,1,3357,,,,,,,
208,20230409,パナソニック,堺,25,24,*,a,アタック成功,13,バーノン,2,1,3357,,,,,,,
209,20230409,パナソニック,堺,25,25,a,a,,,,2,1,3357,得点,,,,,,
210,20230409,パナソニック,堺,25,25,a,a,サーブ,21,竹元,0,1,3357,,,,,,,
211,20230409,パナソニック,堺,25,25,a,*,レシーブ成功(優),8,仲本,1,1,3357,,,,,,,
212,20230409,パナソニック,堺,25,25,a,*,アタック成功,10,山内,1,1,3357,,,,,,,
213,20230409,パナソニック,堺,26,25,*,*,,,,1,1,3357,得点,,,,,,
214,20230409,パナソニック,堺,26,25,*,*,サーブ,1,清水,0,1,3357,,,,,,,
215,20230409,パナソニック,堺,26,25,*,a,レシーブ成功(優),20,山本,1,1,3357,,,,,,,
216,20230409,パナソニック,堺,26,25,*,a,アタック,13,バーノン,1,1,3357,,,,,,,
217,20230409,パナソニック,堺,26,25,*,*,ブロック成功,8,仲本,2,1,3357,,,,,,,
218,20230409,パナソニック,堺,27,25,*,*,,,,2,1,3357,得点,,,,,,
219,20230409,パナソニック,堺,0,0,*,a,ノータッチエース,9,迫田,0,2,3357,,,,,,,
220,20230409,パナソニック,堺,0,1,a,a,,,,0,2,3357,得点,,,,,,
221,20230409,パナソニック,堺,0,1,a,a,ノータッチエース,9,迫田,0,2,3357,,,,,,,
222,20230409,パナソニック,堺,0,2,a,a,,,,0,2,3357,得点,,,,,,
223,20230409,パナソニック,堺,0,2,a,a,サーブ,9,迫田,0,2,3357,,,,,,,
224,20230409,パナソニック,堺,0,2,a,*,レシーブ成功(優),8,仲本,1,2,3357,,,,,,,
225,20230409,パナソニック,堺,0,2,a,*,アタック,8,仲本,1,2,3357,,,,,,,
226,20230409,パナソニック,堺,0,2,a,a,ブロック成功,13,バーノン,2,2,3357,,,,,,,
227,20230409,パナソニック,堺,0,3,a,a,,,,2,2,3357,得点,,,,,,
228,20230409,パナソニック,堺,0,3,a,a,サーブ,9,迫田,0,2,3357,,,,,,,
229,20230409,パナソニック,堺,0,3,a,*,レシーブ成功(良),13,クビアク,1,2,3357,,,,,,,
230,20230409,パナソニック,堺,0,3,a,*,アタック成功,1,清水,1,2,3357,,,,,,,
231,20230409,パナソニック,堺,1,3,*,*,,,,1,2,3357,得点,,,,,,
232,20230409,パナソニック,堺,1,3,*,*,サーブ,23,エバデダン,0,2,3357,,,,,,,
233,20230409,パナソニック,堺,1,3,*,a,レシーブ成功(優),9,迫田,1,2,3357,,,,,,,
234,20230409,パナソニック,堺,1,3,*,a,アタック成功,13,バーノン,1,2,3357,,,,,,,
235,20230409,パナソニック,堺,1,4,a,a,,,,1,2,3357,得点,,,,,,
236,20230409,パナソニック,堺,1,4,a,a,サーブ,21,竹元,0,2,3357,,,,,,,
237,20230409,パナソニック,堺,1,4,a,*,レシーブ成功(優),8,仲本,1,2,3357,,,,,,,
238,20230409,パナソニック,堺,1,4,a,*,アタック,1,清水,1,2,3357,,,,,,,
239,20230409,パナソニック,堺,1,4,a,a,ブロック成功,2,樋口,2,2,3357,,,,,,,
240,20230409,パナソニック,堺,1,5,a,a,,,,2,2,3357,得点,,,,,,
241,20230409,パナソニック,堺,1,5,a,a,サーブ,21,竹元,0,2,3357,,,,,,,
242,20230409,パナソニック,堺,1,5,a,*,レシーブ成功(優),16,伊賀,1,2,3357,,,,,,,
243,20230409,パナソニック,堺,1,5,a,*,アタック,10,山内,1,2,3357,,,,,,,
244,20230409,パナソニック,堺,1,5,a,a,アタック,13,バーノン,2,2,3357,,,,,,,
245,20230409,パナソニック,堺,1,5,a,*,アタック成功,13,クビアク,3,2,3357,,,,,,,
246,20230409,パナソニック,堺,2,5,*,*,,,,3,2,3357,得点,,,,,,
247,20230409,パナソニック,堺,2,5,*,*,サーブ,1,清水,0,2,3357,,,,,,,
248,20230409,パナソニック,堺,2,5,*,a,レシーブ失敗,9,迫田,1,2,3357,,,,,,,
249,20230409,パナソニック,堺,2,5,*,*,アタック,10,山内,1,2,3357,,,,,,,
250,20230409,パナソニック,堺,2,5,*,*,アタック,8,仲本,2,2,3357,,,,,,,
251,20230409,パナソニック,堺,2,5,*,a,ブロック成功,13,バーノン,3,2,3357,,,,,,,
252,20230409,パナソニック,堺,2,6,a,a,,,,3,2,3357,得点,,,,,,
253,20230409,パナソニック,堺,2,6,a,*,,,,0,2,3357,,,,,,タイムアウト,
254,20230409,パナソニック,堺,2,6,a,a,サーブ,13,バーノン,0,2,3357,,,,,,,
255,20230409,パナソニック,堺,2,6,a,*,レシーブ成功(優),13,クビアク,1,2,3357,,,,,,,
256,20230409,パナソニック,堺,2,6,a,*,アタック成功,10,山内,1,2,3357,,,,,,,
257,20230409,パナソニック,堺,3,6,*,*,,,,1,2,3357,得点,,,,,,
258,20230409,パナソニック,堺,3,6,*,*,サーブミス,8,仲本,0,2,3357,,,,,,,
259,20230409,パナソニック,堺,3,7,a,a,,,,0,2,3357,得点,,,,,,
260,20230409,パナソニック,堺,3,7,a,a,サーブ,2,樋口,0,2,3357,,,,,,,
261,20230409,パナソニック,堺,3,7,a,*,レシーブ成功(優),13,クビアク,1,2,3357,,,,,,,
262,20230409,パナソニック,堺,3,7,a,*,アタック成功,10,山内,1,2,3357,,,,,,,
263,20230409,パナソニック,堺,4,7,*,*,,,,1,2,3357,得点,,,,,,
264,20230409,パナソニック,堺,4,7,*,*,サーブ,10,山内,0,2,3357,,,,,,,
265,20230409,パナソニック,堺,4,7,*,a,レシーブ失敗,9,迫田,1,2,3357,,,,,,,
266,20230409,パナソニック,堺,4,7,*,a,アタック成功,13,バーノン,1,2,3357,,,,,,,
267,20230409,パナソニック,堺,4,8,a,a,,,,1,2,3357,得点,,,,,,
268,20230409,パナソニック,堺,4,8,a,a,サーブ,7,出耒田,0,2,3357,,,,,,,
269,20230409,パナソニック,堺,4,8,a,*,レシーブ成功(良),8,仲本,1,2,3357,,,,,,,
270,20230409,パナソニック,堺,4,8,a,*,アタック成功,2,深津,1,2,3357,,,,,,,
271,20230409,パナソニック,堺,5,8,*,*,,,,1,2,3357,得点,,,,,,
272,20230409,パナソニック,堺,5,8,*,*,サーブ,2,深津,0,2,3357,,,,,,,
273,20230409,パナソニック,堺,5,8,*,a,レシーブ成功(優),9,迫田,1,2,3357,,,,,,,
274,20230409,パナソニック,堺,5,8,*,a,アタック成功,13,バーノン,1,2,3357,,,,,,,
275,20230409,パナソニック,堺,5,9,a,a,,,,1,2,3357,得点,,,,,,
276,20230409,パナソニック,堺,5,9,a,a,サーブミス,17,深津,0,2,3357,,,,,,,
277,20230409,パナソニック,堺,6,9,*,*,,,,0,2,3357,得点,,,,,,
278,20230409,パナソニック,堺,6,9,*,*,サーブ,13,クビアク,0,2,3357,,,,,,,
279,20230409,パナソニック,堺,6,9,*,a,レシーブ成功(優),20,山本,1,2,3357,,,,,,,
280,20230409,パナソニック,堺,6,9,*,a,アタック成功,13,バーノン,1,2,3357,,,,,,,
281,20230409,パナソニック,堺,6,10,a,a,,,,1,2,3357,得点,,,,,,
282,20230409,パナソニック,堺,6,10,a,a,サーブ,9,迫田,0,2,3357,,,,,,,
283,20230409,パナソニック,堺,6,10,a,*,レシーブ成功(優),13,クビアク,1,2,3357,,,,,,,
284,20230409,パナソニック,堺,6,10,a,*,アタック,8,仲本,1,2,3357,,,,,,,
285,20230409,パナソニック,堺,6,10,a,a,アタック成功,13,バーノン,2,2,3357,,,,,,,
286,20230409,パナソニック,堺,6,11,a,a,,,,2,2,3357,得点,,,,,,
287,20230409,パナソニック,堺,6,11,a,a,サービスエース,9,迫田,0,2,3357,,,,,,,
288,20230409,パナソニック,堺,6,11,a,*,レシーブ失敗,13,クビアク,0,2,3357,,,,,,,
289,20230409,パナソニック,堺,6,12,a,a,,,,0,2,3357,得点,,,,,,
290,20230409,パナソニック,堺,6,12,a,a,,,,0,2,3357,,,,,,,
291,20230409,パナソニック,堺,6,12,a,a,サーブ,9,迫田,0,2,3357,,,,,,,
292,20230409,パナソニック,堺,6,12,a,*,レシーブ失敗,16,伊賀,1,2,3357,,,,,,,
293,20230409,パナソニック,堺,6,12,a,*,アタック,23,エバデダン,1,2,3357,,,,,,,
294,20230409,パナソニック,堺,6,12,a,*,アタック成功,8,仲本,2,2,3357,,,,,,,
295,20230409,パナソニック,堺,7,12,*,*,,,,2,2,3357,得点,,,,,,
296,20230409,パナソニック,堺,7,12,*,*,サーブ,23,エバデダン,0,2,3357,,,,,,,
297,20230409,パナソニック,堺,7,12,*,a,レシーブ成功(優),9,迫田,1,2,3357,,,,,,,
298,20230409,パナソニック,堺,7,12,*,a,アタック成功,13,バーノン,1,2,3357,,,,,,,
299,20230409,パナソニック,堺,7,13,a,a,,,,1,2,3357,得点,,,,,,
300,20230409,パナソニック,堺,7,13,a,a,サーブ,21,竹元,0,2,3357,,,,,,,
301,20230409,パナソニック,堺,7,13,a,*,レシーブ成功(優),8,仲本,1,2,3357,,,,,,,
302,20230409,パナソニック,堺,7,13,a,*,アタック成功,13,クビアク,1,2,3357,,,,,,,
303,20230409,パナソニック,堺,8,13,*,*,,,,1,2,3357,得点,,,,,,
304,20230409,パナソニック,堺,8,13,*,*,,,,0,2,3357,,IN:18,西山,OUT:2,深津,,
305,20230409,パナソニック,堺,8,13,*,*,サーブ,1,清水,0,2,3357,,,,,,,
306,20230409,パナソニック,堺,8,13,*,a,レシーブ成功(良),9,迫田,1,2,3357,,,,,,,
307,20230409,パナソニック,堺,8,13,*,a,アタック失敗,7,出耒田,1,2,3357,,,,,,,
308,20230409,パナソニック,堺,9,13,*,*,,,,1,2,3357,得点,,,,,,
309,20230409,パナソニック,堺,9,13,*,*,サーブ,1,清水,0,2,3357,,,,,,,
310,20230409,パナソニック,堺,9,13,*,a,レシーブ失敗,2,樋口,1,2,3357,,,,,,,
311,20230409,パナソニック,堺,9,13,*,a,アタック,13,バーノン,1,2,3357,,,,,,,
312,20230409,パナソニック,堺,9,13,*,*,アタック,18,西山,2,2,3357,,,,,,,
313,20230409,パナソニック,堺,9,13,*,a,アタック,2,樋口,3,2,3357,,,,,,,
314,20230409,パナソニック,堺,9,13,*,*,アタック,18,西山,4,2,3357,,,,,,,
315,20230409,パナソニック,堺,9,13,*,*,アタック,8,仲本,5,2,3357,,,,,,,
316,20230409,パナソニック,堺,9,13,*,a,ブロック成功,7,出耒田,6,2,3357,,,,,,,
317,20230409,パナソニック,堺,9,14,a,a,,,,6,2,3357,得点,,,,,,
318,20230409,パナソニック,堺,9,14,a,*,,,,0,2,3357,,IN:20,新,OUT:1,清水,,
319,20230409,パナソニック,堺,9,14,a,a,サーブミス,13,バーノン,0,2,3357,,,,,,,
320,20230409,パナソニック,堺,10,14,*,*,,,,0,2,3357,得点,,,,,,
321,20230409,パナソニック,堺,10,14,*,*,サーブ,8,仲本,0,2,3357,,,,,,,
322,20230409,パナソニック,堺,10,14,*,a,レシーブ成功(優),2,樋口,1,2,3357,,,,,,,
323,20230409,パナソニック,堺,10,14,*,a,アタック成功,7,出耒田,1,2,3357,,,,,,,
324,20230409,パナソニック,堺,10,15,a,a,,,,1,2,3357,得点,,,,,,
325,20230409,パナソニック,堺,10,15,a,a,サーブ,2,樋口,0,2,3357,,,,,,,
326,20230409,パナソニック,堺,10,15,a,*,レシーブ成功(優),8,仲本,1,2,3357,,,,,,,
327,20230409,パナソニック,堺,10,15,a,*,アタック成功,10,山内,1,2,3357,,,,,,,
328,20230409,パナソニック,堺,11,15,*,*,,,,1,2,3357,得点,,,,,,
329,20230409,パナソニック,堺,11,15,*,*,サーブ,10,山内,0,2,3357,,,,,,,
330,20230409,パナソニック,堺,11,15,*,a,レシーブ失敗,9,迫田,1,2,3357,,,,,,,
331,20230409,パナソニック,堺,11,15,*,a,アタック失敗,9,迫田,1,2,3357,,,,,,,
332,20230409,パナソニック,堺,12,15,*,*,,,,1,2,3357,得点,,,,,,
333,20230409,パナソニック,堺,12,15,*,*,サーブ,10,山内,0,2,3357,,,,,,,
334,20230409,パナソニック,堺,12,15,*,a,レシーブ成功(優),20,山本,1,2,3357,,,,,,,
335,20230409,パナソニック,堺,12,15,*,a,アタック,13,バーノン,1,2,3357,,,,,,,
336,20230409,パナソニック,堺,12,15,*,a,アタック,9,迫田,2,2,3357,,,,,,,
337,20230409,パナソニック,堺,12,15,*,*,その他ミス,23,エバデダン,3,2,3357,,,,,,,
338,20230409,パナソニック,堺,12,16,a,a,,,,3,2,3357,得点,,,,,,
339,20230409,パナソニック,堺,12,16,a,a,サーブ,7,出耒田,0,2,3357,,,,,,,
340,20230409,パナソニック,堺,12,16,a,*,レシーブ成功(良),8,仲本,1,2,3357,,,,,,,
341,20230409,パナソニック,堺,12,16,a,*,アタック,18,西山,1,2,3357,,,,,,,
342,20230409,パナソニック,堺,12,16,a,*,アタック成功,18,西山,2,2,3357,,,,,,,
343,20230409,パナソニック,堺,13,16,*,*,,,,2,2,3357,得点,,,,,,
344,20230409,パナソニック,堺,13,16,*,*,サーブ,18,西山,0,2,3357,,,,,,,
345,20230409,パナソニック,堺,13,16,*,a,レシーブ失敗,2,樋口,1,2,3357,,,,,,,
346,20230409,パナソニック,堺,13,16,*,a,アタック成功,9,迫田,1,2,3357,,,,,,,
347,20230409,パナソニック,堺,13,17,a,a,,,,1,2,3357,得点,,,,,,
348,20230409,パナソニック,堺,13,17,a,a,サーブ,17,深津,0,2,3357,,,,,,,
349,20230409,パナソニック,堺,13,17,a,*,レシーブ失敗,13,クビアク,1,2,3357,,,,,,,
350,20230409,パナソニック,堺,13,17,a,*,アタック,13,クビアク,1,2,3357,,,,,,,
351,20230409,パナソニック,堺,13,17,a,a,ブロック成功,13,バーノン,2,2,3357,,,,,,,
352,20230409,パナソニック,堺,13,18,a,a,,,,2,2,3357,得点,,,,,,
353,20230409,パナソニック,堺,13,18,a,a,サーブ,17,深津,0,2,3357,,,,,,,
354,20230409,パナソニック,堺,13,18,a,*,レシーブ成功(良),13,クビアク,1,2,3357,,,,,,,
355,20230409,パナソニック,堺,13,18,a,*,アタック,18,西山,1,2,3357,,,,,,,
356,20230409,パナソニック,堺,13,18,a,*,アタック,13,クビアク,2,2,3357,,,,,,,
357,20230409,パナソニック,堺,13,18,a,a,アタック成功,9,迫田,3,2,3357,,,,,,,
358,20230409,パナソニック,堺,13,19,a,a,,,,3,2,3357,得点,,,,,,
359,20230409,パナソニック,堺,13,19,a,*,,,,0,2,3357,,,,,,タイムアウト,
360,20230409,パナソニック,堺,13,19,a,a,サーブ,17,深津,0,2,3357,,,,,,,
361,20230409,パナソニック,堺,13,19,a,*,レシーブ失敗,13,クビアク,1,2,3357,,,,,,,
362,20230409,パナソニック,堺,13,19,a,*,アタック成功,13,クビアク,1,2,3357,,,,,,,
363,20230409,パナソニック,堺,14,19,*,*,,,,1,2,3357,得点,,,,,,
364,20230409,パナソニック,堺,14,19,*,a,,,,0,2,3357,,IN:14,山口,OUT:17,深津,,
365,20230409,パナソニック,堺,14,19,*,*,サーブ,13,クビアク,0,2,3357,,,,,,,
366,20230409,パナソニック,堺,14,19,*,a,レシーブ成功(優),20,山本,1,2,3357,,,,,,,
367,20230409,パナソニック,堺,14,19,*,a,アタック,13,バーノン,1,2,3357,,,,,,,
368,20230409,パナソニック,堺,14,19,*,*,アタック成功,8,仲本,2,2,3357,,,,,,,
369,20230409,パナソニック,堺,15,19,*,*,,,,2,2,3357,得点,,,,,,
370,20230409,パナソニック,堺,15,19,*,*,サーブミス,13,クビアク,0,2,3357,,,,,,,
371,20230409,パナソニック,堺,15,20,a,a,,,,0,2,3357,得点,,,,,,
372,20230409,パナソニック,堺,15,20,a,*,,,,0,2,3357,,IN:1,清水,OUT:20,新,,
373,20230409,パナソニック,堺,15,20,a,*,,,,0,2,3357,,IN:2,深津,OUT:18,西山,,
374,20230409,パナソニック,堺,15,20,a,a,サーブ,9,迫田,0,2,3357,,,,,,,
375,20230409,パナソニック,堺,15,20,a,*,レシーブ成功(優),16,伊賀,1,2,3357,,,,,,,
376,20230409,パナソニック,堺,15,20,a,*,アタック成功,23,エバデダン,1,2,3357,,,,,,,
377,20230409,パナソニック,堺,16,20,*,*,,,,1,2,3357,得点,,,,,,
378,20230409,パナソニック,堺,16,20,*,*,サーブ,23,エバデダン,0,2,3357,,,,,,,
379,20230409,パナソニック,堺,16,20,*,a,レシーブ成功(優),2,樋口,1,2,3357,,,,,,,
380,20230409,パナソニック,堺,16,20,*,a,アタック,13,バーノン,1,2,3357,,,,,,,
381,20230409,パナソニック,堺,16,20,*,a,アタック,13,バーノン,2,2,3357,,,,,,,
382,20230409,パナソニック,堺,16,20,*,a,アタック成功,2,樋口,3,2,3357,,,,,,,
383,20230409,パナソニック,堺,16,21,a,a,,,,3,2,3357,得点,,,,,,
384,20230409,パナソニック,堺,16,21,a,a,,,,0,2,3357,,IN:22,赤星,OUT:21,竹元,,
385,20230409,パナソニック,堺,16,21,a,a,サーブ,22,赤星,0,2,3357,,,,,,,
386,20230409,パナソニック,堺,16,21,a,*,レシーブ失敗,13,クビアク,1,2,3357,,,,,,,
387,20230409,パナソニック,堺,16,21,a,*,アタック成功,1,清水,1,2,3357,,,,,,,
388,20230409,パナソニック,堺,17,21,*,*,,,,1,2,3357,得点,,,,,,
389,20230409,パナソニック,堺,17,21,*,a,,,,0,2,3357,,IN:21,竹元,OUT:22,赤星,,
390,20230409,パナソニック,堺,17,21,*,*,サーブ,1,清水,0,2,3357,,,,,,,
391,20230409,パナソニック,堺,17,21,*,a,レシーブ成功(優),2,樋口,1,2,3357,,,,,,,
392,20230409,パナソニック,堺,17,21,*,a,アタック失敗,2,樋口,1,2,3357,,,,,,,
393,20230409,パナソニック,堺,17,21,*,a,,,,1,2,3357,,,,,,,チャレンジ失敗
394,20230409,パナソニック,堺,18,21,*,*,,,,1,2,3357,得点,,,,,,
395,20230409,パナソニック,堺,18,21,*,*,サーブ,1,清水,0,2,3357,,,,,,,
396,20230409,パナソニック,堺,18,21,*,a,レシーブ失敗,20,山本,1,2,3357,,,,,,,
397,20230409,パナソニック,堺,18,21,*,*,アタック成功,1,清水,1,2,3357,,,,,,,
398,20230409,パナソニック,堺,19,21,*,*,,,,1,2,3357,得点,,,,,,
399,20230409,パナソニック,堺,19,21,*,a,,,,0,2,3357,,,,,,タイムアウト,
400,20230409,パナソニック,堺,19,21,*,*,サーブ,1,清水,0,2,3357,,,,,,,
401,20230409,パナソニック,堺,19,21,*,a,レシーブ成功(良),2,樋口,1,2,3357,,,,,,,
402,20230409,パナソニック,堺,19,21,*,a,アタック,13,バーノン,1,2,3357,,,,,,,
403,20230409,パナソニック,堺,19,21,*,*,アタック成功,8,仲本,2,2,3357,,,,,,,
404,20230409,パナソニック,堺,20,21,*,*,,,,2,2,3357,得点,,,,,,
405,20230409,パナソニック,堺,20,21,*,*,サーブ,1,清水,0,2,3357,,,,,,,
406,20230409,パナソニック,堺,20,21,*,a,レシーブ失敗,2,樋口,1,2,3357,,,,,,,
407,20230409,パナソニック,堺,20,21,*,a,アタック,13,バーノン,1,2,3357,,,,,,,
408,20230409,パナソニック,堺,20,21,*,*,ブロック成功,10,山内,2,2,3357,,,,,,,
409,20230409,パナソニック,堺,21,21,*,*,,,,2,2,3357,得点,,,,,,
410,20230409,パナソニック,堺,21,21,*,a,,,,0,2,3357,,IN:17,深津,OUT:14,山口,,
411,20230409,パナソニック,堺,21,21,*,*,サーブミス,1,清水,0,2,3357,,,,,,,
412,20230409,パナソニック,堺,21,22,a,a,,,,0,2,3357,得点,,,,,,
413,20230409,パナソニック,堺,21,22,a,a,サーブミス,13,バーノン,0,2,3357,,,,,,,
414,20230409,パナソニック,堺,22,22,*,*,,,,0,2,3357,得点,,,,,,
415,20230409,パナソニック,堺,22,22,*,*,サーブ,8,仲本,0,2,3357,,,,,,,
416,20230409,パナソニック,堺,22,22,*,a,レシーブ失敗,7,出耒田,1,2,3357,,,,,,,
417,20230409,パナソニック,堺,22,22,*,a,アタック,2,樋口,1,2,3357,,,,,,,
418,20230409,パナソニック,堺,22,22,*,a,アタック,2,樋口,2,2,3357,,,,,,,
419,20230409,パナソニック,堺,22,22,*,*,アタック,13,クビアク,3,2,3357,,,,,,,
420,20230409,パナソニック,堺,22,22,*,a,アタック,13,バーノン,4,2,3357,,,,,,,
421,20230409,パナソニック,堺,22,22,*,*,アタック,13,クビアク,5,2,3357,,,,,,,
422,20230409,パナソニック,堺,22,22,*,a,ブロック成功,2,樋口,6,2,3357,,,,,,,
423,20230409,パナソニック,堺,22,23,a,a,,,,6,2,3357,得点,,,,,,
424,20230409,パナソニック,堺,22,23,a,a,サーブミス,2,樋口,0,2,3357,,,,,,,
425,20230409,パナソニック,堺,23,23,*,*,,,,0,2,3357,得点,,,,,,
426,20230409,パナソニック,堺,23,23,*,*,サーブ,10,山内,0,2,3357,,,,,,,
427,20230409,パナソニック,堺,23,23,*,a,レシーブ成功(優),9,迫田,1,2,3357,,,,,,,
428,20230409,パナソニック,堺,23,23,*,a,アタック成功,2,樋口,1,2,3357,,,,,,,
429,20230409,パナソニック,堺,23,24,a,a,,,,1,2,3357,得点,,,,,,
430,20230409,パナソニック,堺,23,24,a,a,,,,0,2,3357,,IN:23,鵜野,OUT:7,出耒田,,
431,20230409,パナソニック,堺,23,24,a,a,サーブ,23,鵜野,0,2,3357,,,,,,,
432,20230409,パナソニック,堺,23,24,a,*,レシーブ成功(良),13,クビアク,1,2,3357,,,,,,,
433,20230409,パナソニック,堺,23,24,a,*,アタック成功,13,クビアク,1,2,3357,,,,,,,
434,20230409,パナソニック,堺,24,24,*,*,,,,1,2,3357,得点,,,,,,
435,20230409,パナソニック,堺,24,24,*,a,,,,0,2,3357,,IN:7,出耒田,OUT:23,鵜野,,
436,20230409,パナソニック,堺,24,24,*,*,サーブ,2,深津,0,2,3357,,,,,,,
437,20230409,パナソニック,堺,24,24,*,a,レシーブ失敗,2,樋口,1,2,3357,,,,,,,
438,20230409,パナソニック,堺,24,24,*,*,アタック成功,13,クビアク,1,2,3357,,,,,,,
439,20230409,パナソニック,堺,25,24,*,*,,,,1,2,3357,得点,,,,,,
440,20230409,パナソニック,堺,25,24,*,a,,,,0,2,3357,,,,,,タイムアウト,
441,20230409,パナソニック,堺,25,24,*,*,サーブ,2,深津,0,2,3357,,,,,,,
442,20230409,パナソニック,堺,25,24,*,a,レシーブ失敗,2,樋口,1,2,3357,,,,,,,
443,20230409,パナソニック,堺,25,24,*,a,アタック,13,バーノン,1,2,3357,,,,,,,
444,20230409,パナソニック,堺,25,24,*,*,アタック,13,クビアク,2,2,3357,,,,,,,
445,20230409,パナソニック,堺,25,24,*,a,アタック成功,9,迫田,3,2,3357,,,,,,,
446,20230409,パナソニック,堺,25,25,a,a,,,,3,2,3357,得点,,,,,,
447,20230409,パナソニック,堺,25,25,a,a,サーブ,17,深津,0,2,3357,,,,,,,
448,20230409,パナソニック,堺,25,25,a,*,レシーブ成功(優),16,伊賀,1,2,3357,,,,,,,
449,20230409,パナソニック,堺,25,25,a,*,アタック,23,エバデダン,1,2,3357,,,,,,,
450,20230409,パナソニック,堺,25,25,a,*,アタック成功,1,清水,2,2,3357,,,,,,,
451,20230409,パナソニック,堺,26,25,*,*,,,,2,2,3357,得点,,,,,,
452,20230409,パナソニック,堺,26,25,*,*,サーブ,13,クビアク,0,2,3357,,,,,,,
453,20230409,パナソニック,堺,26,25,*,a,レシーブ成功(優),20,山本,1,2,3357,,,,,,,
454,20230409,パナソニック,堺,26,25,*,a,アタック成功,13,バーノン,1,2,3357,,,,,,,
455,20230409,パナソニック,堺,26,26,a,a,,,,1,2,3357,得点,,,,,,
456,20230409,パナソニック,堺,26,26,a,a,サーブ,9,迫田,0,2,3357,,,,,,,
457,20230409,パナソニック,堺,26,26,a,*,レシーブ失敗,16,伊賀,1,2,3357,,,,,,,
458,20230409,パナソニック,堺,26,26,a,*,アタック,1,清水,1,2,3357,,,,,,,
459,20230409,パナソニック,堺,26,26,a,a,アタック,13,バーノン,2,2,3357,,,,,,,
460,20230409,パナソニック,堺,26,26,a,*,アタック,1,清水,3,2,3357,,,,,,,
461,20230409,パナソニック,堺,26,26,a,*,アタック成功,8,仲本,4,2,3357,,,,,,,
462,20230409,パナソニック,堺,26,26,a,a,,,,4,2,3357,,,,,,,チャレンジ失敗
463,20230409,パナソニック,堺,27,26,*,*,,,,4,2,3357,得点,,,,,,
464,20230409,パナソニック,堺,27,26,*,*,サーブ,23,エバデダン,0,2,3357,,,,,,,
465,20230409,パナソニック,堺,27,26,*,a,レシーブ失敗,9,迫田,1,2,3357,,,,,,,
466,20230409,パナソニック,堺,27,26,*,a,アタック失敗,13,バーノン,1,2,3357,,,,,,,
467,20230409,パナソニック,堺,28,26,*,*,,,,1,2,3357,得点,,,,,,
468,20230409,パナソニック,堺,0,0,*,*,サーブ,13,クビアク,0,3,3357,,,,,,,
469,20230409,パナソニック,堺,0,0,*,a,レシーブ成功(優),9,迫田,1,3,3357,,,,,,,
470,20230409,パナソニック,堺,0,0,*,a,アタック成功,2,樋口,1,3,3357,,,,,,,
471,20230409,パナソニック,堺,0,1,a,a,,,,1,3,3357,得点,,,,,,
472,20230409,パナソニック,堺,0,1,a,a,サーブ,9,迫田,0,3,3357,,,,,,,
473,20230409,パナソニック,堺,0,1,a,*,レシーブ失敗,8,仲本,1,3,3357,,,,,,,
474,20230409,パナソニック,堺,0,1,a,*,アタック,1,清水,1,3,3357,,,,,,,
475,20230409,パナソニック,堺,0,1,a,a,ブロック成功,1,松本,2,3,3357,,,,,,,
476,20230409,パナソニック,堺,0,2,a,a,,,,2,3,3357,得点,,,,,,
477,20230409,パナソニック,堺,0,2,a,a,サーブ,9,迫田,0,3,3357,,,,,,,
478,20230409,パナソニック,堺,0,2,a,*,レシーブ成功(優),13,クビアク,1,3,3357,,,,,,,
479,20230409,パナソニック,堺,0,2,a,*,アタック成功,23,エバデダン,1,3,3357,,,,,,,
480,20230409,パナソニック,堺,1,2,*,*,,,,1,3,3357,得点,,,,,,
481,20230409,パナソニック,堺,1,2,*,*,サーブ,23,エバデダン,0,3,3357,,,,,,,
482,20230409,パナソニック,堺,1,2,*,a,レシーブ成功(優),9,迫田,1,3,3357,,,,,,,
483,20230409,パナソニック,堺,1,2,*,a,アタック成功,2,樋口,1,3,3357,,,,,,,
484,20230409,パナソニック,堺,1,3,a,a,,,,1,3,3357,得点,,,,,,
485,20230409,パナソニック,堺,1,3,a,a,サーブ,1,松本,0,3,3357,,,,,,,
486,20230409,パナソニック,堺,1,3,a,*,レシーブ成功(優),10,山内,1,3,3357,,,,,,,
487,20230409,パナソニック,堺,1,3,a,*,アタック成功,10,山内,1,3,3357,,,,,,,
488,20230409,パナソニック,堺,2,3,*,*,,,,1,3,3357,得点,,,,,,
489,20230409,パナソニック,堺,2,3,*,*,サーブ,1,清水,0,3,3357,,,,,,,
490,20230409,パナソニック,堺,2,3,*,a,レシーブ失敗,2,樋口,1,3,3357,,,,,,,
491,20230409,パナソニック,堺,2,3,*,a,アタック,13,バーノン,1,3,3357,,,,,,,
492,20230409,パナソニック,堺,2,3,*,a,アタック,2,樋口,2,3,3357,,,,,,,
493,20230409,パナソニック,堺,2,3,*,a,アタック成功,7,出耒田,3,3,3357,,,,,,,
494,20230409,パナソニック,堺,2,4,a,a,,,,3,3,3357,得点,,,,,,
495,20230409,パナソニック,堺,2,4,a,a,サーブ,13,バーノン,0,3,3357,,,,,,,
496,20230409,パナソニック,堺,2,4,a,*,レシーブ成功(優),13,クビアク,1,3,3357,,,,,,,
497,20230409,パナソニック,堺,2,4,a,*,アタック成功,10,山内,1,3,3357,,,,,,,
498,20230409,パナソニック,堺,3,4,*,*,,,,1,3,3357,得点,,,,,,
499,20230409,パナソニック,堺,3,4,*,*,サーブ,8,仲本,0,3,3357,,,,,,,
500,20230409,パナソニック,堺,3,4,*,a,レシーブ成功(優),2,樋口,1,3,3357,,,,,,,
501,20230409,パナソニック,堺,3,4,*,a,アタック成功,7,出耒田,1,3,3357,,,,,,,
502,20230409,パナソニック,堺,3,5,a,a,,,,1,3,3357,得点,,,,,,
503,20230409,パナソニック,堺,3,5,a,a,サーブ,2,樋口,0,3,3357,,,,,,,
504,20230409,パナソニック,堺,3,5,a,*,レシーブ成功(優),13,クビアク,1,3,3357,,,,,,,
505,20230409,パナソニック,堺,3,5,a,*,アタック失敗,13,クビアク,1,3,3357,,,,,,,
506,20230409,パナソニック,堺,3,6,a,a,,,,1,3,3357,得点,,,,,,
507,20230409,パナソニック,堺,3,6,a,a,サーブミス,2,樋口,0,3,3357,,,,,,,
508,20230409,パナソニック,堺,4,6,*,*,,,,0,3,3357,得点,,,,,,
509,20230409,パナソニック,堺,4,6,*,*,サーブ,10,山内,0,3,3357,,,,,,,
510,20230409,パナソニック,堺,4,6,*,a,レシーブ成功(優),20,山本,1,3,3357,,,,,,,
511,20230409,パナソニック,堺,4,6,*,a,アタック成功,13,バーノン,1,3,3357,,,,,,,
512,20230409,パナソニック,堺,4,7,a,a,,,,1,3,3357,得点,,,,,,
513,20230409,パナソニック,堺,4,7,a,a,サーブ,7,出耒田,0,3,3357,,,,,,,
514,20230409,パナソニック,堺,4,7,a,*,レシーブ失敗,8,仲本,1,3,3357,,,,,,,
515,20230409,パナソニック,堺,4,7,a,*,アタック成功,13,クビアク,1,3,3357,,,,,,,
516,20230409,パナソニック,堺,5,7,*,*,,,,1,3,3357,得点,,,,,,
517,20230409,パナソニック,堺,5,7,*,*,サーブ,2,深津,0,3,3357,,,,,,,
518,20230409,パナソニック,堺,5,7,*,a,レシーブ失敗,2,樋口,1,3,3357,,,,,,,
519,20230409,パナソニック,堺,5,7,*,a,アタック成功,9,迫田,1,3,3357,,,,,,,
520,20230409,パナソニック,堺,5,8,a,a,,,,1,3,3357,得点,,,,,,
521,20230409,パナソニック,堺,5,8,a,a,サーブ,17,深津,0,3,3357,,,,,,,
522,20230409,パナソニック,堺,5,8,a,*,レシーブ失敗,13,クビアク,1,3,3357,,,,,,,
523,20230409,パナソニック,堺,5,8,a,*,アタック,1,清水,1,3,3357,,,,,,,
524,20230409,パナソニック,堺,5,8,a,a,アタック成功,2,樋口,2,3,3357,,,,,,,
525,20230409,パナソニック,堺,5,9,a,a,,,,2,3,3357,得点,,,,,,
526,20230409,パナソニック,堺,5,9,a,*,,,,0,3,3357,,,,,,タイムアウト,
527,20230409,パナソニック,堺,5,9,a,a,サーブ,17,深津,0,3,3357,,,,,,,
528,20230409,パナソニック,堺,5,9,a,*,レシーブ成功(優),13,クビアク,1,3,3357,,,,,,,
529,20230409,パナソニック,堺,5,9,a,*,アタック成功,13,クビアク,1,3,3357,,,,,,,
530,20230409,パナソニック,堺,6,9,*,*,,,,1,3,3357,得点,,,,,,
531,20230409,パナソニック,堺,6,9,*,*,サーブ,13,クビアク,0,3,3357,,,,,,,
532,20230409,パナソニック,堺,6,9,*,a,レシーブ成功(優),20,山本,1,3,3357,,,,,,,
533,20230409,パナソニック,堺,6,9,*,a,アタック,2,樋口,1,3,3357,,,,,,,
534,20230409,パナソニック,堺,6,9,*,*,アタック,8,仲本,2,3,3357,,,,,,,
535,20230409,パナソニック,堺,6,9,*,*,アタック成功,8,仲本,3,3,3357,,,,,,,
536,20230409,パナソニック,堺,7,9,*,*,,,,3,3,3357,得点,,,,,,
537,20230409,パナソニック,堺,7,9,*,*,サーブ,13,クビアク,0,3,3357,,,,,,,
538,20230409,パナソニック,堺,7,9,*,a,レシーブ成功(優),2,樋口,1,3,3357,,,,,,,
539,20230409,パナソニック,堺,7,9,*,a,アタック成功,13,バーノン,1,3,3357,,,,,,,
540,20230409,パナソニック,堺,7,10,a,a,,,,1,3,3357,得点,,,,,,
541,20230409,パナソニック,堺,7,10,a,a,サーブミス,9,迫田,0,3,3357,,,,,,,
542,20230409,パナソニック,堺,8,10,*,*,,,,0,3,3357,得点,,,,,,
543,20230409,パナソニック,堺,8,10,*,*,サーブ,23,エバデダン,0,3,3357,,,,,,,
544,20230409,パナソニック,堺,8,10,*,a,レシーブ失敗,2,樋口,1,3,3357,,,,,,,
545,20230409,パナソニック,堺,8,10,*,a,アタック,2,樋口,1,3,3357,,,,,,,
546,20230409,パナソニック,堺,8,10,*,*,アタック失敗,1,清水,2,3,3357,,,,,,,
547,20230409,パナソニック,堺,8,11,a,a,,,,2,3,3357,得点,,,,,,
548,20230409,パナソニック,堺,8,11,a,a,サーブ,1,松本,0,3,3357,,,,,,,
549,20230409,パナソニック,堺,8,11,a,*,レシーブ成功(優),8,仲本,1,3,3357,,,,,,,
550,20230409,パナソニック,堺,8,11,a,*,アタック,10,山内,1,3,3357,,,,,,,
551,20230409,パナソニック,堺,8,11,a,*,アタック,1,清水,2,3,3357,,,,,,,
552,20230409,パナソニック,堺,8,11,a,a,アタック成功,2,樋口,3,3,3357,,,,,,,
553,20230409,パナソニック,堺,8,12,a,a,,,,3,3,3357,得点,,,,,,
554,20230409,パナソニック,堺,8,12,a,a,,,,0,3,3357,,,,,,,
555,20230409,パナソニック,堺,8,12,a,a,サーブ,1,松本,0,3,3357,,,,,,,
556,20230409,パナソニック,堺,8,12,a,*,レシーブ成功(優),16,伊賀,1,3,3357,,,,,,,
557,20230409,パナソニック,堺,8,12,a,*,アタック成功,10,山内,1,3,3357,,,,,,,
558,20230409,パナソニック,堺,9,12,*,*,,,,1,3,3357,得点,,,,,,
559,20230409,パナソニック,堺,9,12,*,*,,,,0,3,3357,,IN:18,西山,OUT:2,深津,,
560,20230409,パナソニック,堺,9,12,*,*,サーブ,1,清水,0,3,3357,,,,,,,
561,20230409,パナソニック,堺,9,12,*,a,レシーブ成功(良),9,迫田,1,3,3357,,,,,,,
562,20230409,パナソニック,堺,9,12,*,a,アタック,7,出耒田,1,3,3357,,,,,,,
563,20230409,パナソニック,堺,9,12,*,a,アタック成功,13,バーノン,2,3,3357,,,,,,,
564,20230409,パナソニック,堺,9,13,a,a,,,,2,3,3357,得点,,,,,,
565,20230409,パナソニック,堺,9,13,a,*,,,,0,3,3357,,IN:20,新,OUT:1,清水,,
566,20230409,パナソニック,堺,9,13,a,a,サーブミス,13,バーノン,0,3,3357,,,,,,,
567,20230409,パナソニック,堺,10,13,*,*,,,,0,3,3357,得点,,,,,,
568,20230409,パナソニック,堺,10,13,*,*,サーブ,8,仲本,0,3,3357,,,,,,,
569,20230409,パナソニック,堺,10,13,*,a,レシーブ失敗,2,樋口,1,3,3357,,,,,,,
570,20230409,パナソニック,堺,10,13,*,a,アタック,13,バーノン,1,3,3357,,,,,,,
571,20230409,パナソニック,堺,10,13,*,*,アタック,13,クビアク,2,3,3357,,,,,,,
572,20230409,パナソニック,堺,10,13,*,a,ブロック成功,7,出耒田,3,3,3357,,,,,,,
573,20230409,パナソニック,堺,10,14,a,a,,,,3,3,3357,得点,,,,,,
574,20230409,パナソニック,堺,10,14,a,a,サービスエース,2,樋口,0,3,3357,,,,,,,
575,20230409,パナソニック,堺,10,14,a,*,レシーブ失敗,13,クビアク,0,3,3357,,,,,,,
576,20230409,パナソニック,堺,10,15,a,a,,,,0,3,3357,得点,,,,,,
577,20230409,パナソニック,堺,10,15,a,a,サーブミス,2,樋口,0,3,3357,,,,,,,
578,20230409,パナソニック,堺,11,15,*,*,,,,0,3,3357,得点,,,,,,
579,20230409,パナソニック,堺,11,15,*,*,サーブ,10,山内,0,3,3357,,,,,,,
580,20230409,パナソニック,堺,11,15,*,a,レシーブ失敗,9,迫田,1,3,3357,,,,,,,
581,20230409,パナソニック,堺,11,15,*,a,アタック,9,迫田,1,3,3357,,,,,,,
582,20230409,パナソニック,堺,11,15,*,a,アタック,9,迫田,2,3,3357,,,,,,,
583,20230409,パナソニック,堺,11,15,*,*,ブロック成功,18,西山,3,3,3357,,,,,,,
584,20230409,パナソニック,堺,12,15,*,*,,,,3,3,3357,得点,,,,,,
585,20230409,パナソニック,堺,12,15,*,*,サーブ,10,山内,0,3,3357,,,,,,,
586,20230409,パナソニック,堺,12,15,*,a,レシーブ成功(優),20,山本,1,3,3357,,,,,,,
587,20230409,パナソニック,堺,12,15,*,a,アタック成功,13,バーノン,1,3,3357,,,,,,,
588,20230409,パナソニック,堺,12,16,a,a,,,,1,3,3357,得点,,,,,,
589,20230409,パナソニック,堺,12,16,a,a,サーブミス,7,出耒田,0,3,3357,,,,,,,
590,20230409,パナソニック,堺,13,16,*,*,,,,0,3,3357,得点,,,,,,
591,20230409,パナソニック,堺,13,16,*,*,サーブミス,18,西山,0,3,3357,,,,,,,
592,20230409,パナソニック,堺,13,17,a,a,,,,0,3,3357,得点,,,,,,
593,20230409,パナソニック,堺,13,17,a,a,サーブ,17,深津,0,3,3357,,,,,,,
594,20230409,パナソニック,堺,13,17,a,*,レシーブ失敗,8,仲本,1,3,3357,,,,,,,
595,20230409,パナソニック,堺,13,17,a,*,アタック,18,西山,1,3,3357,,,,,,,
596,20230409,パナソニック,堺,13,17,a,a,アタック成功,13,バーノン,2,3,3357,,,,,,,
597,20230409,パナソニック,堺,13,18,a,a,,,,2,3,3357,得点,,,,,,
598,20230409,パナソニック,堺,13,18,a,*,,,,0,3,3357,,,,,,タイムアウト,
599,20230409,パナソニック,堺,13,18,a,a,サーブ,17,深津,0,3,3357,,,,,,,
600,20230409,パナソニック,堺,13,18,a,*,レシーブ成功(優),8,仲本,1,3,3357,,,,,,,
601,20230409,パナソニック,堺,13,18,a,*,アタック,23,エバデダン,1,3,3357,,,,,,,
602,20230409,パナソニック,堺,13,18,a,a,アタック成功,2,樋口,2,3,3357,,,,,,,
603,20230409,パナソニック,堺,13,19,a,a,,,,2,3,3357,得点,,,,,,
604,20230409,パナソニック,堺,13,19,a,*,,,,0,3,3357,,IN:1,清水,OUT:20,新,,
605,20230409,パナソニック,堺,13,19,a,*,,,,0,3,3357,,IN:2,深津,OUT:18,西山,,
606,20230409,パナソニック,堺,13,19,a,a,サーブ,17,深津,0,3,3357,,,,,,,
607,20230409,パナソニック,堺,13,19,a,*,レシーブ成功(優),1,清水,1,3,3357,,,,,,,
608,20230409,パナソニック,堺,13,19,a,*,アタック成功,23,エバデダン,1,3,3357,,,,,,,
609,20230409,パナソニック,堺,14,19,*,*,,,,1,3,3357,得点,,,,,,
610,20230409,パナソニック,堺,14,19,*,*,サーブ,13,クビアク,0,3,3357,,,,,,,
611,20230409,パナソニック,堺,14,19,*,a,レシーブ成功(優),9,迫田,1,3,3357,,,,,,,
612,20230409,パナソニック,堺,14,19,*,a,アタック成功,13,バーノン,1,3,3357,,,,,,,
613,20230409,パナソニック,堺,14,20,a,a,,,,1,3,3357,得点,,,,,,
614,20230409,パナソニック,堺,14,20,a,a,サーブ,9,迫田,0,3,3357,,,,,,,
615,20230409,パナソニック,堺,14,20,a,*,レシーブ成功(優),13,クビアク,1,3,3357,,,,,,,
616,20230409,パナソニック,堺,14,20,a,a,アタック成功,2,樋口,1,3,3357,,,,,,,
617,20230409,パナソニック,堺,14,21,a,a,,,,1,3,3357,得点,,,,,,
618,20230409,パナソニック,堺,14,21,a,*,,,,0,3,3357,,IN:5,渡辺,OUT:13,クビアク,,
619,20230409,パナソニック,堺,14,21,a,a,サーブミス,9,迫田,0,3,3357,,,,,,,
620,20230409,パナソニック,堺,15,21,*,*,,,,0,3,3357,得点,,,,,,
621,20230409,パナソニック,堺,15,21,*,*,サーブミス,23,エバデダン,0,3,3357,,,,,,,
622,20230409,パナソニック,堺,15,22,a,a,,,,0,3,3357,得点,,,,,,
623,20230409,パナソニック,堺,15,22,a,a,,,,0,3,3357,,IN:22,赤星,OUT:1,松本,,
624,20230409,パナソニック,堺,15,22,a,a,サーブミス,22,赤星,0,3,3357,,,,,,,
625,20230409,パナソニック,堺,16,22,*,*,,,,0,3,3357,得点,,,,,,
626,20230409,パナソニック,堺,16,22,*,a,,,,0,3,3357,,IN:1,松本,OUT:22,赤星,,
627,20230409,パナソニック,堺,16,22,*,*,サーブ,1,清水,0,3,3357,,,,,,,
628,20230409,パナソニック,堺,16,22,*,a,レシーブ成功(良),9,迫田,1,3,3357,,,,,,,
629,20230409,パナソニック,堺,16,22,*,a,アタック,2,樋口,1,3,3357,,,,,,,
630,20230409,パナソニック,堺,16,22,*,a,アタック,13,バーノン,2,3,3357,,,,,,,
631,20230409,パナソニック,堺,16,22,*,a,アタック失敗,9,迫田,3,3,3357,,,,,,,
632,20230409,パナソニック,堺,17,22,*,*,,,,3,3,3357,得点,,,,,,
633,20230409,パナソニック,堺,17,22,*,*,サーブ,1,清水,0,3,3357,,,,,,,
634,20230409,パナソニック,堺,17,22,*,a,レシーブ成功(優),2,樋口,1,3,3357,,,,,,,
635,20230409,パナソニック,堺,17,22,*,a,アタック成功,7,出耒田,1,3,3357,,,,,,,
636,20230409,パナソニック,堺,17,23,a,a,,,,1,3,3357,得点,,,,,,
637,20230409,パナソニック,堺,17,23,a,a,サーブミス,13,バーノン,0,3,3357,,,,,,,
638,20230409,パナソニック,堺,18,23,*,*,,,,0,3,3357,得点,,,,,,
639,20230409,パナソニック,堺,18,23,*,*,サーブ,8,仲本,0,3,3357,,,,,,,
640,20230409,パナソニック,堺,18,23,*,a,レシーブ成功(優),9,迫田,1,3,3357,,,,,,,
641,20230409,パナソニック,堺,18,23,*,a,アタック失敗,2,樋口,1,3,3357,,,,,,,
642,20230409,パナソニック,堺,19,23,*,*,,,,1,3,3357,得点,,,,,,
643,20230409,パナソニック,堺,19,23,*,*,サーブミス,8,仲本,0,3,3357,,,,,,,
644,20230409,パナソニック,堺,19,24,a,a,,,,0,3,3357,得点,,,,,,
645,20230409,パナソニック,堺,19,24,a,a,サーブ,2,樋口,0,3,3357,,,,,,,
646,20230409,パナソニック,堺,19,24,a,*,レシーブ成功(良),16,伊賀,1,3,3357,,,,,,,
647,20230409,パナソニック,堺,19,24,a,*,アタック成功,5,渡辺,1,3,3357,,,,,,,
648,20230409,パナソニック,堺,20,24,*,*,,,,1,3,3357,得点,,,,,,
649,20230409,パナソニック,堺,20,24,*,a,,,,0,3,3357,,IN:5,堀江,OUT:2,樋口,,
650,20230409,パナソニック,堺,20,24,*,*,サーブ,10,山内,0,3,3357,,,,,,,
651,20230409,パナソニック,堺,20,24,*,a,レシーブ成功(良),5,堀江,1,3,3357,,,,,,,
652,20230409,パナソニック,堺,20,24,*,a,アタック成功,13,バーノン,1,3,3357,,,,,,,
653,20230409,パナソニック,堺,20,25,a,a,,,,1,3,3357,得点,,,,,,
654,20230409,パナソニック,堺,0,0,*,a,サーブ,9,迫田,0,4,3357,,,,,,,
655,20230409,パナソニック,堺,0,0,*,*,レシーブ失敗,8,仲本,1,4,3357,,,,,,,
656,20230409,パナソニック,堺,0,0,*,*,アタック,1,清水,1,4,3357,,,,,,,
657,20230409,パナソニック,堺,0,0,*,*,アタック成功,1,清水,2,4,3357,,,,,,,
658,20230409,パナソニック,堺,1,0,*,*,,,,2,4,3357,得点,,,,,,
659,20230409,パナソニック,堺,1,0,*,*,サーブ,1,清水,0,4,3357,,,,,,,
660,20230409,パナソニック,堺,1,0,*,a,レシーブ失敗,9,迫田,1,4,3357,,,,,,,
661,20230409,パナソニック,堺,1,0,*,a,アタック成功,1,松本,1,4,3357,,,,,,,
662,20230409,パナソニック,堺,1,1,a,a,,,,1,4,3357,得点,,,,,,
663,20230409,パナソニック,堺,1,1,a,a,サーブ,1,松本,0,4,3357,,,,,,,
664,20230409,パナソニック,堺,1,1,a,*,レシーブ成功(優),8,仲本,1,4,3357,,,,,,,
665,20230409,パナソニック,堺,1,1,a,*,アタック,1,清水,1,4,3357,,,,,,,
666,20230409,パナソニック,堺,1,1,a,a,ブロック成功,2,樋口,2,4,3357,,,,,,,
667,20230409,パナソニック,堺,1,2,a,a,,,,2,4,3357,得点,,,,,,
668,20230409,パナソニック,堺,1,2,a,a,サーブ,1,松本,0,4,3357,,,,,,,
669,20230409,パナソニック,堺,1,2,a,*,レシーブ成功(優),8,仲本,1,4,3357,,,,,,,
670,20230409,パナソニック,堺,1,2,a,*,アタック成功,13,クビアク,1,4,3357,,,,,,,
671,20230409,パナソニック,堺,2,2,*,*,,,,1,4,3357,得点,,,,,,
672,20230409,パナソニック,堺,2,2,*,*,サーブ,8,仲本,0,4,3357,,,,,,,
673,20230409,パナソニック,堺,2,2,*,a,レシーブ成功(良),2,樋口,1,4,3357,,,,,,,
674,20230409,パナソニック,堺,2,2,*,a,アタック成功,7,出耒田,1,4,3357,,,,,,,
675,20230409,パナソニック,堺,2,3,a,a,,,,1,4,3357,得点,,,,,,
676,20230409,パナソニック,堺,2,3,a,a,サーブ,13,バーノン,0,4,3357,,,,,,,
677,20230409,パナソニック,堺,2,3,a,*,レシーブ成功(優),13,クビアク,1,4,3357,,,,,,,
678,20230409,パナソニック,堺,2,3,a,*,アタック,13,クビアク,1,4,3357,,,,,,,
679,20230409,パナソニック,堺,2,3,a,*,アタック,13,クビアク,2,4,3357,,,,,,,
680,20230409,パナソニック,堺,2,3,a,*,アタック成功,13,クビアク,3,4,3357,,,,,,,
681,20230409,パナソニック,堺,3,3,*,*,,,,3,4,3357,得点,,,,,,
682,20230409,パナソニック,堺,3,3,*,*,サーブ,10,山内,0,4,3357,,,,,,,
683,20230409,パナソニック,堺,3,3,*,a,レシーブ失敗,2,樋口,1,4,3357,,,,,,,
684,20230409,パナソニック,堺,3,3,*,a,アタック成功,13,バーノン,1,4,3357,,,,,,,
685,20230409,パナソニック,堺,3,4,a,a,,,,1,4,3357,得点,,,,,,
686,20230409,パナソニック,堺,3,4,a,a,サーブ,2,樋口,0,4,3357,,,,,,,
687,20230409,パナソニック,堺,3,4,a,*,レシーブ成功(良),16,伊賀,1,4,3357,,,,,,,
688,20230409,パナソニック,堺,3,4,a,*,アタック,13,クビアク,1,4,3357,,,,,,,
689,20230409,パナソニック,堺,3,4,a,*,アタック,1,清水,2,4,3357,,,,,,,
690,20230409,パナソニック,堺,3,4,a,a,アタック成功,9,迫田,3,4,3357,,,,,,,
691,20230409,パナソニック,堺,3,5,a,a,,,,3,4,3357,得点,,,,,,
692,20230409,パナソニック,堺,3,5,a,a,ノータッチエース,2,樋口,0,4,3357,,,,,,,
693,20230409,パナソニック,堺,3,6,a,a,,,,0,4,3357,得点,,,,,,
694,20230409,パナソニック,堺,3,6,a,a,サーブ,2,樋口,0,4,3357,,,,,,,
695,20230409,パナソニック,堺,3,6,a,*,レシーブ成功(優),16,伊賀,1,4,3357,,,,,,,
696,20230409,パナソニック,堺,3,6,a,*,アタック,1,清水,1,4,3357,,,,,,,
697,20230409,パナソニック,堺,3,6,a,a,ブロック成功,9,迫田,2,4,3357,,,,,,,
698,20230409,パナソニック,堺,3,7,a,a,,,,2,4,3357,得点,,,,,,
699,20230409,パナソニック,堺,3,7,a,*,,,,0,4,3357,,IN:18,西山,OUT:1,清水,,
700,20230409,パナソニック,堺,3,7,a,a,サーブミス,2,樋口,0,4,3357,,,,,,,
701,20230409,パナソニック,堺,4,7,*,*,,,,0,4,3357,得点,,,,,,
702,20230409,パナソニック,堺,4,7,*,*,サーブ,2,深津,0,4,3357,,,,,,,
703,20230409,パナソニック,堺,4,7,*,a,レシーブ失敗,2,樋口,1,4,3357,,,,,,,
704,20230409,パナソニック,堺,4,7,*,a,アタック成功,13,バーノン,1,4,3357,,,,,,,
705,20230409,パナソニック,堺,4,8,a,a,,,,1,4,3357,得点,,,,,,
706,20230409,パナソニック,堺,4,8,a,a,サーブ,7,出耒田,0,4,3357,,,,,,,
707,20230409,パナソニック,堺,4,8,a,*,レシーブ成功(優),16,伊賀,1,4,3357,,,,,,,
708,20230409,パナソニック,堺,4,8,a,*,アタック,23,エバデダン,1,4,3357,,,,,,,
709,20230409,パナソニック,堺,4,8,a,a,アタック,13,バーノン,2,4,3357,,,,,,,
710,20230409,パナソニック,堺,4,8,a,*,ブロック成功,18,西山,3,4,3357,,,,,,,
711,20230409,パナソニック,堺,5,8,*,*,,,,3,4,3357,得点,,,,,,
712,20230409,パナソニック,堺,5,8,*,*,サーブ,13,クビアク,0,4,3357,,,,,,,
713,20230409,パナソニック,堺,5,8,*,a,レシーブ失敗,2,樋口,1,4,3357,,,,,,,
714,20230409,パナソニック,堺,5,8,*,*,アタック成功,23,エバデダン,1,4,3357,,,,,,,
715,20230409,パナソニック,堺,6,8,*,*,,,,1,4,3357,得点,,,,,,
716,20230409,パナソニック,堺,6,8,*,*,サーブミス,13,クビアク,0,4,3357,,,,,,,
717,20230409,パナソニック,堺,6,9,a,a,,,,0,4,3357,得点,,,,,,
718,20230409,パナソニック,堺,6,9,a,a,サーブ,17,深津,0,4,3357,,,,,,,
719,20230409,パナソニック,堺,6,9,a,*,レシーブ失敗,13,クビアク,1,4,3357,,,,,,,
720,20230409,パナソニック,堺,6,9,a,*,アタック成功,8,仲本,1,4,3357,,,,,,,
721,20230409,パナソニック,堺,7,9,*,*,,,,1,4,3357,得点,,,,,,
722,20230409,パナソニック,堺,7,9,*,*,サーブ,23,エバデダン,0,4,3357,,,,,,,
723,20230409,パナソニック,堺,7,9,*,a,レシーブ成功(優),2,樋口,1,4,3357,,,,,,,
724,20230409,パナソニック,堺,7,9,*,a,アタック,1,松本,1,4,3357,,,,,,,
725,20230409,パナソニック,堺,7,9,*,*,アタック,8,仲本,2,4,3357,,,,,,,
726,20230409,パナソニック,堺,7,9,*,a,アタック,13,バーノン,3,4,3357,,,,,,,
727,20230409,パナソニック,堺,7,9,*,*,ブロック成功,18,西山,4,4,3357,,,,,,,
728,20230409,パナソニック,堺,8,9,*,*,,,,4,4,3357,得点,,,,,,
729,20230409,パナソニック,堺,8,9,*,*,サーブ,23,エバデダン,0,4,3357,,,,,,,
730,20230409,パナソニック,堺,8,9,*,a,レシーブ成功(優),2,樋口,1,4,3357,,,,,,,
731,20230409,パナソニック,堺,8,9,*,a,アタック成功,9,迫田,1,4,3357,,,,,,,
732,20230409,パナソニック,堺,8,10,a,a,,,,1,4,3357,得点,,,,,,
733,20230409,パナソニック,堺,8,10,a,a,サーブ,9,迫田,0,4,3357,,,,,,,
734,20230409,パナソニック,堺,8,10,a,*,レシーブ成功(優),13,クビアク,1,4,3357,,,,,,,
735,20230409,パナソニック,堺,8,10,a,*,アタック,10,山内,1,4,3357,,,,,,,
736,20230409,パナソニック,堺,8,10,a,*,アタック成功,18,西山,2,4,3357,,,,,,,
737,20230409,パナソニック,堺,9,10,*,*,,,,2,4,3357,得点,,,,,,
738,20230409,パナソニック,堺,9,10,*,*,サービスエース,18,西山,0,4,3357,,,,,,,
739,20230409,パナソニック,堺,9,10,*,a,レシーブ失敗,9,迫田,0,4,3357,,,,,,,
740,20230409,パナソニック,堺,10,10,*,*,,,,0,4,3357,得点,,,,,,
741,20230409,パナソニック,堺,10,10,*,*,サーブミス,18,西山,0,4,3357,,,,,,,
742,20230409,パナソニック,堺,10,11,a,a,,,,0,4,3357,得点,,,,,,
743,20230409,パナソニック,堺,10,11,a,a,サーブ,1,松本,0,4,3357,,,,,,,
744,20230409,パナソニック,堺,10,11,a,*,レシーブ失敗,8,仲本,1,4,3357,,,,,,,
745,20230409,パナソニック,堺,10,11,a,a,アタック成功,2,樋口,1,4,3357,,,,,,,
746,20230409,パナソニック,堺,10,12,a,a,,,,1,4,3357,得点,,,,,,
747,20230409,パナソニック,堺,10,12,a,a,,,,0,4,3357,,,,,,,
748,20230409,パナソニック,堺,10,12,a,a,サーブ,1,松本,0,4,3357,,,,,,,
749,20230409,パナソニック,堺,10,12,a,*,レシーブ成功(優),13,クビアク,1,4,3357,,,,,,,
750,20230409,パナソニック,堺,10,12,a,*,アタック,18,西山,1,4,3357,,,,,,,
751,20230409,パナソニック,堺,10,12,a,a,ブロック成功,2,樋口,2,4,3357,,,,,,,
752,20230409,パナソニック,堺,10,13,a,a,,,,2,4,3357,得点,,,,,,
753,20230409,パナソニック,堺,10,13,a,a,サーブ,1,松本,0,4,3357,,,,,,,
754,20230409,パナソニック,堺,10,13,a,*,レシーブ成功(優),13,クビアク,1,4,3357,,,,,,,
755,20230409,パナソニック,堺,10,13,a,*,アタック成功,10,山内,1,4,3357,,,,,,,
756,20230409,パナソニック,堺,11,13,*,*,,,,1,4,3357,得点,,,,,,
757,20230409,パナソニック,堺,11,13,*,*,サーブ,8,仲本,0,4,3357,,,,,,,
758,20230409,パナソニック,堺,11,13,*,a,レシーブ成功(優),2,樋口,1,4,3357,,,,,,,
759,20230409,パナソニック,堺,11,13,*,a,アタック成功,13,バーノン,1,4,3357,,,,,,,
760,20230409,パナソニック,堺,11,14,a,a,,,,1,4,3357,得点,,,,,,
761,20230409,パナソニック,堺,11,14,a,a,サーブ,13,バーノン,0,4,3357,,,,,,,
762,20230409,パナソニック,堺,11,14,a,*,レシーブ成功(優),16,伊賀,1,4,3357,,,,,,,
763,20230409,パナソニック,堺,11,14,a,*,アタック,18,西山,1,4,3357,,,,,,,
764,20230409,パナソニック,堺,11,14,a,a,アタック,2,樋口,2,4,3357,,,,,,,
765,20230409,パナソニック,堺,11,14,a,*,アタック,13,クビアク,3,4,3357,,,,,,,
766,20230409,パナソニック,堺,11,14,a,*,アタック,13,クビアク,4,4,3357,,,,,,,
767,20230409,パナソニック,堺,11,14,a,a,アタック失敗,2,樋口,5,4,3357,,,,,,,
768,20230409,パナソニック,堺,12,14,*,*,,,,5,4,3357,得点,,,,,,
769,20230409,パナソニック,堺,12,14,*,*,サーブ,10,山内,0,4,3357,,,,,,,
770,20230409,パナソニック,堺,12,14,*,a,レシーブ成功(優),9,迫田,1,4,3357,,,,,,,
771,20230409,パナソニック,堺,12,14,*,a,アタック,9,迫田,1,4,3357,,,,,,,
772,20230409,パナソニック,堺,12,14,*,*,アタック,18,西山,2,4,3357,,,,,,,
773,20230409,パナソニック,堺,12,14,*,a,ブロック成功,7,出耒田,3,4,3357,,,,,,,
774,20230409,パナソニック,堺,12,15,a,a,,,,3,4,3357,得点,,,,,,
775,20230409,パナソニック,堺,12,15,a,a,サーブ,2,樋口,0,4,3357,,,,,,,
776,20230409,パナソニック,堺,12,15,a,*,レシーブ成功(優),16,伊賀,1,4,3357,,,,,,,
777,20230409,パナソニック,堺,12,15,a,*,アタック,23,エバデダン,1,4,3357,,,,,,,
778,20230409,パナソニック,堺,12,15,a,a,アタック成功,13,バーノン,2,4,3357,,,,,,,
779,20230409,パナソニック,堺,12,16,a,a,,,,2,4,3357,得点,,,,,,
780,20230409,パナソニック,堺,12,16,a,*,,,,0,4,3357,,,,,,タイムアウト,
781,20230409,パナソニック,堺,12,16,a,a,サーブ,2,樋口,0,4,3357,,,,,,,
782,20230409,パナソニック,堺,12,16,a,*,レシーブ失敗,16,伊賀,1,4,3357,,,,,,,
783,20230409,パナソニック,堺,12,16,a,*,アタック,23,エバデダン,1,4,3357,,,,,,,
784,20230409,パナソニック,堺,12,16,a,*,その他ミス,13,クビアク,2,4,3357,,,,,,,
785,20230409,パナソニック,堺,12,17,a,a,,,,2,4,3357,得点,,,,,,
786,20230409,パナソニック,堺,12,17,a,a,サーブ,2,樋口,0,4,3357,,,,,,,
787,20230409,パナソニック,堺,12,17,a,*,レシーブ成功(優),16,伊賀,1,4,3357,,,,,,,
788,20230409,パナソニック,堺,12,17,a,*,アタック,13,クビアク,1,4,3357,,,,,,,
789,20230409,パナソニック,堺,12,17,a,*,アタック成功,23,エバデダン,2,4,3357,,,,,,,
790,20230409,パナソニック,堺,13,17,*,*,,,,2,4,3357,得点,,,,,,
791,20230409,パナソニック,堺,13,17,*,a,,,,0,4,3357,,IN:5,堀江,OUT:2,樋口,,
792,20230409,パナソニック,堺,13,17,*,*,サーブ,2,深津,0,4,3357,,,,,,,
793,20230409,パナソニック,堺,13,17,*,a,レシーブ失敗,5,堀江,1,4,3357,,,,,,,
794,20230409,パナソニック,堺,13,17,*,a,アタック成功,9,迫田,1,4,3357,,,,,,,
795,20230409,パナソニック,堺,13,18,a,a,,,,1,4,3357,得点,,,,,,
796,20230409,パナソニック,堺,13,18,a,a,サーブ,7,出耒田,0,4,3357,,,,,,,
797,20230409,パナソニック,堺,13,18,a,*,レシーブ成功(優),16,伊賀,1,4,3357,,,,,,,
798,20230409,パナソニック,堺,13,18,a,*,アタック,13,クビアク,1,4,3357,,,,,,,
799,20230409,パナソニック,堺,13,18,a,a,アタック失敗,9,迫田,2,4,3357,,,,,,,
800,20230409,パナソニック,堺,14,18,*,*,,,,2,4,3357,得点,,,,,,
801,20230409,パナソニック,堺,14,18,*,*,サーブ,13,クビアク,0,4,3357,,,,,,,
802,20230409,パナソニック,堺,14,18,*,a,レシーブ成功(優),20,山本,1,4,3357,,,,,,,
803,20230409,パナソニック,堺,14,18,*,a,アタック成功,1,松本,1,4,3357,,,,,,,
804,20230409,パナソニック,堺,14,19,a,a,,,,1,4,3357,得点,,,,,,
805,20230409,パナソニック,堺,14,19,a,a,サーブ,17,深津,0,4,3357,,,,,,,
806,20230409,パナソニック,堺,14,19,a,*,レシーブ成功(良),13,クビアク,1,4,3357,,,,,,,
807,20230409,パナソニック,堺,14,19,a,a,アタック成功,13,バーノン,1,4,3357,,,,,,,
808,20230409,パナソニック,堺,14,20,a,a,,,,1,4,3357,得点,,,,,,
809,20230409,パナソニック,堺,14,20,a,*,,,,0,4,3357,,,,,,タイムアウト,
810,20230409,パナソニック,堺,14,20,a,a,サーブ,17,深津,0,4,3357,,,,,,,
811,20230409,パナソニック,堺,14,20,a,*,レシーブ失敗,13,クビアク,1,4,3357,,,,,,,
812,20230409,パナソニック,堺,14,20,a,*,アタック成功,18,西山,1,4,3357,,,,,,,
813,20230409,パナソニック,堺,15,20,*,*,,,,1,4,3357,得点,,,,,,
814,20230409,パナソニック,堺,15,20,*,*,サーブ,23,エバデダン,0,4,3357,,,,,,,
815,20230409,パナソニック,堺,15,20,*,a,レシーブ失敗,9,迫田,1,4,3357,,,,,,,
816,20230409,パナソニック,堺,15,20,*,a,その他ミス,13,バーノン,1,4,3357,,,,,,,
817,20230409,パナソニック,堺,16,20,*,*,,,,1,4,3357,得点,,,,,,
818,20230409,パナソニック,堺,16,20,*,a,,,,0,4,3357,,,,,,タイムアウト,
819,20230409,パナソニック,堺,16,20,*,*,サーブ,23,エバデダン,0,4,3357,,,,,,,
820,20230409,パナソニック,堺,16,20,*,a,レシーブ成功(優),9,迫田,1,4,3357,,,,,,,
821,20230409,パナソニック,堺,16,20,*,a,アタック,9,迫田,1,4,3357,,,,,,,
822,20230409,パナソニック,堺,16,20,*,*,ブロック成功,10,山内,2,4,3357,,,,,,,
823,20230409,パナソニック,堺,17,20,*,*,,,,2,4,3357,得点,,,,,,
824,20230409,パナソニック,堺,17,20,*,*,サーブ,23,エバデダン,0,4,3357,,,,,,,
825,20230409,パナソニック,堺,17,20,*,a,レシーブ失敗,20,山本,1,4,3357,,,,,,,
826,20230409,パナソニック,堺,17,20,*,a,アタック,9,迫田,1,4,3357,,,,,,,
827,20230409,パナソニック,堺,17,20,*,a,アタック,13,バーノン,2,4,3357,,,,,,,
828,20230409,パナソニック,堺,17,20,*,*,ブロック成功,10,山内,3,4,3357,,,,,,,
829,20230409,パナソニック,堺,18,20,*,*,,,,3,4,3357,得点,,,,,,
830,20230409,パナソニック,堺,18,20,*,*,サーブ,23,エバデダン,0,4,3357,,,,,,,
831,20230409,パナソニック,堺,18,20,*,a,レシーブ成功(優),9,迫田,1,4,3357,,,,,,,
832,20230409,パナソニック,堺,18,20,*,a,アタック成功,1,松本,1,4,3357,,,,,,,
833,20230409,パナソニック,堺,18,21,a,a,,,,1,4,3357,得点,,,,,,
834,20230409,パナソニック,堺,18,21,a,a,,,,0,4,3357,,IN:2,樋口,OUT:5,堀江,,
835,20230409,パナソニック,堺,18,21,a,a,サーブ,9,迫田,0,4,3357,,,,,,,
836,20230409,パナソニック,堺,18,21,a,*,レシーブ失敗,13,クビアク,1,4,3357,,,,,,,
837,20230409,パナソニック,堺,18,21,a,*,アタック成功,18,西山,1,4,3357,,,,,,,
838,20230409,パナソニック,堺,19,21,*,*,,,,1,4,3357,得点,,,,,,
839,20230409,パナソニック,堺,19,21,*,*,サーブ,18,西山,0,4,3357,,,,,,,
840,20230409,パナソニック,堺,19,21,*,a,レシーブ成功(良),20,山本,1,4,3357,,,,,,,
841,20230409,パナソニック,堺,19,21,*,a,アタック,2,樋口,1,4,3357,,,,,,,
842,20230409,パナソニック,堺,19,21,*,a,アタック成功,13,バーノン,2,4,3357,,,,,,,
843,20230409,パナソニック,堺,19,22,a,a,,,,2,4,3357,得点,,,,,,
844,20230409,パナソニック,堺,19,22,a,a,,,,0,4,3357,,IN:22,赤星,OUT:1,松本,,
845,20230409,パナソニック,堺,19,22,a,a,サーブ,22,赤星,0,4,3357,,,,,,,
846,20230409,パナソニック,堺,19,22,a,*,レシーブ成功(良),8,仲本,1,4,3357,,,,,,,
847,20230409,パナソニック,堺,19,22,a,*,アタック成功,18,西山,1,4,3357,,,,,,,
848,20230409,パナソニック,堺,20,22,*,*,,,,1,4,3357,得点,,,,,,
849,20230409,パナソニック,堺,20,22,*,a,,,,0,4,3357,,IN:1,松本,OUT:22,赤星,,
850,20230409,パナソニック,堺,20,22,*,*,サーブ,8,仲本,0,4,3357,,,,,,,
851,20230409,パナソニック,堺,20,22,*,a,レシーブ失敗,2,樋口,1,4,3357,,,,,,,
852,20230409,パナソニック,堺,20,22,*,a,アタック,2,樋口,1,4,3357,,,,,,,
853,20230409,パナソニック,堺,20,22,*,*,アタック,13,クビアク,2,4,3357,,,,,,,
854,20230409,パナソニック,堺,20,22,*,a,アタック成功,13,バーノン,3,4,3357,,,,,,,
855,20230409,パナソニック,堺,20,23,a,a,,,,3,4,3357,得点,,,,,,
856,20230409,パナソニック,堺,20,23,a,a,サーブミス,13,バーノン,0,4,3357,,,,,,,
857,20230409,パナソニック,堺,21,23,*,*,,,,0,4,3357,得点,,,,,,
858,20230409,パナソニック,堺,21,23,*,*,サーブ,10,山内,0,4,3357,,,,,,,
859,20230409,パナソニック,堺,21,23,*,a,レシーブ失敗,7,出耒田,1,4,3357,,,,,,,
860,20230409,パナソニック,堺,21,23,*,a,アタック,2,樋口,1,4,3357,,,,,,,
861,20230409,パナソニック,堺,21,23,*,*,アタック成功,13,クビアク,2,4,3357,,,,,,,
862,20230409,パナソニック,堺,21,23,*,*,,,,2,4,3357,,,,,,,チャレンジ成功
863,20230409,パナソニック,堺,22,23,*,*,,,,2,4,3357,得点,,,,,,
864,20230409,パナソニック,堺,22,23,*,a,,,,0,4,3357,,,,,,タイムアウト,
865,20230409,パナソニック,堺,22,23,*,*,サーブ,10,山内,0,4,3357,,,,,,,
866,20230409,パナソニック,堺,22,23,*,a,レシーブ成功(優),2,樋口,1,4,3357,,,,,,,
867,20230409,パナソニック,堺,22,23,*,a,アタック成功,2,樋口,1,4,3357,,,,,,,
868,20230409,パナソニック,堺,22,24,a,a,,,,1,4,3357,得点,,,,,,
869,20230409,パナソニック,堺,22,24,a,a,,,,0,4,3357,,IN:21,竹元,OUT:17,深津,,
870,20230409,パナソニック,堺,22,24,a,a,サーブ,2,樋口,0,4,3357,,,,,,,
871,20230409,パナソニック,堺,22,24,a,*,レシーブ成功(優),8,仲本,1,4,3357,,,,,,,
872,20230409,パナソニック,堺,22,24,a,*,アタック成功,23,エバデダン,1,4,3357,,,,,,,
873,20230409,パナソニック,堺,23,24,*,*,,,,1,4,3357,得点,,,,,,
874,20230409,パナソニック,堺,23,24,*,a,,,,0,4,3357,,IN:17,深津,OUT:21,竹元,,
875,20230409,パナソニック,堺,23,24,*,*,サーブ,2,深津,0,4,3357,,,,,,,
876,20230409,パナソニック,堺,23,24,*,a,レシーブ成功(良),2,樋口,1,4,3357,,,,,,,
877,20230409,パナソニック,堺,23,24,*,a,アタック,13,バーノン,1,4,3357,,,,,,,
878,20230409,パナソニック,堺,23,24,*,*,アタック成功,18,西山,2,4,3357,,,,,,,
879,20230409,パナソニック,堺,24,24,*,*,,,,2,4,3357,得点,,,,,,
880,20230409,パナソニック,堺,24,24,*,*,サーブ,2,深津,0,4,3357,,,,,,,
881,20230409,パナソニック,堺,24,24,*,a,レシーブ成功(優),20,山本,1,4,3357,,,,,,,
882,20230409,パナソニック,堺,24,24,*,a,アタック成功,9,迫田,1,4,3357,,,,,,,
883,20230409,パナソニック,堺,24,25,a,a,,,,1,4,3357,得点,,,,,,
884,20230409,パナソニック,堺,24,25,a,a,サーブ,7,出耒田,0,4,3357,,,,,,,
885,20230409,パナソニック,堺,24,25,a,*,レシーブ成功(優),16,伊賀,1,4,3357,,,,,,,
886,20230409,パナソニック,堺,24,25,a,*,アタック成功,13,クビアク,1,4,3357,,,,,,,
887,20230409,パナソニック,堺,25,25,*,*,,,,1,4,3357,得点,,,,,,
888,20230409,パナソニック,堺,25,25,*,*,サーブ,13,クビアク,0,4,3357,,,,,,,
889,20230409,パナソニック,堺,25,25,*,a,レシーブ成功(良),9,迫田,1,4,3357,,,,,,,
890,20230409,パナソニック,堺,25,25,*,a,アタック成功,9,迫田,1,4,3357,,,,,,,
891,20230409,パナソニック,堺,25,26,a,a,,,,1,4,3357,得点,,,,,,
892,20230409,パナソニック,堺,25,26,a,a,サーブ,17,深津,0,4,3357,,,,,,,
893,20230409,パナソニック,堺,25,26,a,*,レシーブ失敗,13,クビアク,1,4,3357,,,,,,,
894,20230409,パナソニック,堺,25,26,a,*,アタック成功,8,仲本,1,4,3357,,,,,,,
895,20230409,パナソニック,堺,26,26,*,*,,,,1,4,3357,得点,,,,,,
896,20230409,パナソニック,堺,26,26,*,*,サーブ,23,エバデダン,0,4,3357,,,,,,,
897,20230409,パナソニック,堺,26,26,*,a,レシーブ成功(優),2,樋口,1,4,3357,,,,,,,
898,20230409,パナソニック,堺,26,26,*,a,アタック成功,13,バーノン,1,4,3357,,,,,,,
899,20230409,パナソニック,堺,26,27,a,a,,,,1,4,3357,得点,,,,,,
900,20230409,パナソニック,堺,26,27,a,a,サーブミス,9,迫田,0,4,3357,,,,,,,
901,20230409,パナソニック,堺,26,27,a,a,,,,0,4,3357,,,,,,,チャレンジ失敗
902,20230409,パナソニック,堺,27,27,*,*,,,,0,4,3357,得点,,,,,,
903,20230409,パナソニック,堺,27,27,*,*,ノータッチエース,18,西山,0,4,3357,,,,,,,
904,20230409,パナソニック,堺,28,27,*,*,,,,0,4,3357,得点,,,,,,
905,20230409,パナソニック,堺,28,27,*,*,サーブミス,18,西山,0,4,3357,,,,,,,
906,20230409,パナソニック,堺,28,28,a,a,,,,0,4,3357,得点,,,,,,
907,20230409,パナソニック,堺,28,28,a,a,サーブ,1,松本,0,4,3357,,,,,,,
908,20230409,パナソニック,堺,28,28,a,*,レシーブ成功(優),8,仲本,1,4,3357,,,,,,,
909,20230409,パナソニック,堺,28,28,a,*,アタック成功,18,西山,1,4,3357,,,,,,,
910,20230409,パナソニック,堺,29,28,*,*,,,,1,4,3357,得点,,,,,,
911,20230409,パナソニック,堺,29,28,*,*,サーブ,8,仲本,0,4,3357,,,,,,,
912,20230409,パナソニック,堺,29,28,*,a,レシーブ成功(優),2,樋口,1,4,3357,,,,,,,
913,20230409,パナソニック,堺,29,28,*,a,アタック成功,2,樋口,1,4,3357,,,,,,,
914,20230409,パナソニック,堺,29,29,a,a,,,,1,4,3357,得点,,,,,,
915,20230409,パナソニック,堺,29,29,a,a,サーブ,13,バーノン,0,4,3357,,,,,,,
916,20230409,パナソニック,堺,29,29,a,*,レシーブ成功(優),8,仲本,1,4,3357,,,,,,,
917,20230409,パナソニック,堺,29,29,a,*,アタック,10,山内,1,4,3357,,,,,,,
918,20230409,パナソニック,堺,29,29,a,*,アタック,10,山内,2,4,3357,,,,,,,
919,20230409,パナソニック,堺,29,29,a,a,アタック,2,樋口,3,4,3357,,,,,,,
920,20230409,パナソニック,堺,29,29,a,*,アタック,13,クビアク,4,4,3357,,,,,,,
921,20230409,パナソニック,堺,29,29,a,a,アタック,2,樋口,5,4,3357,,,,,,,
922,20230409,パナソニック,堺,29,29,a,*,アタック,13,クビアク,6,4,3357,,,,,,,
923,20230409,パナソニック,堺,29,29,a,a,アタック成功,13,バーノン,7,4,3357,,,,,,,
924,20230409,パナソニック,堺,29,30,a,a,,,,7,4,3357,得点,,,,,,
925,20230409,パナソニック,堺,29,30,a,a,サーブミス,13,バーノン,0,4,3357,,,,,,,
926,20230409,パナソニック,堺,30,30,*,*,,,,0,4,3357,得点,,,,,,
927,20230409,パナソニック,堺,30,30,*,*,,,,0,4,3357,,IN:19,西川,OUT:2,深津,,
928,20230409,パナソニック,堺,30,30,*,*,サーブ,10,山内,0,4,3357,,,,,,,
929,20230409,パナソニック,堺,30,30,*,a,レシーブ成功(優),2,樋口,1,4,3357,,,,,,,
930,20230409,パナソニック,堺,30,30,*,a,アタック失敗,7,出耒田,1,4,3357,,,,,,,
931,20230409,パナソニック,堺,31,30,*,*,,,,1,4,3357,得点,,,,,,
932,20230409,パナソニック,堺,31,30,*,*,サーブ,10,山内,0,4,3357,,,,,,,
933,20230409,パナソニック,堺,31,30,*,a,レシーブ成功(優),2,樋口,1,4,3357,,,,,,,
934,20230409,パナソニック,堺,31,30,*,a,アタック失敗,13,バーノン,1,4,3357,,,,,,,
935,20230409,パナソニック,堺,32,30,*,*,,,,1,4,3357,得点,,,,,,
